2026-06-10 21:18:58.401 [warning] Shell integration failed to add capabilities within 10 seconds []
2026-06-10 21:20:52.957 [warning] Shell integration failed to add capabilities within 10 seconds []
2026-06-10 21:21:12.027 [info] RunInTerminalTool: Command rewritten by OGe: Prepended with a space to exclude from shell history []
2026-06-10 21:21:12.085 [info] RunInTerminalTool#CommandLineAutoApproveAnalyzer: Parsed sub-commands via bash grammar [["date +%Y%m%dT%H%M%S","ls -A \"$ext_dir\"","mv \"$ext_dir\" \"$HOME/.vscode/extensions.backup.$timestamp\"","mkdir -p \"$ext_dir\"","echo \"Moved extensions to ~/.vscode/extensions.backup.$timestamp\"","echo \"No extensions to move or directory empty\"","mkdir -p \"$HOME/.vscode/extensions\"","cat","ls -la \"$HOME/.vscode\""]]
2026-06-10 21:21:12.086 [info] RunInTerminalTool#CommandLineAutoApproveAnalyzer: All sub-commands NOT auto-approved [null]
2026-06-10 21:21:12.086 [info] RunInTerminalTool#CommandLineAutoApproveAnalyzer: Command line NOT auto-approved [null]
2026-06-10 21:21:12.086 [info] RunInTerminalTool#CommandLineAutoApproveAnalyzer: - Command 'date +%Y%m%dT%H%M%S' is approved by allow list rule: date [null]
2026-06-10 21:21:12.086 [info] RunInTerminalTool#CommandLineAutoApproveAnalyzer: - Command 'ls -A "$ext_dir"' is approved by allow list rule: ls [null]
2026-06-10 21:21:12.086 [info] RunInTerminalTool#CommandLineAutoApproveAnalyzer: - Command 'mv "$ext_dir" "$HOME/.vscode/extensions.backup.$timestamp"' has no matching auto approve entries [null]
2026-06-10 21:21:12.087 [info] RunInTerminalTool#CommandLineAutoApproveAnalyzer: - Command 'mkdir -p "$ext_dir"' has no matching auto approve entries [null]
2026-06-10 21:21:12.087 [info] RunInTerminalTool#CommandLineAutoApproveAnalyzer: - Command 'echo "Moved extensions to ~/.vscode/extensions.backup.$timestamp"' is approved by allow list rule: echo [null]
2026-06-10 21:21:12.087 [info] RunInTerminalTool#CommandLineAutoApproveAnalyzer: - Command 'echo "No extensions to move or directory empty"' is approved by allow list rule: echo [null]
2026-06-10 21:21:12.087 [info] RunInTerminalTool#CommandLineAutoApproveAnalyzer: - Command 'mkdir -p "$HOME/.vscode/extensions"' has no matching auto approve entries [null]
2026-06-10 21:21:12.087 [info] RunInTerminalTool#CommandLineAutoApproveAnalyzer: - Command 'cat' is approved by allow list rule: cat [null]
2026-06-10 21:21:12.087 [info] RunInTerminalTool#CommandLineAutoApproveAnalyzer: - Command 'ls -la "$HOME/.vscode"' is approved by allow list rule: ls [null]
2026-06-10 21:21:12.087 [info] RunInTerminalTool#CommandLineAutoApproveAnalyzer: - Command line 'timestamp=$(date +%Y%m%dT%H%M%S)
ext_dir="$HOME/.vscode/extensions"
if [ -d "$ext_dir" ] && [ "$(ls -A "$ext_dir")" ]; then mv "$ext_dir" "$HOME/.vscode/extensions.backup.$timestamp" && mkdir -p "$ext_dir" && echo "Moved extensions to ~/.vscode/extensions.backup.$timestamp"; else echo "No extensions to move or directory empty"; fi
# ensure minimal extensions.json exists
if [ ! -f "$HOME/.vscode/extensions/extensions.json" ]; then mkdir -p "$HOME/.vscode/extensions" && cat > "$HOME/.vscode/extensions/extensions.json" <<'JSON'
{
  "recommendations": [],
  "unwantedRecommendations": []
}
JSON
fi
ls -la "$HOME/.vscode"' has no matching auto approve entries [null]
2026-06-10 21:21:12.093 [info] RunInTerminalTool#CommandLineFileWriteAnalyzer: Detected cwd ["file:///Users/francisblack/Downloads/Fedex"]
2026-06-10 21:21:12.093 [info] RunInTerminalTool#CommandLineFileWriteAnalyzer: File writes detected [["file:///Users/francisblack/Downloads/Fedex/%24HOME/.vscode/extensions/extensions.json"]]
2026-06-10 21:21:12.093 [info] RunInTerminalTool#CommandLineFileWriteAnalyzer: File write blocked due to likely containing a variable, sub-command, or tilde expansion ["file:///Users/francisblack/Downloads/Fedex/%24HOME/.vscode/extensions/extensions.json"]
2026-06-10 21:21:14.197 [info] ToolTerminalCreator#createTerminal: Waiting 4999ms for shell integration []
2026-06-10 21:21:14.197 [info] ToolTerminalCreator#_waitForShellIntegration: base 4999ms, effective 4999ms, screenReaderOptimized=false []
2026-06-10 21:21:14.531 [info] ToolTerminalCreator#_waitForShellIntegration: Rich SI available eventually []
2026-06-10 21:21:14.532 [info] ToolTerminalCreator#_waitForShellIntegration: Promise complete, disposing store []
2026-06-10 21:21:14.533 [info] ToolTerminalCreator#createTerminal: Waiting up to 2s for PromptInputModel state to change []
2026-06-10 21:21:14.547 [info] RunInTerminalTool: Using `rich` execute strategy for command ` timestamp=$(date +%Y%m%dT%H%M%S)
ext_dir="$HOME/.vscode/extensions"
if [ -d "$ext_dir" ] && [ "$(ls -A "$ext_dir")" ]; then mv "$ext_dir" "$HOME/.vscode/extensions.backup.$timestamp" && mkdir -p "$ext_dir" && echo "Moved extensions to ~/.vscode/extensions.backup.$timestamp"; else echo "No extensions to move or directory empty"; fi
# ensure minimal extensions.json exists
if [ ! -f "$HOME/.vscode/extensions/extensions.json" ]; then mkdir -p "$HOME/.vscode/extensions" && cat > "$HOME/.vscode/extensions/extensions.json" <<'JSON'
{
  "recommendations": [],
  "unwantedRecommendations": []
}
JSON
fi
ls -la "$HOME/.vscode"` []
2026-06-10 21:21:14.836 [info] trackIdleOnPrompt: State Initial → Executing (sequence C) []
2026-06-10 21:21:14.900 [info] trackIdleOnPrompt: State Executing → PromptAfterExecuting (sequence A after executing) []
2026-06-10 21:21:16.342 [info] trackIdleOnPrompt: Idle scheduler fired, completing (dataEvents=9) []
2026-06-10 21:21:19.247 [info] RunInTerminalTool: Finished `rich` execute strategy with exitCode `undefined`, result.length `1251`, error `undefined` []
2026-06-10 21:21:19.248 [info] RunInTerminalTool: shellIntegrationQuality=rich at banner decision time []
2026-06-10 21:21:25.995 [info] RunInTerminalTool: Command rewritten by OGe: Prepended with a space to exclude from shell history []
2026-06-10 21:21:26.009 [info] RunInTerminalTool#CommandLineAutoApproveAnalyzer: Parsed sub-commands via bash grammar [["date +%Y%m%dT%H%M%S","mkdir -p \"$backup\"","mv \"$d\" \"$backup/\"","true","rm -f \"$HOME/Library/Application Support/Code/argv.json.lock\"","true","pkill -f \"node\"","true","pkill -f \"npm\"","true","pkill -f \"yarn\"","true","pkill -f \"vite\"","true","pkill -f \"next\"","true","echo \"Moved caches to: $backup\"","du -sh \"$backup\"","true"]]
2026-06-10 21:21:26.009 [info] RunInTerminalTool#CommandLineAutoApproveAnalyzer: Sub-command DENIED auto approval [null]
2026-06-10 21:21:26.009 [info] RunInTerminalTool#CommandLineAutoApproveAnalyzer: - Command 'date +%Y%m%dT%H%M%S' is approved by allow list rule: date [null]
2026-06-10 21:21:26.009 [info] RunInTerminalTool#CommandLineAutoApproveAnalyzer: - Command 'mkdir -p "$backup"' has no matching auto approve entries [null]
2026-06-10 21:21:26.009 [info] RunInTerminalTool#CommandLineAutoApproveAnalyzer: - Command 'mv "$d" "$backup/"' has no matching auto approve entries [null]
2026-06-10 21:21:26.009 [info] RunInTerminalTool#CommandLineAutoApproveAnalyzer: - Command 'true' has no matching auto approve entries [null]
2026-06-10 21:21:26.010 [info] RunInTerminalTool#CommandLineAutoApproveAnalyzer: - Command 'rm -f "$HOME/Library/Application Support/Code/argv.json.lock"' is denied by deny list rule: rm [null]
2026-06-10 21:21:26.010 [info] RunInTerminalTool#CommandLineAutoApproveAnalyzer: - Command 'true' has no matching auto approve entries [null]
2026-06-10 21:21:26.010 [info] RunInTerminalTool#CommandLineAutoApproveAnalyzer: - Command 'pkill -f "node"' has no matching auto approve entries [null]
2026-06-10 21:21:26.010 [info] RunInTerminalTool#CommandLineAutoApproveAnalyzer: - Command 'true' has no matching auto approve entries [null]
2026-06-10 21:21:26.010 [info] RunInTerminalTool#CommandLineAutoApproveAnalyzer: - Command 'pkill -f "npm"' has no matching auto approve entries [null]
2026-06-10 21:21:26.010 [info] RunInTerminalTool#CommandLineAutoApproveAnalyzer: - Command 'true' has no matching auto approve entries [null]
2026-06-10 21:21:26.010 [info] RunInTerminalTool#CommandLineAutoApproveAnalyzer: - Command 'pkill -f "yarn"' has no matching auto approve entries [null]
2026-06-10 21:21:26.010 [info] RunInTerminalTool#CommandLineAutoApproveAnalyzer: - Command 'true' has no matching auto approve entries [null]
2026-06-10 21:21:26.010 [info] RunInTerminalTool#CommandLineAutoApproveAnalyzer: - Command 'pkill -f "vite"' has no matching auto approve entries [null]
2026-06-10 21:21:26.010 [info] RunInTerminalTool#CommandLineAutoApproveAnalyzer: - Command 'true' has no matching auto approve entries [null]
2026-06-10 21:21:26.010 [info] RunInTerminalTool#CommandLineAutoApproveAnalyzer: - Command 'pkill -f "next"' has no matching auto approve entries [null]
2026-06-10 21:21:26.010 [info] RunInTerminalTool#CommandLineAutoApproveAnalyzer: - Command 'true' has no matching auto approve entries [null]
2026-06-10 21:21:26.010 [info] RunInTerminalTool#CommandLineAutoApproveAnalyzer: - Command 'echo "Moved caches to: $backup"' is approved by allow list rule: echo [null]
2026-06-10 21:21:26.010 [info] RunInTerminalTool#CommandLineAutoApproveAnalyzer: - Command 'du -sh "$backup"' is approved by allow list rule: du [null]
2026-06-10 21:21:26.010 [info] RunInTerminalTool#CommandLineAutoApproveAnalyzer: - Command 'true' has no matching auto approve entries [null]
2026-06-10 21:21:26.010 [info] RunInTerminalTool#CommandLineAutoApproveAnalyzer: - Command line 'timestamp=$(date +%Y%m%dT%H%M%S)
backup="$HOME/Desktop/vscode-cleanup-$timestamp"
mkdir -p "$backup"
# Move heavy app caches if present
for d in "${HOME}/Library/Application Support/Code/CachedData" "${HOME}/Library/Application Support/Code/Cache" "${HOME}/Library/Application Support/Code/CachedStorage" "${HOME}/Library/Application Support/Code/GPUCache" "${HOME}/Library/Application Support/Code/workspaceStorage"; do
  if [ -d "$d" ]; then mv "$d" "$backup/" || true; fi
done
# Remove lock files
rm -f "$HOME/Library/Application Support/Code/argv.json.lock" || true
# Stop common node watcher/dev processes quickly
pkill -f "node" || true
pkill -f "npm" || true
pkill -f "yarn" || true
pkill -f "vite" || true
pkill -f "next" || true
# Report backup contents
echo "Moved caches to: $backup"
du -sh "$backup" || true
' has no matching auto approve entries [null]
2026-06-10 21:21:26.014 [info] RunInTerminalTool#CommandLineFileWriteAnalyzer: File writes detected [[]]
2026-06-10 21:21:27.956 [info] RunInTerminalTool: Using `rich` execute strategy for command ` timestamp=$(date +%Y%m%dT%H%M%S)
backup="$HOME/Desktop/vscode-cleanup-$timestamp"
mkdir -p "$backup"
# Move heavy app caches if present
for d in "${HOME}/Library/Application Support/Code/CachedData" "${HOME}/Library/Application Support/Code/Cache" "${HOME}/Library/Application Support/Code/CachedStorage" "${HOME}/Library/Application Support/Code/GPUCache" "${HOME}/Library/Application Support/Code/workspaceStorage"; do
  if [ -d "$d" ]; then mv "$d" "$backup/" || true; fi
done
# Remove lock files
rm -f "$HOME/Library/Application Support/Code/argv.json.lock" || true
# Stop common node watcher/dev processes quickly
pkill -f "node" || true
pkill -f "npm" || true
pkill -f "yarn" || true
pkill -f "vite" || true
pkill -f "next" || true
# Report backup contents
echo "Moved caches to: $backup"
du -sh "$backup" || true
` []
2026-06-10 21:21:28.331 [info] trackIdleOnPrompt: State Initial → Executing (sequence C) []
2026-06-10 21:21:29.268 [warning] Shell integration failed to add capabilities within 10 seconds []
2026-06-10 21:21:54.325 [warning] Shell integration failed to add capabilities within 10 seconds []
2026-06-10 21:21:54.326 [warning] Shell integration failed to add capabilities within 10 seconds []
2026-06-10 21:22:59.809 [warning] Shell integration failed to add capabilities within 10 seconds []
2026-06-10 21:23:30.697 [info] Latency measurements for local backend
window<->ptyhost (message port): 0.20ms
window<->ptyhostservice<->ptyhost: 0.80ms
ptyhostservice<->ptyhost: 0.29ms []
2026-06-10 21:23:30.697 [info] Latency measurements for local backend
window<->ptyhost (message port): 0.30ms
window<->ptyhostservice<->ptyhost: 1.00ms
ptyhostservice<->ptyhost: 0.34ms []
2026-06-10 21:23:30.697 [info] Latency measurements for local backend
window<->ptyhost (message port): 0.20ms
window<->ptyhostservice<->ptyhost: 1.20ms
ptyhostservice<->ptyhost: 0.38ms []
2026-06-10 21:23:30.697 [info] Latency measurements for local backend
window<->ptyhost (message port): 0.40ms
window<->ptyhostservice<->ptyhost: 1.20ms
ptyhostservice<->ptyhost: 0.37ms []
2026-06-10 21:23:30.697 [info] Latency measurements for local backend
window<->ptyhost (message port): 0.50ms
window<->ptyhostservice<->ptyhost: 1.20ms
ptyhostservice<->ptyhost: 0.37ms []
2026-06-10 21:23:30.697 [info] Latency measurements for local backend
window<->ptyhost (message port): 0.60ms
window<->ptyhostservice<->ptyhost: 1.20ms
ptyhostservice<->ptyhost: 0.35ms []
2026-06-10 21:23:30.697 [info] Latency measurements for local backend
window<->ptyhost (message port): 0.70ms
window<->ptyhostservice<->ptyhost: 1.20ms
ptyhostservice<->ptyhost: 0.26ms []
2026-06-10 21:23:30.697 [info] Latency measurements for local backend
window<->ptyhost (message port): 0.70ms
window<->ptyhostservice<->ptyhost: 1.20ms
ptyhostservice<->ptyhost: 0.24ms []
2026-06-10 21:23:30.697 [info] Latency measurements for local backend
window<->ptyhost (message port): 0.70ms
window<->ptyhostservice<->ptyhost: 1.20ms
ptyhostservice<->ptyhost: 0.18ms []
2026-06-10 21:23:40.399 [warning] Shell integration failed to add capabilities within 10 seconds []
2026-06-10 21:25:46.837 [info] RunInTerminalTool: Command rewritten by OGe: Prepended with a space to exclude from shell history []
2026-06-10 21:25:46.911 [info] RunInTerminalTool#CommandLineAutoApproveAnalyzer: Parsed sub-commands via bash grammar [["date +%Y%m%dT%H%M%S","mkdir -p \"$backup\"","echo \"$backup\"","du -sh wifi_database.json best_posts_cache.json best_posts_cache.json.bak.* top_liked_cache.json top_liked_cache.json.bak.* master_*","true"]]
2026-06-10 21:25:46.912 [info] RunInTerminalTool#CommandLineAutoApproveAnalyzer: All sub-commands NOT auto-approved [null]
2026-06-10 21:25:46.912 [info] RunInTerminalTool#CommandLineAutoApproveAnalyzer: Command line NOT auto-approved [null]
2026-06-10 21:25:46.913 [info] RunInTerminalTool#CommandLineAutoApproveAnalyzer: - Command 'date +%Y%m%dT%H%M%S' is approved by allow list rule: date [null]
2026-06-10 21:25:46.913 [info] RunInTerminalTool#CommandLineAutoApproveAnalyzer: - Command 'mkdir -p "$backup"' has no matching auto approve entries [null]
2026-06-10 21:25:46.913 [info] RunInTerminalTool#CommandLineAutoApproveAnalyzer: - Command 'echo "$backup"' is approved by allow list rule: echo [null]
2026-06-10 21:25:46.913 [info] RunInTerminalTool#CommandLineAutoApproveAnalyzer: - Command 'du -sh wifi_database.json best_posts_cache.json best_posts_cache.json.bak.* top_liked_cache.json top_liked_cache.json.bak.* master_*' is approved by allow list rule: du [null]
2026-06-10 21:25:46.913 [info] RunInTerminalTool#CommandLineAutoApproveAnalyzer: - Command 'true' has no matching auto approve entries [null]
2026-06-10 21:25:46.913 [info] RunInTerminalTool#CommandLineAutoApproveAnalyzer: - Command line 'timestamp=$(date +%Y%m%dT%H%M%S) && backup="$HOME/Desktop/fedex-large-backup-$timestamp" && mkdir -p "$backup" && echo "$backup" && du -sh wifi_database.json best_posts_cache.json best_posts_cache.json.bak.* top_liked_cache.json top_liked_cache.json.bak.* master_* 2>/dev/null || true' has no matching auto approve entries [null]
2026-06-10 21:25:46.919 [info] RunInTerminalTool#CommandLineFileWriteAnalyzer: Detected cwd ["file:///Users/francisblack/Downloads/Fedex"]
2026-06-10 21:25:46.919 [info] RunInTerminalTool#CommandLineFileWriteAnalyzer: File writes detected [["Symbol(null device)"]]
2026-06-10 21:25:46.919 [info] RunInTerminalTool#CommandLineFileWriteAnalyzer: File write to null device allowed [null]
2026-06-10 21:25:52.938 [info] ToolTerminalCreator#createTerminal: Waiting 4999ms for shell integration []
2026-06-10 21:25:52.938 [info] ToolTerminalCreator#_waitForShellIntegration: base 4999ms, effective 4999ms, screenReaderOptimized=false []
2026-06-10 21:25:53.051 [info] ToolTerminalCreator#_waitForShellIntegration: Rich SI available eventually []
2026-06-10 21:25:53.052 [info] ToolTerminalCreator#_waitForShellIntegration: Promise complete, disposing store []
2026-06-10 21:25:53.053 [info] ToolTerminalCreator#createTerminal: Waiting up to 2s for PromptInputModel state to change []
2026-06-10 21:25:53.076 [info] RunInTerminalTool: Using `rich` execute strategy for command ` timestamp=$(date +%Y%m%dT%H%M%S) && backup="$HOME/Desktop/fedex-large-backup-$timestamp" && mkdir -p "$backup" && echo "$backup" && du -sh wifi_database.json best_posts_cache.json best_posts_cache.json.bak.* top_liked_cache.json top_liked_cache.json.bak.* master_* 2>/dev/null || true` []
2026-06-10 21:25:53.212 [info] trackIdleOnPrompt: State Initial → Executing (sequence C) []
2026-06-10 21:25:53.239 [info] trackIdleOnPrompt: State Executing → PromptAfterExecuting (sequence A after executing) []
2026-06-10 21:25:54.240 [info] trackIdleOnPrompt: Idle scheduler fired, completing (dataEvents=8) []
2026-06-10 21:25:54.253 [info] RunInTerminalTool: Finished `rich` execute strategy with exitCode `undefined`, result.length `139`, error `undefined` []
2026-06-10 21:25:54.254 [info] RunInTerminalTool: shellIntegrationQuality=rich at banner decision time []
2026-06-10 21:25:57.696 [info] RunInTerminalTool: Command rewritten by OGe: Prepended with a space to exclude from shell history []
2026-06-10 21:25:57.707 [info] RunInTerminalTool#CommandLineAutoApproveAnalyzer: Parsed sub-commands via bash grammar [["echo Backup:$backup","find . -maxdepth 2 -type f -name '*.json' -printf '%s %p\\n'","sort -nr","head -n 40","awk '{printf \"%10s %s\\n\", $1, $2}'"]]
2026-06-10 21:25:57.707 [info] RunInTerminalTool#CommandLineAutoApproveAnalyzer: All sub-commands NOT auto-approved [null]
2026-06-10 21:25:57.707 [info] RunInTerminalTool#CommandLineAutoApproveAnalyzer: Command line NOT auto-approved [null]
2026-06-10 21:25:57.707 [info] RunInTerminalTool#CommandLineAutoApproveAnalyzer: - Command 'echo Backup:$backup' is approved by allow list rule: echo [null]
2026-06-10 21:25:57.707 [info] RunInTerminalTool#CommandLineAutoApproveAnalyzer: - Command 'find . -maxdepth 2 -type f -name '*.json' -printf '%s %p\n'' is approved by allow list rule: find [null]
2026-06-10 21:25:57.707 [info] RunInTerminalTool#CommandLineAutoApproveAnalyzer: - Command 'sort -nr' is approved by allow list rule: sort [null]
2026-06-10 21:25:57.707 [info] RunInTerminalTool#CommandLineAutoApproveAnalyzer: - Command 'head -n 40' is approved by allow list rule: head [null]
2026-06-10 21:25:57.707 [info] RunInTerminalTool#CommandLineAutoApproveAnalyzer: - Command 'awk '{printf "%10s %s\n", $1, $2}'' has no matching auto approve entries [null]
2026-06-10 21:25:57.707 [info] RunInTerminalTool#CommandLineAutoApproveAnalyzer: - Command line 'echo Backup:$backup; find . -maxdepth 2 -type f -name '*.json' -printf '%s %p\n' | sort -nr | head -n 40 | awk '{printf "%10s %s\n", $1, $2}'' has no matching auto approve entries [null]
2026-06-10 21:25:57.711 [info] RunInTerminalTool#CommandLineFileWriteAnalyzer: File writes detected [[]]
2026-06-10 21:25:59.209 [info] RunInTerminalTool: Using `rich` execute strategy for command ` echo Backup:$backup; find . -maxdepth 2 -type f -name '*.json' -printf '%s %p\n' | sort -nr | head -n 40 | awk '{printf "%10s %s\n", $1, $2}'` []
2026-06-10 21:25:59.295 [info] trackIdleOnPrompt: State Initial → Executing (sequence C) []
2026-06-10 21:25:59.320 [info] trackIdleOnPrompt: State Executing → PromptAfterExecuting (sequence A after executing) []
2026-06-10 21:26:00.321 [info] trackIdleOnPrompt: Idle scheduler fired, completing (dataEvents=8) []
2026-06-10 21:26:00.322 [info] RunInTerminalTool: Finished `rich` execute strategy with exitCode `undefined`, result.length `157`, error `undefined` []
2026-06-10 21:26:00.322 [info] RunInTerminalTool: shellIntegrationQuality=rich at banner decision time []
2026-06-10 21:26:02.269 [info] RunInTerminalTool: Command rewritten by OGe: Prepended with a space to exclude from shell history []
2026-06-10 21:26:02.279 [info] RunInTerminalTool#CommandLineAutoApproveAnalyzer: Parsed sub-commands via bash grammar [["echo Backup:$backup","du -sh \"$f\"","sort -hr"]]
2026-06-10 21:26:02.279 [info] RunInTerminalTool#CommandLineAutoApproveAnalyzer: All sub-commands auto-approved [null]
2026-06-10 21:26:02.280 [info] RunInTerminalTool#CommandLineAutoApproveAnalyzer: - Command 'echo Backup:$backup' is approved by allow list rule: echo [null]
2026-06-10 21:26:02.280 [info] RunInTerminalTool#CommandLineAutoApproveAnalyzer: - Command 'du -sh "$f"' is approved by allow list rule: du [null]
2026-06-10 21:26:02.280 [info] RunInTerminalTool#CommandLineAutoApproveAnalyzer: - Command 'sort -hr' is approved by allow list rule: sort [null]
2026-06-10 21:26:02.280 [info] RunInTerminalTool#CommandLineAutoApproveAnalyzer: - Command line 'echo Backup:$backup; for f in *.json data/*.json data/samples/*.json *.json.bak.*; do if [ -f "$f" ]; then du -sh "$f"; fi; done | sort -hr' has no matching auto approve entries [null]
2026-06-10 21:26:02.284 [info] RunInTerminalTool#CommandLineFileWriteAnalyzer: File writes detected [[]]
2026-06-10 21:26:03.083 [info] RunInTerminalTool: Using `rich` execute strategy for command ` echo Backup:$backup; for f in *.json data/*.json data/samples/*.json *.json.bak.*; do if [ -f "$f" ]; then du -sh "$f"; fi; done | sort -hr` []
2026-06-10 21:26:03.175 [info] trackIdleOnPrompt: State Initial → Executing (sequence C) []
2026-06-10 21:26:03.195 [info] trackIdleOnPrompt: State Executing → PromptAfterExecuting (sequence A after executing) []
2026-06-10 21:26:04.197 [info] trackIdleOnPrompt: Idle scheduler fired, completing (dataEvents=7) []
2026-06-10 21:26:04.197 [info] RunInTerminalTool: Finished `rich` execute strategy with exitCode `undefined`, result.length `149`, error `undefined` []
2026-06-10 21:26:04.197 [info] RunInTerminalTool: shellIntegrationQuality=rich at banner decision time []
2026-06-10 21:26:07.491 [info] RunInTerminalTool: Command rewritten by OGe: Prepended with a space to exclude from shell history []
2026-06-10 21:26:07.501 [info] RunInTerminalTool#CommandLineAutoApproveAnalyzer: Parsed sub-commands via bash grammar [["du -sh wifi_database.json","true","du -sh best_posts_cache.json","true","du -sh top_liked_cache.json","true","du -sh best_posts_cache.json.bak.*","true","du -sh top_liked_cache.json.bak.*","true","ls -lhd data/samples","true"]]
2026-06-10 21:26:07.501 [info] RunInTerminalTool#CommandLineAutoApproveAnalyzer: All sub-commands NOT auto-approved [null]
2026-06-10 21:26:07.502 [info] RunInTerminalTool#CommandLineAutoApproveAnalyzer: Command line NOT auto-approved [null]
2026-06-10 21:26:07.502 [info] RunInTerminalTool#CommandLineAutoApproveAnalyzer: - Command 'du -sh wifi_database.json' is approved by allow list rule: du [null]
2026-06-10 21:26:07.502 [info] RunInTerminalTool#CommandLineAutoApproveAnalyzer: - Command 'true' has no matching auto approve entries [null]
2026-06-10 21:26:07.502 [info] RunInTerminalTool#CommandLineAutoApproveAnalyzer: - Command 'du -sh best_posts_cache.json' is approved by allow list rule: du [null]
2026-06-10 21:26:07.502 [info] RunInTerminalTool#CommandLineAutoApproveAnalyzer: - Command 'true' has no matching auto approve entries [null]
2026-06-10 21:26:07.502 [info] RunInTerminalTool#CommandLineAutoApproveAnalyzer: - Command 'du -sh top_liked_cache.json' is approved by allow list rule: du [null]
2026-06-10 21:26:07.502 [info] RunInTerminalTool#CommandLineAutoApproveAnalyzer: - Command 'true' has no matching auto approve entries [null]
2026-06-10 21:26:07.503 [info] RunInTerminalTool#CommandLineAutoApproveAnalyzer: - Command 'du -sh best_posts_cache.json.bak.*' is approved by allow list rule: du [null]
2026-06-10 21:26:07.503 [info] RunInTerminalTool#CommandLineAutoApproveAnalyzer: - Command 'true' has no matching auto approve entries [null]
2026-06-10 21:26:07.503 [info] RunInTerminalTool#CommandLineAutoApproveAnalyzer: - Command 'du -sh top_liked_cache.json.bak.*' is approved by allow list rule: du [null]
2026-06-10 21:26:07.503 [info] RunInTerminalTool#CommandLineAutoApproveAnalyzer: - Command 'true' has no matching auto approve entries [null]
2026-06-10 21:26:07.503 [info] RunInTerminalTool#CommandLineAutoApproveAnalyzer: - Command 'ls -lhd data/samples' is approved by allow list rule: ls [null]
2026-06-10 21:26:07.503 [info] RunInTerminalTool#CommandLineAutoApproveAnalyzer: - Command 'true' has no matching auto approve entries [null]
2026-06-10 21:26:07.503 [info] RunInTerminalTool#CommandLineAutoApproveAnalyzer: - Command line 'du -sh wifi_database.json || true; du -sh best_posts_cache.json || true; du -sh top_liked_cache.json || true; du -sh best_posts_cache.json.bak.* 2>/dev/null || true; du -sh top_liked_cache.json.bak.* 2>/dev/null || true; ls -lhd data/samples || true' has no matching auto approve entries [null]
2026-06-10 21:26:07.505 [info] RunInTerminalTool#CommandLineFileWriteAnalyzer: Detected cwd ["file:///Users/francisblack/Downloads/Fedex"]
2026-06-10 21:26:07.506 [info] RunInTerminalTool#CommandLineFileWriteAnalyzer: File writes detected [["Symbol(null device)","Symbol(null device)"]]
2026-06-10 21:26:07.506 [info] RunInTerminalTool#CommandLineFileWriteAnalyzer: File write to null device allowed [null]
2026-06-10 21:26:07.506 [info] RunInTerminalTool#CommandLineFileWriteAnalyzer: File write to null device allowed [null]
2026-06-10 21:26:08.184 [info] RunInTerminalTool: Using `rich` execute strategy for command ` du -sh wifi_database.json || true; du -sh best_posts_cache.json || true; du -sh top_liked_cache.json || true; du -sh best_posts_cache.json.bak.* 2>/dev/null || true; du -sh top_liked_cache.json.bak.* 2>/dev/null || true; ls -lhd data/samples || true` []
2026-06-10 21:26:08.314 [info] trackIdleOnPrompt: State Initial → Executing (sequence C) []
2026-06-10 21:26:08.355 [info] trackIdleOnPrompt: State Executing → PromptAfterExecuting (sequence A after executing) []
2026-06-10 21:26:09.356 [info] trackIdleOnPrompt: Idle scheduler fired, completing (dataEvents=10) []
2026-06-10 21:26:09.357 [info] RunInTerminalTool: Finished `rich` execute strategy with exitCode `undefined`, result.length `692`, error `undefined` []
2026-06-10 21:26:09.357 [info] RunInTerminalTool: shellIntegrationQuality=rich at banner decision time []
2026-06-10 21:26:20.929 [info] RunInTerminalTool: Command rewritten by OGe: Prepended with a space to exclude from shell history []
2026-06-10 21:26:20.940 [info] RunInTerminalTool#CommandLineAutoApproveAnalyzer: Parsed sub-commands via bash grammar [["du -sh *","sort -hr","head -n 30"]]
2026-06-10 21:26:20.940 [info] RunInTerminalTool#CommandLineAutoApproveAnalyzer: All sub-commands auto-approved [null]
2026-06-10 21:26:20.940 [info] RunInTerminalTool#CommandLineAutoApproveAnalyzer: - Command 'du -sh *' is approved by allow list rule: du [null]
2026-06-10 21:26:20.941 [info] RunInTerminalTool#CommandLineAutoApproveAnalyzer: - Command 'sort -hr' is approved by allow list rule: sort [null]
2026-06-10 21:26:20.941 [info] RunInTerminalTool#CommandLineAutoApproveAnalyzer: - Command 'head -n 30' is approved by allow list rule: head [null]
2026-06-10 21:26:20.941 [info] RunInTerminalTool#CommandLineAutoApproveAnalyzer: - Command line 'du -sh * 2>/dev/null | sort -hr | head -n 30' has no matching auto approve entries [null]
2026-06-10 21:26:20.944 [info] RunInTerminalTool#CommandLineFileWriteAnalyzer: Detected cwd ["file:///Users/francisblack/Downloads/Fedex"]
2026-06-10 21:26:20.944 [info] RunInTerminalTool#CommandLineFileWriteAnalyzer: File writes detected [["Symbol(null device)"]]
2026-06-10 21:26:20.944 [info] RunInTerminalTool#CommandLineFileWriteAnalyzer: File write to null device allowed [null]
2026-06-10 21:26:22.129 [info] RunInTerminalTool: Using `rich` execute strategy for command ` du -sh * 2>/dev/null | sort -hr | head -n 30` []
2026-06-10 21:26:22.180 [info] trackIdleOnPrompt: State Initial → Executing (sequence C) []
2026-06-10 21:26:22.423 [info] trackIdleOnPrompt: State Executing → PromptAfterExecuting (sequence A after executing) []
2026-06-10 21:26:24.874 [info] trackIdleOnPrompt: Idle scheduler fired, completing (dataEvents=8) []
2026-06-10 21:26:24.874 [info] RunInTerminalTool: Finished `rich` execute strategy with exitCode `undefined`, result.length `935`, error `undefined` []
2026-06-10 21:26:24.875 [info] RunInTerminalTool: shellIntegrationQuality=rich at banner decision time []
2026-06-10 21:26:41.780 [info] Latency measurements for local backend
window<->ptyhost (message port): 0.20ms
window<->ptyhostservice<->ptyhost: 3.40ms
ptyhostservice<->ptyhost: 0.44ms []
2026-06-10 21:26:41.783 [info] Latency measurements for local backend
window<->ptyhost (message port): 0.10ms
window<->ptyhostservice<->ptyhost: 3.60ms
ptyhostservice<->ptyhost: 0.40ms []
2026-06-10 21:26:41.783 [info] Latency measurements for local backend
window<->ptyhost (message port): 0.10ms
window<->ptyhostservice<->ptyhost: 3.50ms
ptyhostservice<->ptyhost: 0.38ms []
2026-06-10 21:26:41.783 [info] Latency measurements for local backend
window<->ptyhost (message port): 0.10ms
window<->ptyhostservice<->ptyhost: 3.50ms
ptyhostservice<->ptyhost: 0.37ms []
2026-06-10 21:26:41.783 [info] Latency measurements for local backend
window<->ptyhost (message port): 0.10ms
window<->ptyhostservice<->ptyhost: 3.50ms
ptyhostservice<->ptyhost: 0.35ms []
2026-06-10 21:26:41.784 [info] Latency measurements for local backend
window<->ptyhost (message port): 0.10ms
window<->ptyhostservice<->ptyhost: 3.40ms
ptyhostservice<->ptyhost: 0.34ms []
2026-06-10 21:26:41.784 [info] Latency measurements for local backend
window<->ptyhost (message port): 0.10ms
window<->ptyhostservice<->ptyhost: 3.40ms
ptyhostservice<->ptyhost: 0.32ms []
2026-06-10 21:26:41.784 [info] Latency measurements for local backend
window<->ptyhost (message port): 0.00ms
window<->ptyhostservice<->ptyhost: 3.50ms
ptyhostservice<->ptyhost: 0.31ms []
2026-06-10 21:26:41.784 [info] Latency measurements for local backend
window<->ptyhost (message port): 0.00ms
window<->ptyhostservice<->ptyhost: 3.50ms
ptyhostservice<->ptyhost: 0.30ms []
2026-06-10 21:26:41.784 [info] Latency measurements for local backend
window<->ptyhost (message port): 0.00ms
window<->ptyhostservice<->ptyhost: 3.40ms
ptyhostservice<->ptyhost: 0.28ms []
2026-06-10 21:27:00.087 [info] RunInTerminalTool: Command rewritten by OGe: Prepended with a space to exclude from shell history []
2026-06-10 21:27:00.126 [info] RunInTerminalTool#CommandLineAutoApproveAnalyzer: Parsed sub-commands via bash grammar [["date +%Y%m%dT%H%M%S","mkdir -p \"$backup\"","echo \"Backup dir: $backup\"","find . -maxdepth 2 -type f -size +50M -print","true","echo \"Large files found:\"","cat /tmp/fedex_large_files.txt","xargs -a /tmp/fedex_large_files.txt -I{} mv \"{}\" \"$backup\"","true","echo \"No files >50MB found; will attempt known DB filenames.\"","mv \"$f\" \"$backup\"","echo \"Moved $f\"","find data -type f -size +50M -print","true","echo \"Large files in data/:\"","cat /tmp/fedex_data_large.txt","xargs -a /tmp/fedex_data_large.txt -I{} mv \"{}\" \"$backup\"","true","echo \"Backup contents:\"","ls -lah \"$backup\"","true","echo \"Backup size:\"","du -sh \"$backup\"","true"]]
2026-06-10 21:27:00.127 [info] RunInTerminalTool#CommandLineAutoApproveAnalyzer: Sub-command DENIED auto approval [null]
2026-06-10 21:27:00.127 [info] RunInTerminalTool#CommandLineAutoApproveAnalyzer: - Command 'date +%Y%m%dT%H%M%S' is approved by allow list rule: date [null]
2026-06-10 21:27:00.127 [info] RunInTerminalTool#CommandLineAutoApproveAnalyzer: - Command 'mkdir -p "$backup"' has no matching auto approve entries [null]
2026-06-10 21:27:00.127 [info] RunInTerminalTool#CommandLineAutoApproveAnalyzer: - Command 'echo "Backup dir: $backup"' is approved by allow list rule: echo [null]
2026-06-10 21:27:00.127 [info] RunInTerminalTool#CommandLineAutoApproveAnalyzer: - Command 'find . -maxdepth 2 -type f -size +50M -print' is approved by allow list rule: find [null]
2026-06-10 21:27:00.127 [info] RunInTerminalTool#CommandLineAutoApproveAnalyzer: - Command 'true' has no matching auto approve entries [null]
2026-06-10 21:27:00.127 [info] RunInTerminalTool#CommandLineAutoApproveAnalyzer: - Command 'echo "Large files found:"' is approved by allow list rule: echo [null]
2026-06-10 21:27:00.127 [info] RunInTerminalTool#CommandLineAutoApproveAnalyzer: - Command 'cat /tmp/fedex_large_files.txt' is approved by allow list rule: cat [null]
2026-06-10 21:27:00.127 [info] RunInTerminalTool#CommandLineAutoApproveAnalyzer: - Command 'xargs -a /tmp/fedex_large_files.txt -I{} mv "{}" "$backup"' is denied by deny list rule: xargs [null]
2026-06-10 21:27:00.127 [info] RunInTerminalTool#CommandLineAutoApproveAnalyzer: - Command 'true' has no matching auto approve entries [null]
2026-06-10 21:27:00.127 [info] RunInTerminalTool#CommandLineAutoApproveAnalyzer: - Command 'echo "No files >50MB found; will attempt known DB filenames."' is approved by allow list rule: echo [null]
2026-06-10 21:27:00.127 [info] RunInTerminalTool#CommandLineAutoApproveAnalyzer: - Command 'mv "$f" "$backup"' has no matching auto approve entries [null]
2026-06-10 21:27:00.127 [info] RunInTerminalTool#CommandLineAutoApproveAnalyzer: - Command 'echo "Moved $f"' is approved by allow list rule: echo [null]
2026-06-10 21:27:00.127 [info] RunInTerminalTool#CommandLineAutoApproveAnalyzer: - Command 'find data -type f -size +50M -print' is approved by allow list rule: find [null]
2026-06-10 21:27:00.128 [info] RunInTerminalTool#CommandLineAutoApproveAnalyzer: - Command 'true' has no matching auto approve entries [null]
2026-06-10 21:27:00.128 [info] RunInTerminalTool#CommandLineAutoApproveAnalyzer: - Command 'echo "Large files in data/:"' is approved by allow list rule: echo [null]
2026-06-10 21:27:00.128 [info] RunInTerminalTool#CommandLineAutoApproveAnalyzer: - Command 'cat /tmp/fedex_data_large.txt' is approved by allow list rule: cat [null]
2026-06-10 21:27:00.128 [info] RunInTerminalTool#CommandLineAutoApproveAnalyzer: - Command 'xargs -a /tmp/fedex_data_large.txt -I{} mv "{}" "$backup"' is denied by deny list rule: xargs [null]
2026-06-10 21:27:00.128 [info] RunInTerminalTool#CommandLineAutoApproveAnalyzer: - Command 'true' has no matching auto approve entries [null]
2026-06-10 21:27:00.128 [info] RunInTerminalTool#CommandLineAutoApproveAnalyzer: - Command 'echo "Backup contents:"' is approved by allow list rule: echo [null]
2026-06-10 21:27:00.128 [info] RunInTerminalTool#CommandLineAutoApproveAnalyzer: - Command 'ls -lah "$backup"' is approved by allow list rule: ls [null]
2026-06-10 21:27:00.128 [info] RunInTerminalTool#CommandLineAutoApproveAnalyzer: - Command 'true' has no matching auto approve entries [null]
2026-06-10 21:27:00.128 [info] RunInTerminalTool#CommandLineAutoApproveAnalyzer: - Command 'echo "Backup size:"' is approved by allow list rule: echo [null]
2026-06-10 21:27:00.128 [info] RunInTerminalTool#CommandLineAutoApproveAnalyzer: - Command 'du -sh "$backup"' is approved by allow list rule: du [null]
2026-06-10 21:27:00.128 [info] RunInTerminalTool#CommandLineAutoApproveAnalyzer: - Command 'true' has no matching auto approve entries [null]
2026-06-10 21:27:00.128 [info] RunInTerminalTool#CommandLineAutoApproveAnalyzer: - Command line 'timestamp=$(date +%Y%m%dT%H%M%S) && backup="$HOME/Desktop/fedex-db-backup-$timestamp" && mkdir -p "$backup" && echo "Backup dir: $backup" && 
# Find large files >50MB in repo root and first-level subdirs
find . -maxdepth 2 -type f -size +50M -print > /tmp/fedex_large_files.txt || true; 
if [ -s /tmp/fedex_large_files.txt ]; then 
  echo "Large files found:"; cat /tmp/fedex_large_files.txt; 
  xargs -a /tmp/fedex_large_files.txt -I{} mv "{}" "$backup" 2>/dev/null || true; 
else 
  echo "No files >50MB found; will attempt known DB filenames."; 
  for f in master_pois_database.json master_locations_database.json wifi_database.json mega_master_locations_manifest.json ultra_master_pois_manifest.json; do 
    if [ -f "$f" ]; then mv "$f" "$backup" && echo "Moved $f"; fi; 
  done; 
fi; 
# Also check 'data' folder for large jsons but avoid moving samples
if [ -d data ]; then find data -type f -size +50M -print > /tmp/fedex_data_large.txt || true; if [ -s /tmp/fedex_data_large.txt ]; then echo "Large files in data/:"; cat /tmp/fedex_data_large.txt; xargs -a /tmp/fedex_data_large.txt -I{} mv "{}" "$backup" 2>/dev/null || true; fi; fi; 
# Final listing
echo "Backup contents:"; ls -lah "$backup" || true; 
# show size summary
echo "Backup size:"; du -sh "$backup" || true;' has no matching auto approve entries [null]
2026-06-10 21:27:00.132 [info] RunInTerminalTool#CommandLineFileWriteAnalyzer: Detected cwd ["file:///Users/francisblack/Downloads/Fedex"]
2026-06-10 21:27:00.132 [info] RunInTerminalTool#CommandLineFileWriteAnalyzer: File writes detected [["file:///tmp/fedex_large_files.txt","Symbol(null device)","file:///tmp/fedex_data_large.txt","Symbol(null device)"]]
2026-06-10 21:27:00.132 [info] RunInTerminalTool#CommandLineFileWriteAnalyzer: File write blocked outside workspace ["file:///tmp/fedex_large_files.txt"]
2026-06-10 21:27:02.736 [info] ToolTerminalCreator#createTerminal: Waiting 4999ms for shell integration []
2026-06-10 21:27:02.736 [info] ToolTerminalCreator#_waitForShellIntegration: base 4999ms, effective 4999ms, screenReaderOptimized=false []
2026-06-10 21:27:02.849 [info] ToolTerminalCreator#_waitForShellIntegration: Rich SI available eventually []
2026-06-10 21:27:02.849 [info] ToolTerminalCreator#_waitForShellIntegration: Promise complete, disposing store []
2026-06-10 21:27:02.850 [info] ToolTerminalCreator#createTerminal: Waiting up to 2s for PromptInputModel state to change []
2026-06-10 21:27:02.870 [info] RunInTerminalTool: Using `rich` execute strategy for command ` timestamp=$(date +%Y%m%dT%H%M%S) && backup="$HOME/Desktop/fedex-db-backup-$timestamp" && mkdir -p "$backup" && echo "Backup dir: $backup" && 
# Find large files >50MB in repo root and first-level subdirs
find . -maxdepth 2 -type f -size +50M -print > /tmp/fedex_large_files.txt || true; 
if [ -s /tmp/fedex_large_files.txt ]; then 
  echo "Large files found:"; cat /tmp/fedex_large_files.txt; 
  xargs -a /tmp/fedex_large_files.txt -I{} mv "{}" "$backup" 2>/dev/null || true; 
else 
  echo "No files >50MB found; will attempt known DB filenames."; 
  for f in master_pois_database.json master_locations_database.json wifi_database.json mega_master_locations_manifest.json ultra_master_pois_manifest.json; do 
    if [ -f "$f" ]; then mv "$f" "$backup" && echo "Moved $f"; fi; 
  done; 
fi; 
# Also check 'data' folder for large jsons but avoid moving samples
if [ -d data ]; then find data -type f -size +50M -print > /tmp/fedex_data_large.txt || true; if [ -s /tmp/fedex_data_large.txt ]; then echo "Large files in data/:"; cat /tmp/fedex_data_large.txt; xargs -a /tmp/fedex_data_large.txt -I{} mv "{}" "$backup" 2>/dev/null || true; fi; fi; 
# Final listing
echo "Backup contents:"; ls -lah "$backup" || true; 
# show size summary
echo "Backup size:"; du -sh "$backup" || true;` []
2026-06-10 21:27:03.522 [info] trackIdleOnPrompt: State Initial → Executing (sequence C) []
2026-06-10 21:27:03.578 [info] trackIdleOnPrompt: State Executing → PromptAfterExecuting (sequence A after executing) []
2026-06-10 21:27:04.577 [info] trackIdleOnPrompt: Idle scheduler fired, completing (dataEvents=11) []
2026-06-10 21:27:04.597 [info] RunInTerminalTool: Finished `rich` execute strategy with exitCode `undefined`, result.length `1814`, error `undefined` []
2026-06-10 21:27:04.598 [info] RunInTerminalTool: shellIntegrationQuality=rich at banner decision time []
2026-06-10 21:27:15.424 [info] RunInTerminalTool: Command rewritten by OGe: Prepended with a space to exclude from shell history []
2026-06-10 21:27:15.437 [info] RunInTerminalTool#CommandLineAutoApproveAnalyzer: Parsed sub-commands via bash grammar [["ls -1dt ~/Desktop/fedex-db-backup-*","head -n1","true","echo \"Using backup: $latest\"","mv \"$f\" \"$latest\"","echo \"Moved $f\"","echo \"Backup contents now:\"","ls -lah \"$latest\"","true"]]
2026-06-10 21:27:15.437 [info] RunInTerminalTool#CommandLineAutoApproveAnalyzer: All sub-commands NOT auto-approved [null]
2026-06-10 21:27:15.437 [info] RunInTerminalTool#CommandLineAutoApproveAnalyzer: Command line NOT auto-approved [null]
2026-06-10 21:27:15.437 [info] RunInTerminalTool#CommandLineAutoApproveAnalyzer: - Command 'ls -1dt ~/Desktop/fedex-db-backup-*' is approved by allow list rule: ls [null]
2026-06-10 21:27:15.437 [info] RunInTerminalTool#CommandLineAutoApproveAnalyzer: - Command 'head -n1' is approved by allow list rule: head [null]
2026-06-10 21:27:15.437 [info] RunInTerminalTool#CommandLineAutoApproveAnalyzer: - Command 'true' has no matching auto approve entries [null]
2026-06-10 21:27:15.437 [info] RunInTerminalTool#CommandLineAutoApproveAnalyzer: - Command 'echo "Using backup: $latest"' is approved by allow list rule: echo [null]
2026-06-10 21:27:15.437 [info] RunInTerminalTool#CommandLineAutoApproveAnalyzer: - Command 'mv "$f" "$latest"' has no matching auto approve entries [null]
2026-06-10 21:27:15.437 [info] RunInTerminalTool#CommandLineAutoApproveAnalyzer: - Command 'echo "Moved $f"' is approved by allow list rule: echo [null]
2026-06-10 21:27:15.437 [info] RunInTerminalTool#CommandLineAutoApproveAnalyzer: - Command 'echo "Backup contents now:"' is approved by allow list rule: echo [null]
2026-06-10 21:27:15.438 [info] RunInTerminalTool#CommandLineAutoApproveAnalyzer: - Command 'ls -lah "$latest"' is approved by allow list rule: ls [null]
2026-06-10 21:27:15.438 [info] RunInTerminalTool#CommandLineAutoApproveAnalyzer: - Command 'true' has no matching auto approve entries [null]
2026-06-10 21:27:15.438 [info] RunInTerminalTool#CommandLineAutoApproveAnalyzer: - Command line 'latest=$(ls -1dt ~/Desktop/fedex-db-backup-* 2>/dev/null | head -n1) || true; echo "Using backup: $latest"; for f in master_pois_database.json master_locations_database.json; do if [ -f "$f" ]; then mv "$f" "$latest" && echo "Moved $f"; fi; done; echo "Backup contents now:"; ls -lah "$latest" || true' has no matching auto approve entries [null]
2026-06-10 21:27:15.441 [info] RunInTerminalTool#CommandLineFileWriteAnalyzer: Detected cwd ["file:///Users/francisblack/Downloads/Fedex"]
2026-06-10 21:27:15.441 [info] RunInTerminalTool#CommandLineFileWriteAnalyzer: File writes detected [["Symbol(null device)"]]
2026-06-10 21:27:15.441 [info] RunInTerminalTool#CommandLineFileWriteAnalyzer: File write to null device allowed [null]
2026-06-10 21:27:16.263 [info] RunInTerminalTool: Using `rich` execute strategy for command ` latest=$(ls -1dt ~/Desktop/fedex-db-backup-* 2>/dev/null | head -n1) || true; echo "Using backup: $latest"; for f in master_pois_database.json master_locations_database.json; do if [ -f "$f" ]; then mv "$f" "$latest" && echo "Moved $f"; fi; done; echo "Backup contents now:"; ls -lah "$latest" || true` []
2026-06-10 21:27:16.413 [info] trackIdleOnPrompt: State Initial → Executing (sequence C) []
2026-06-10 21:27:16.541 [info] trackIdleOnPrompt: State Executing → PromptAfterExecuting (sequence A after executing) []
2026-06-10 21:27:17.543 [info] trackIdleOnPrompt: Idle scheduler fired, completing (dataEvents=9) []
2026-06-10 21:27:17.544 [info] RunInTerminalTool: Finished `rich` execute strategy with exitCode `undefined`, result.length `340`, error `undefined` []
2026-06-10 21:27:17.544 [info] RunInTerminalTool: shellIntegrationQuality=rich at banner decision time []
2026-06-10 21:28:33.081 [info] RunInTerminalTool: Command rewritten by OGe: Prepended with a space to exclude from shell history []
2026-06-10 21:28:33.093 [info] RunInTerminalTool#CommandLineAutoApproveAnalyzer: Parsed sub-commands via bash grammar [["git add index.html","git commit -m \"style: match change-location modal to posting page colors\"","true","git rev-parse --abbrev-ref HEAD","true","git status --porcelain","git push origin main","true"]]
2026-06-10 21:28:33.093 [info] RunInTerminalTool#CommandLineAutoApproveAnalyzer: All sub-commands NOT auto-approved [null]
2026-06-10 21:28:33.093 [info] RunInTerminalTool#CommandLineAutoApproveAnalyzer: Command line NOT auto-approved [null]
2026-06-10 21:28:33.094 [info] RunInTerminalTool#CommandLineAutoApproveAnalyzer: - Command 'git add index.html' has no matching auto approve entries [null]
2026-06-10 21:28:33.094 [info] RunInTerminalTool#CommandLineAutoApproveAnalyzer: - Command 'git commit -m "style: match change-location modal to posting page colors"' has no matching auto approve entries [null]
2026-06-10 21:28:33.094 [info] RunInTerminalTool#CommandLineAutoApproveAnalyzer: - Command 'true' has no matching auto approve entries [null]
2026-06-10 21:28:33.094 [info] RunInTerminalTool#CommandLineAutoApproveAnalyzer: - Command 'git rev-parse --abbrev-ref HEAD' has no matching auto approve entries [null]
2026-06-10 21:28:33.094 [info] RunInTerminalTool#CommandLineAutoApproveAnalyzer: - Command 'true' has no matching auto approve entries [null]
2026-06-10 21:28:33.094 [info] RunInTerminalTool#CommandLineAutoApproveAnalyzer: - Command 'git status --porcelain' is approved by allow list rule: /^git(\s+(-C\s+\S+|--no-pager))*\s+status\b/ [null]
2026-06-10 21:28:33.094 [info] RunInTerminalTool#CommandLineAutoApproveAnalyzer: - Command 'git push origin main' has no matching auto approve entries [null]
2026-06-10 21:28:33.094 [info] RunInTerminalTool#CommandLineAutoApproveAnalyzer: - Command 'true' has no matching auto approve entries [null]
2026-06-10 21:28:33.094 [info] RunInTerminalTool#CommandLineAutoApproveAnalyzer: - Command line 'git add index.html && git commit -m "style: match change-location modal to posting page colors" || true; git rev-parse --abbrev-ref HEAD || true; git status --porcelain; git push origin main || true' has no matching auto approve entries [null]
2026-06-10 21:28:33.098 [info] RunInTerminalTool#CommandLineFileWriteAnalyzer: File writes detected [[]]
2026-06-10 21:28:37.558 [info] RunInTerminalTool: Using `rich` execute strategy for command ` git add index.html && git commit -m "style: match change-location modal to posting page colors" || true; git rev-parse --abbrev-ref HEAD || true; git status --porcelain; git push origin main || true` []
2026-06-10 21:28:38.259 [info] trackIdleOnPrompt: State Initial → Executing (sequence C) []
2026-06-10 21:28:42.320 [info] trackIdleOnPrompt: State Executing → PromptAfterExecuting (sequence A after executing) []
2026-06-10 21:28:43.321 [info] trackIdleOnPrompt: Idle scheduler fired, completing (dataEvents=15) []
2026-06-10 21:28:43.324 [info] RunInTerminalTool: Finished `rich` execute strategy with exitCode `undefined`, result.length `1354`, error `undefined` []
2026-06-10 21:28:43.326 [info] RunInTerminalTool: shellIntegrationQuality=rich at banner decision time []
2026-06-10 21:29:58.885 [info] Latency measurements for local backend
window<->ptyhost (message port): 0.30ms
window<->ptyhostservice<->ptyhost: 1.00ms
ptyhostservice<->ptyhost: 0.45ms []
2026-06-10 21:29:58.886 [info] Latency measurements for local backend
window<->ptyhost (message port): 0.30ms
window<->ptyhostservice<->ptyhost: 1.10ms
ptyhostservice<->ptyhost: 0.43ms []
2026-06-10 21:29:58.886 [info] Latency measurements for local backend
window<->ptyhost (message port): 0.30ms
window<->ptyhostservice<->ptyhost: 1.20ms
ptyhostservice<->ptyhost: 0.41ms []
2026-06-10 21:29:58.886 [info] Latency measurements for local backend
window<->ptyhost (message port): 0.30ms
window<->ptyhostservice<->ptyhost: 1.20ms
ptyhostservice<->ptyhost: 0.40ms []
2026-06-10 21:29:58.886 [info] Latency measurements for local backend
window<->ptyhost (message port): 0.40ms
window<->ptyhostservice<->ptyhost: 1.20ms
ptyhostservice<->ptyhost: 0.39ms []
2026-06-10 21:29:58.886 [info] Latency measurements for local backend
window<->ptyhost (message port): 0.40ms
window<->ptyhostservice<->ptyhost: 1.20ms
ptyhostservice<->ptyhost: 0.38ms []
2026-06-10 21:29:58.886 [info] Latency measurements for local backend
window<->ptyhost (message port): 0.40ms
window<->ptyhostservice<->ptyhost: 1.30ms
ptyhostservice<->ptyhost: 0.36ms []
2026-06-10 21:29:58.886 [info] Latency measurements for local backend
window<->ptyhost (message port): 0.30ms
window<->ptyhostservice<->ptyhost: 1.30ms
ptyhostservice<->ptyhost: 0.36ms []
2026-06-10 21:29:58.886 [info] Latency measurements for local backend
window<->ptyhost (message port): 0.30ms
window<->ptyhostservice<->ptyhost: 1.40ms
ptyhostservice<->ptyhost: 0.35ms []
2026-06-10 21:29:58.886 [info] Latency measurements for local backend
window<->ptyhost (message port): 0.40ms
window<->ptyhostservice<->ptyhost: 1.30ms
ptyhostservice<->ptyhost: 0.33ms []
2026-06-10 21:29:58.887 [info] Latency measurements for local backend
window<->ptyhost (message port): 0.10ms
window<->ptyhostservice<->ptyhost: 1.10ms
ptyhostservice<->ptyhost: 0.26ms []
2026-06-10 21:31:45.044 [info] RunInTerminalTool: Command rewritten by OGe: Prepended with a space to exclude from shell history []
2026-06-10 21:31:45.252 [info] RunInTerminalTool#CommandLineAutoApproveAnalyzer: Parsed sub-commands via bash grammar [["date +%Y%m%dT%H%M%S","mkdir -p \"$ext_backup\"","ls -A $HOME/.vscode/extensions","mv \"$HOME/.vscode/extensions\" \"$ext_backup/\"","echo \"Moved extensions to $ext_backup\"","echo \"No user extensions to move\"","pgrep -f \"$name\"","true","echo \"Killing processes for $name: $pids\"","echo \"$pids\"","xargs -r kill -9","true","echo \"Remaining node processes:\"","pgrep -fl node","true"]]
2026-06-10 21:31:45.254 [info] RunInTerminalTool#CommandLineAutoApproveAnalyzer: Sub-command DENIED auto approval [null]
2026-06-10 21:31:45.254 [info] RunInTerminalTool#CommandLineAutoApproveAnalyzer: - Command 'date +%Y%m%dT%H%M%S' is approved by allow list rule: date [null]
2026-06-10 21:31:45.254 [info] RunInTerminalTool#CommandLineAutoApproveAnalyzer: - Command 'mkdir -p "$ext_backup"' has no matching auto approve entries [null]
2026-06-10 21:31:45.254 [info] RunInTerminalTool#CommandLineAutoApproveAnalyzer: - Command 'ls -A $HOME/.vscode/extensions' is approved by allow list rule: ls [null]
2026-06-10 21:31:45.254 [info] RunInTerminalTool#CommandLineAutoApproveAnalyzer: - Command 'mv "$HOME/.vscode/extensions" "$ext_backup/"' has no matching auto approve entries [null]
2026-06-10 21:31:45.254 [info] RunInTerminalTool#CommandLineAutoApproveAnalyzer: - Command 'echo "Moved extensions to $ext_backup"' is approved by allow list rule: echo [null]
2026-06-10 21:31:45.254 [info] RunInTerminalTool#CommandLineAutoApproveAnalyzer: - Command 'echo "No user extensions to move"' is approved by allow list rule: echo [null]
2026-06-10 21:31:45.254 [info] RunInTerminalTool#CommandLineAutoApproveAnalyzer: - Command 'pgrep -f "$name"' has no matching auto approve entries [null]
2026-06-10 21:31:45.254 [info] RunInTerminalTool#CommandLineAutoApproveAnalyzer: - Command 'true' has no matching auto approve entries [null]
2026-06-10 21:31:45.254 [info] RunInTerminalTool#CommandLineAutoApproveAnalyzer: - Command 'echo "Killing processes for $name: $pids"' is approved by allow list rule: echo [null]
2026-06-10 21:31:45.254 [info] RunInTerminalTool#CommandLineAutoApproveAnalyzer: - Command 'echo "$pids"' is approved by allow list rule: echo [null]
2026-06-10 21:31:45.254 [info] RunInTerminalTool#CommandLineAutoApproveAnalyzer: - Command 'xargs -r kill -9' is denied by deny list rule: xargs [null]
2026-06-10 21:31:45.254 [info] RunInTerminalTool#CommandLineAutoApproveAnalyzer: - Command 'true' has no matching auto approve entries [null]
2026-06-10 21:31:45.254 [info] RunInTerminalTool#CommandLineAutoApproveAnalyzer: - Command 'echo "Remaining node processes:"' is approved by allow list rule: echo [null]
2026-06-10 21:31:45.254 [info] RunInTerminalTool#CommandLineAutoApproveAnalyzer: - Command 'pgrep -fl node' has no matching auto approve entries [null]
2026-06-10 21:31:45.254 [info] RunInTerminalTool#CommandLineAutoApproveAnalyzer: - Command 'true' has no matching auto approve entries [null]
2026-06-10 21:31:45.254 [info] RunInTerminalTool#CommandLineAutoApproveAnalyzer: - Command line 'timestamp=$(date +%Y%m%dT%H%M%S); ext_backup="$HOME/Desktop/vscode-extensions-backup-$timestamp"; mkdir -p "$ext_backup"; 
if [ -d "$HOME/.vscode/extensions" ] && [ "$(ls -A $HOME/.vscode/extensions)" ]; then mv "$HOME/.vscode/extensions" "$ext_backup/" && echo "Moved extensions to $ext_backup"; else echo "No user extensions to move"; fi; 
# Stop common watcher/dev processes (node, vite, webpack, parcel, next, nodemon, tsserver)
for name in vite webpack parcel next nodemon tsserver node; do
  pids=$(pgrep -f "$name" || true);
  if [ -n "$pids" ]; then
    echo "Killing processes for $name: $pids"; 
    echo "$pids" | xargs -r kill -9 || true; 
  fi;
done; 
# Show remaining node processes
echo "Remaining node processes:"; pgrep -fl node || true;' has no matching auto approve entries [null]
2026-06-10 21:31:45.262 [info] RunInTerminalTool#CommandLineFileWriteAnalyzer: File writes detected [[]]
2026-06-10 21:31:57.668 [info] Latency measurements for local backend
window<->ptyhost (message port): 0.30ms
window<->ptyhostservice<->ptyhost: 0.50ms
ptyhostservice<->ptyhost: 0.30ms []
2026-06-10 21:31:57.670 [info] Latency measurements for local backend
window<->ptyhost (message port): 0.20ms
window<->ptyhostservice<->ptyhost: 3.40ms
ptyhostservice<->ptyhost: 0.40ms []
2026-06-10 21:31:57.682 [info] Latency measurements for local backend
window<->ptyhost (message port): 0.00ms
window<->ptyhostservice<->ptyhost: 11.20ms
ptyhostservice<->ptyhost: 0.35ms []
2026-06-10 21:31:57.682 [info] Latency measurements for local backend
window<->ptyhost (message port): 0.10ms
window<->ptyhostservice<->ptyhost: 11.30ms
ptyhostservice<->ptyhost: 0.60ms []
2026-06-10 21:31:57.682 [info] Latency measurements for local backend
window<->ptyhost (message port): 0.20ms
window<->ptyhostservice<->ptyhost: 11.20ms
ptyhostservice<->ptyhost: 0.59ms []
2026-06-10 21:31:57.682 [info] Latency measurements for local backend
window<->ptyhost (message port): 0.30ms
window<->ptyhostservice<->ptyhost: 11.20ms
ptyhostservice<->ptyhost: 0.54ms []
2026-06-10 21:31:57.682 [info] Latency measurements for local backend
window<->ptyhost (message port): 0.30ms
window<->ptyhostservice<->ptyhost: 11.20ms
ptyhostservice<->ptyhost: 0.53ms []
2026-06-10 21:31:57.682 [info] Latency measurements for local backend
window<->ptyhost (message port): 0.30ms
window<->ptyhostservice<->ptyhost: 11.30ms
ptyhostservice<->ptyhost: 0.52ms []
2026-06-10 21:31:57.682 [info] Latency measurements for local backend
window<->ptyhost (message port): 0.30ms
window<->ptyhostservice<->ptyhost: 11.30ms
ptyhostservice<->ptyhost: 0.51ms []
2026-06-10 21:31:57.682 [info] Latency measurements for local backend
window<->ptyhost (message port): 0.40ms
window<->ptyhostservice<->ptyhost: 11.20ms
ptyhostservice<->ptyhost: 0.50ms []
2026-06-10 21:31:57.682 [info] Latency measurements for local backend
window<->ptyhost (message port): 0.40ms
window<->ptyhostservice<->ptyhost: 11.30ms
ptyhostservice<->ptyhost: 0.49ms []
2026-06-10 21:32:17.505 [info] RunInTerminalTool: Command rewritten by OGe: Prepended with a space to exclude from shell history []
2026-06-10 21:32:17.564 [info] RunInTerminalTool#CommandLineAutoApproveAnalyzer: Parsed sub-commands via bash grammar [["du -sh *","sort -hr","head -n 50"]]
2026-06-10 21:32:17.565 [info] RunInTerminalTool#CommandLineAutoApproveAnalyzer: All sub-commands auto-approved [null]
2026-06-10 21:32:17.565 [info] RunInTerminalTool#CommandLineAutoApproveAnalyzer: - Command 'du -sh *' is approved by allow list rule: du [null]
2026-06-10 21:32:17.565 [info] RunInTerminalTool#CommandLineAutoApproveAnalyzer: - Command 'sort -hr' is approved by allow list rule: sort [null]
2026-06-10 21:32:17.565 [info] RunInTerminalTool#CommandLineAutoApproveAnalyzer: - Command 'head -n 50' is approved by allow list rule: head [null]
2026-06-10 21:32:17.565 [info] RunInTerminalTool#CommandLineAutoApproveAnalyzer: - Command line 'du -sh * 2>/dev/null | sort -hr | head -n 50' has no matching auto approve entries [null]
2026-06-10 21:32:17.572 [info] RunInTerminalTool#CommandLineFileWriteAnalyzer: Detected cwd ["file:///Users/francisblack/Downloads/Fedex"]
2026-06-10 21:32:17.572 [info] RunInTerminalTool#CommandLineFileWriteAnalyzer: File writes detected [["Symbol(null device)"]]
2026-06-10 21:32:17.572 [info] RunInTerminalTool#CommandLineFileWriteAnalyzer: File write to null device allowed [null]
2026-06-10 21:32:19.155 [info] RunInTerminalTool: Using `rich` execute strategy for command ` du -sh * 2>/dev/null | sort -hr | head -n 50` []
2026-06-10 21:32:19.219 [info] trackIdleOnPrompt: State Initial → Executing (sequence C) []
2026-06-10 21:32:19.457 [info] trackIdleOnPrompt: State Executing → PromptAfterExecuting (sequence A after executing) []
2026-06-10 21:32:20.458 [info] trackIdleOnPrompt: Idle scheduler fired, completing (dataEvents=8) []
2026-06-10 21:32:20.462 [info] RunInTerminalTool: Finished `rich` execute strategy with exitCode `undefined`, result.length `1705`, error `undefined` []
2026-06-10 21:32:20.463 [info] RunInTerminalTool: shellIntegrationQuality=rich at banner decision time []
2026-06-10 21:32:28.811 [info] RunInTerminalTool: Command rewritten by OGe: Prepended with a space to exclude from shell history []
2026-06-10 21:32:28.822 [info] RunInTerminalTool#CommandLineAutoApproveAnalyzer: Parsed sub-commands via bash grammar [["ls -1dt ~/Desktop/fedex-db-backup-*","head -n1","echo \"Using backup: $latest\"","mv \"$item\" \"$latest/\"","echo \"Moved $item -> $latest/\"","echo \"Not found: $item\"","echo \"Backup now contains:\"","ls -lah \"$latest\"","true"]]
2026-06-10 21:32:28.822 [info] RunInTerminalTool#CommandLineAutoApproveAnalyzer: All sub-commands NOT auto-approved [null]
2026-06-10 21:32:28.822 [info] RunInTerminalTool#CommandLineAutoApproveAnalyzer: Command line NOT auto-approved [null]
2026-06-10 21:32:28.822 [info] RunInTerminalTool#CommandLineAutoApproveAnalyzer: - Command 'ls -1dt ~/Desktop/fedex-db-backup-*' is approved by allow list rule: ls [null]
2026-06-10 21:32:28.822 [info] RunInTerminalTool#CommandLineAutoApproveAnalyzer: - Command 'head -n1' is approved by allow list rule: head [null]
2026-06-10 21:32:28.823 [info] RunInTerminalTool#CommandLineAutoApproveAnalyzer: - Command 'echo "Using backup: $latest"' is approved by allow list rule: echo [null]
2026-06-10 21:32:28.823 [info] RunInTerminalTool#CommandLineAutoApproveAnalyzer: - Command 'mv "$item" "$latest/"' has no matching auto approve entries [null]
2026-06-10 21:32:28.823 [info] RunInTerminalTool#CommandLineAutoApproveAnalyzer: - Command 'echo "Moved $item -> $latest/"' is approved by allow list rule: echo [null]
2026-06-10 21:32:28.823 [info] RunInTerminalTool#CommandLineAutoApproveAnalyzer: - Command 'echo "Not found: $item"' is approved by allow list rule: echo [null]
2026-06-10 21:32:28.823 [info] RunInTerminalTool#CommandLineAutoApproveAnalyzer: - Command 'echo "Backup now contains:"' is approved by allow list rule: echo [null]
2026-06-10 21:32:28.823 [info] RunInTerminalTool#CommandLineAutoApproveAnalyzer: - Command 'ls -lah "$latest"' is approved by allow list rule: ls [null]
2026-06-10 21:32:28.823 [info] RunInTerminalTool#CommandLineAutoApproveAnalyzer: - Command 'true' has no matching auto approve entries [null]
2026-06-10 21:32:28.823 [info] RunInTerminalTool#CommandLineAutoApproveAnalyzer: - Command line 'latest=$(ls -1dt ~/Desktop/fedex-db-backup-* 2>/dev/null | head -n1); echo "Using backup: $latest"; for item in functions recordings; do if [ -e "$item" ]; then mv "$item" "$latest/" && echo "Moved $item -> $latest/"; else echo "Not found: $item"; fi; done; echo "Backup now contains:"; ls -lah "$latest" || true;' has no matching auto approve entries [null]
2026-06-10 21:32:28.826 [info] RunInTerminalTool#CommandLineFileWriteAnalyzer: Detected cwd ["file:///Users/francisblack/Downloads/Fedex"]
2026-06-10 21:32:28.826 [info] RunInTerminalTool#CommandLineFileWriteAnalyzer: File writes detected [["Symbol(null device)"]]
2026-06-10 21:32:28.827 [info] RunInTerminalTool#CommandLineFileWriteAnalyzer: File write to null device allowed [null]
2026-06-10 21:32:30.295 [info] RunInTerminalTool: Using `rich` execute strategy for command ` latest=$(ls -1dt ~/Desktop/fedex-db-backup-* 2>/dev/null | head -n1); echo "Using backup: $latest"; for item in functions recordings; do if [ -e "$item" ]; then mv "$item" "$latest/" && echo "Moved $item -> $latest/"; else echo "Not found: $item"; fi; done; echo "Backup now contains:"; ls -lah "$latest" || true;` []
2026-06-10 21:32:30.454 [info] trackIdleOnPrompt: State Initial → Executing (sequence C) []
2026-06-10 21:32:30.475 [warning] Shell integration failed to add capabilities within 10 seconds []
2026-06-10 21:32:30.615 [info] trackIdleOnPrompt: State Executing → PromptAfterExecuting (sequence A after executing) []
2026-06-10 21:32:31.616 [info] trackIdleOnPrompt: Idle scheduler fired, completing (dataEvents=10) []
2026-06-10 21:32:31.617 [info] RunInTerminalTool: Finished `rich` execute strategy with exitCode `undefined`, result.length `996`, error `undefined` []
2026-06-10 21:32:31.618 [info] RunInTerminalTool: shellIntegrationQuality=rich at banner decision time []
2026-06-10 21:32:38.886 [info] RunInTerminalTool: Command rewritten by OGe: Prepended with a space to exclude from shell history []
2026-06-10 21:32:38.897 [info] RunInTerminalTool#CommandLineAutoApproveAnalyzer: Parsed sub-commands via bash grammar [["git add index.html data/samples/master_pois_sample.json data/samples/master_locations_sample.json us_locations_database_small.json","true","git commit -m \"chore: disable heavy DB loads and move large assets to backup\"","true","git push origin main","true"]]
2026-06-10 21:32:38.898 [info] RunInTerminalTool#CommandLineAutoApproveAnalyzer: All sub-commands NOT auto-approved [null]
2026-06-10 21:32:38.898 [info] RunInTerminalTool#CommandLineAutoApproveAnalyzer: Command line NOT auto-approved [null]
2026-06-10 21:32:38.898 [info] RunInTerminalTool#CommandLineAutoApproveAnalyzer: - Command 'git add index.html data/samples/master_pois_sample.json data/samples/master_locations_sample.json us_locations_database_small.json' has no matching auto approve entries [null]
2026-06-10 21:32:38.898 [info] RunInTerminalTool#CommandLineAutoApproveAnalyzer: - Command 'true' has no matching auto approve entries [null]
2026-06-10 21:32:38.898 [info] RunInTerminalTool#CommandLineAutoApproveAnalyzer: - Command 'git commit -m "chore: disable heavy DB loads and move large assets to backup"' has no matching auto approve entries [null]
2026-06-10 21:32:38.898 [info] RunInTerminalTool#CommandLineAutoApproveAnalyzer: - Command 'true' has no matching auto approve entries [null]
2026-06-10 21:32:38.898 [info] RunInTerminalTool#CommandLineAutoApproveAnalyzer: - Command 'git push origin main' has no matching auto approve entries [null]
2026-06-10 21:32:38.898 [info] RunInTerminalTool#CommandLineAutoApproveAnalyzer: - Command 'true' has no matching auto approve entries [null]
2026-06-10 21:32:38.898 [info] RunInTerminalTool#CommandLineAutoApproveAnalyzer: - Command line 'git add index.html data/samples/master_pois_sample.json data/samples/master_locations_sample.json us_locations_database_small.json || true; git commit -m "chore: disable heavy DB loads and move large assets to backup" || true; git push origin main || true' has no matching auto approve entries [null]
2026-06-10 21:32:38.898 [info] RunInTerminalTool#CommandLineFileWriteAnalyzer: File writes detected [[]]
2026-06-10 21:32:40.921 [info] RunInTerminalTool: Using `rich` execute strategy for command ` git add index.html data/samples/master_pois_sample.json data/samples/master_locations_sample.json us_locations_database_small.json || true; git commit -m "chore: disable heavy DB loads and move large assets to backup" || true; git push origin main || true` []
2026-06-10 21:32:41.100 [info] trackIdleOnPrompt: State Initial → Executing (sequence C) []
2026-06-10 21:32:42.896 [info] trackIdleOnPrompt: State Executing → PromptAfterExecuting (sequence A after executing) []
2026-06-10 21:32:43.898 [info] trackIdleOnPrompt: Idle scheduler fired, completing (dataEvents=13) []
2026-06-10 21:32:43.899 [info] RunInTerminalTool: Finished `rich` execute strategy with exitCode `undefined`, result.length `655`, error `undefined` []
2026-06-10 21:32:43.899 [info] RunInTerminalTool: shellIntegrationQuality=rich at banner decision time []
2026-06-10 21:34:07.441 [info] Latency measurements for local backend
window<->ptyhost (message port): 70.80ms
window<->ptyhostservice<->ptyhost: 5.20ms
ptyhostservice<->ptyhost: 1.79ms []
2026-06-10 21:34:07.443 [info] Latency measurements for local backend
window<->ptyhost (message port): 71.10ms
window<->ptyhostservice<->ptyhost: 5.50ms
ptyhostservice<->ptyhost: 1.36ms []
2026-06-10 21:34:07.443 [info] Latency measurements for local backend
window<->ptyhost (message port): 71.00ms
window<->ptyhostservice<->ptyhost: 5.60ms
ptyhostservice<->ptyhost: 1.30ms []
2026-06-10 21:34:07.443 [info] Latency measurements for local backend
window<->ptyhost (message port): 71.20ms
window<->ptyhostservice<->ptyhost: 5.40ms
ptyhostservice<->ptyhost: 1.27ms []
2026-06-10 21:34:07.443 [info] Latency measurements for local backend
window<->ptyhost (message port): 71.20ms
window<->ptyhostservice<->ptyhost: 5.40ms
ptyhostservice<->ptyhost: 1.24ms []
2026-06-10 21:34:07.445 [info] Latency measurements for local backend
window<->ptyhost (message port): 5.50ms
window<->ptyhostservice<->ptyhost: 3.40ms
ptyhostservice<->ptyhost: 0.31ms []
2026-06-10 21:34:07.482 [info] Latency measurements for local backend
window<->ptyhost (message port): 18.50ms
window<->ptyhostservice<->ptyhost: 14.30ms
ptyhostservice<->ptyhost: 0.38ms []
2026-06-10 21:34:07.482 [info] Latency measurements for local backend
window<->ptyhost (message port): 30.00ms
window<->ptyhostservice<->ptyhost: 2.90ms
ptyhostservice<->ptyhost: 0.23ms []
2026-06-10 21:34:07.485 [info] Latency measurements for local backend
window<->ptyhost (message port): 30.10ms
window<->ptyhostservice<->ptyhost: 5.90ms
ptyhostservice<->ptyhost: 0.23ms []
2026-06-10 21:34:07.485 [info] Latency measurements for local backend
window<->ptyhost (message port): 30.10ms
window<->ptyhostservice<->ptyhost: 5.90ms
ptyhostservice<->ptyhost: 0.22ms []
2026-06-10 21:34:07.485 [info] Latency measurements for local backend
window<->ptyhost (message port): 30.10ms
window<->ptyhostservice<->ptyhost: 6.20ms
ptyhostservice<->ptyhost: 0.20ms []
2026-06-10 21:35:14.711 [info] RunInTerminalTool: Command rewritten by OGe: Prepended with a space to exclude from shell history []
2026-06-10 21:35:14.812 [info] RunInTerminalTool#CommandLineAutoApproveAnalyzer: Parsed sub-commands via bash grammar [["git add index.html","git commit -m \"ui: make change-location and come-home buttons equal size and pin to modal bottom\"","true","git push origin main","true"]]
2026-06-10 21:35:14.813 [info] RunInTerminalTool#CommandLineAutoApproveAnalyzer: All sub-commands NOT auto-approved [null]
2026-06-10 21:35:14.813 [info] RunInTerminalTool#CommandLineAutoApproveAnalyzer: Command line NOT auto-approved [null]
2026-06-10 21:35:14.814 [info] RunInTerminalTool#CommandLineAutoApproveAnalyzer: - Command 'git add index.html' has no matching auto approve entries [null]
2026-06-10 21:35:14.814 [info] RunInTerminalTool#CommandLineAutoApproveAnalyzer: - Command 'git commit -m "ui: make change-location and come-home buttons equal size and pin to modal bottom"' has no matching auto approve entries [null]
2026-06-10 21:35:14.814 [info] RunInTerminalTool#CommandLineAutoApproveAnalyzer: - Command 'true' has no matching auto approve entries [null]
2026-06-10 21:35:14.814 [info] RunInTerminalTool#CommandLineAutoApproveAnalyzer: - Command 'git push origin main' has no matching auto approve entries [null]
2026-06-10 21:35:14.814 [info] RunInTerminalTool#CommandLineAutoApproveAnalyzer: - Command 'true' has no matching auto approve entries [null]
2026-06-10 21:35:14.814 [info] RunInTerminalTool#CommandLineAutoApproveAnalyzer: - Command line 'git add index.html && git commit -m "ui: make change-location and come-home buttons equal size and pin to modal bottom" || true; git push origin main || true' has no matching auto approve entries [null]
2026-06-10 21:35:14.820 [info] RunInTerminalTool#CommandLineFileWriteAnalyzer: File writes detected [[]]
2026-06-10 21:35:16.653 [info] RunInTerminalTool: Using `rich` execute strategy for command ` git add index.html && git commit -m "ui: make change-location and come-home buttons equal size and pin to modal bottom" || true; git push origin main || true` []
2026-06-10 21:35:16.918 [info] trackIdleOnPrompt: State Initial → Executing (sequence C) []
2026-06-10 21:35:19.123 [info] trackIdleOnPrompt: State Executing → PromptAfterExecuting (sequence A after executing) []
2026-06-10 21:35:20.126 [info] trackIdleOnPrompt: Idle scheduler fired, completing (dataEvents=13) []
2026-06-10 21:35:20.133 [info] RunInTerminalTool: Finished `rich` execute strategy with exitCode `undefined`, result.length `618`, error `undefined` []
2026-06-10 21:35:20.136 [info] RunInTerminalTool: shellIntegrationQuality=rich at banner decision time []
2026-06-10 21:36:18.224 [info] Latency measurements for local backend
window<->ptyhost (message port): 0.10ms
window<->ptyhostservice<->ptyhost: 0.70ms
ptyhostservice<->ptyhost: 0.25ms []
2026-06-10 21:36:18.224 [info] Latency measurements for local backend
window<->ptyhost (message port): 0.20ms
window<->ptyhostservice<->ptyhost: 0.90ms
ptyhostservice<->ptyhost: 0.47ms []
2026-06-10 21:36:18.224 [info] Latency measurements for local backend
window<->ptyhost (message port): 0.30ms
window<->ptyhostservice<->ptyhost: 0.90ms
ptyhostservice<->ptyhost: 0.49ms []
2026-06-10 21:36:18.224 [info] Latency measurements for local backend
window<->ptyhost (message port): 0.30ms
window<->ptyhostservice<->ptyhost: 0.90ms
ptyhostservice<->ptyhost: 0.52ms []
2026-06-10 21:36:18.224 [info] Latency measurements for local backend
window<->ptyhost (message port): 0.30ms
window<->ptyhostservice<->ptyhost: 0.90ms
ptyhostservice<->ptyhost: 0.52ms []
2026-06-10 21:36:18.224 [info] Latency measurements for local backend
window<->ptyhost (message port): 0.30ms
window<->ptyhostservice<->ptyhost: 0.90ms
ptyhostservice<->ptyhost: 0.47ms []
2026-06-10 21:36:18.224 [info] Latency measurements for local backend
window<->ptyhost (message port): 0.30ms
window<->ptyhostservice<->ptyhost: 0.90ms
ptyhostservice<->ptyhost: 0.45ms []
2026-06-10 21:36:18.224 [info] Latency measurements for local backend
window<->ptyhost (message port): 0.30ms
window<->ptyhostservice<->ptyhost: 1.00ms
ptyhostservice<->ptyhost: 0.46ms []
2026-06-10 21:36:18.225 [info] Latency measurements for local backend
window<->ptyhost (message port): 0.50ms
window<->ptyhostservice<->ptyhost: 1.20ms
ptyhostservice<->ptyhost: 0.47ms []
2026-06-10 21:36:18.225 [info] Latency measurements for local backend
window<->ptyhost (message port): 0.50ms
window<->ptyhostservice<->ptyhost: 1.20ms
ptyhostservice<->ptyhost: 0.44ms []
2026-06-10 21:36:18.225 [info] Latency measurements for local backend
window<->ptyhost (message port): 0.50ms
window<->ptyhostservice<->ptyhost: 1.30ms
ptyhostservice<->ptyhost: 0.42ms []
2026-06-10 21:38:39.633 [info] RunInTerminalTool: Command rewritten by OGe: Prepended with a space to exclude from shell history []
2026-06-10 21:38:39.816 [info] RunInTerminalTool#CommandLineAutoApproveAnalyzer: Parsed sub-commands via bash grammar [["git add index.html","git commit -m \"ui: update change-location search placeholder\"","true","git push origin main","true"]]
2026-06-10 21:38:39.818 [info] RunInTerminalTool#CommandLineAutoApproveAnalyzer: All sub-commands NOT auto-approved [null]
2026-06-10 21:38:39.818 [info] RunInTerminalTool#CommandLineAutoApproveAnalyzer: Command line NOT auto-approved [null]
2026-06-10 21:38:39.818 [info] RunInTerminalTool#CommandLineAutoApproveAnalyzer: - Command 'git add index.html' has no matching auto approve entries [null]
2026-06-10 21:38:39.818 [info] RunInTerminalTool#CommandLineAutoApproveAnalyzer: - Command 'git commit -m "ui: update change-location search placeholder"' has no matching auto approve entries [null]
2026-06-10 21:38:39.818 [info] RunInTerminalTool#CommandLineAutoApproveAnalyzer: - Command 'true' has no matching auto approve entries [null]
2026-06-10 21:38:39.818 [info] RunInTerminalTool#CommandLineAutoApproveAnalyzer: - Command 'git push origin main' has no matching auto approve entries [null]
2026-06-10 21:38:39.818 [info] RunInTerminalTool#CommandLineAutoApproveAnalyzer: - Command 'true' has no matching auto approve entries [null]
2026-06-10 21:38:39.818 [info] RunInTerminalTool#CommandLineAutoApproveAnalyzer: - Command line 'git add index.html && git commit -m "ui: update change-location search placeholder" || true; git push origin main || true' has no matching auto approve entries [null]
2026-06-10 21:38:39.824 [info] RunInTerminalTool#CommandLineFileWriteAnalyzer: File writes detected [[]]
2026-06-10 22:14:34.622 [info] ToolTerminalCreator#createTerminal: Waiting 4994ms for shell integration []
2026-06-10 22:14:34.624 [info] ToolTerminalCreator#_waitForShellIntegration: base 4994ms, effective 4994ms, screenReaderOptimized=false []
2026-06-10 22:14:35.104 [info] ToolTerminalCreator#_waitForShellIntegration: Rich SI available eventually []
2026-06-10 22:14:35.107 [info] ToolTerminalCreator#_waitForShellIntegration: Promise complete, disposing store []
2026-06-10 22:14:35.107 [info] ToolTerminalCreator#createTerminal: Waiting up to 2s for PromptInputModel state to change []
2026-06-10 22:14:35.123 [info] RunInTerminalTool: Using `rich` execute strategy for command ` git add index.html && git commit -m "ui: update change-location search placeholder" || true; git push origin main || true` []
2026-06-10 22:14:35.190 [info] trackIdleOnPrompt: State Initial → Executing (sequence C) []
2026-06-10 22:14:37.469 [info] trackIdleOnPrompt: State Executing → PromptAfterExecuting (sequence A after executing) []
2026-06-10 22:14:38.472 [info] trackIdleOnPrompt: Idle scheduler fired, completing (dataEvents=13) []
2026-06-10 22:14:38.475 [info] RunInTerminalTool: Finished `rich` execute strategy with exitCode `undefined`, result.length `579`, error `undefined` []
2026-06-10 22:14:38.476 [info] RunInTerminalTool: shellIntegrationQuality=rich at banner decision time []
2026-06-10 22:15:50.320 [info] Latency measurements for local backend
window<->ptyhost (message port): 1.70ms
window<->ptyhostservice<->ptyhost: 0.60ms
ptyhostservice<->ptyhost: 0.31ms []
2026-06-10 22:15:50.323 [info] Latency measurements for local backend
window<->ptyhost (message port): 0.60ms
window<->ptyhostservice<->ptyhost: 1.90ms
ptyhostservice<->ptyhost: 0.54ms []
2026-06-10 22:15:50.323 [info] Latency measurements for local backend
window<->ptyhost (message port): 0.60ms
window<->ptyhostservice<->ptyhost: 2.10ms
ptyhostservice<->ptyhost: 0.54ms []
2026-06-10 22:15:50.323 [info] Latency measurements for local backend
window<->ptyhost (message port): 0.70ms
window<->ptyhostservice<->ptyhost: 2.00ms
ptyhostservice<->ptyhost: 0.46ms []
2026-06-10 22:15:50.323 [info] Latency measurements for local backend
window<->ptyhost (message port): 0.70ms
window<->ptyhostservice<->ptyhost: 2.10ms
ptyhostservice<->ptyhost: 0.44ms []
2026-06-10 22:15:50.323 [info] Latency measurements for local backend
window<->ptyhost (message port): 0.70ms
window<->ptyhostservice<->ptyhost: 2.20ms
ptyhostservice<->ptyhost: 0.42ms []
2026-06-10 22:15:50.323 [info] Latency measurements for local backend
window<->ptyhost (message port): 0.70ms
window<->ptyhostservice<->ptyhost: 2.20ms
ptyhostservice<->ptyhost: 0.40ms []
2026-06-10 22:15:50.323 [info] Latency measurements for local backend
window<->ptyhost (message port): 0.60ms
window<->ptyhostservice<->ptyhost: 2.20ms
ptyhostservice<->ptyhost: 0.38ms []
2026-06-10 22:15:50.323 [info] Latency measurements for local backend
window<->ptyhost (message port): 0.60ms
window<->ptyhostservice<->ptyhost: 2.40ms
ptyhostservice<->ptyhost: 0.36ms []
2026-06-10 22:15:50.323 [info] Latency measurements for local backend
window<->ptyhost (message port): 0.50ms
window<->ptyhostservice<->ptyhost: 2.40ms
ptyhostservice<->ptyhost: 0.34ms []
2026-06-10 22:15:50.323 [info] Latency measurements for local backend
window<->ptyhost (message port): 0.50ms
window<->ptyhostservice<->ptyhost: 2.40ms
ptyhostservice<->ptyhost: 0.32ms []
2026-06-10 22:15:50.323 [info] Latency measurements for local backend
window<->ptyhost (message port): 0.20ms
window<->ptyhostservice<->ptyhost: 2.30ms
ptyhostservice<->ptyhost: 0.30ms []
2026-06-10 22:16:15.364 [info] RunInTerminalTool: Command rewritten by OGe: Prepended with a space to exclude from shell history []
2026-06-10 22:16:15.421 [info] RunInTerminalTool#CommandLineAutoApproveAnalyzer: Parsed sub-commands via bash grammar [["git push origin main","echo '---'","git rev-parse --abbrev-ref HEAD","git rev-parse --short HEAD","git log -1 --pretty=format:'%h %s'"]]
2026-06-10 22:16:15.423 [info] RunInTerminalTool#CommandLineAutoApproveAnalyzer: All sub-commands NOT auto-approved [null]
2026-06-10 22:16:15.423 [info] RunInTerminalTool#CommandLineAutoApproveAnalyzer: Command line NOT auto-approved [null]
2026-06-10 22:16:15.423 [info] RunInTerminalTool#CommandLineAutoApproveAnalyzer: - Command 'git push origin main' has no matching auto approve entries [null]
2026-06-10 22:16:15.423 [info] RunInTerminalTool#CommandLineAutoApproveAnalyzer: - Command 'echo '---'' is approved by allow list rule: echo [null]
2026-06-10 22:16:15.423 [info] RunInTerminalTool#CommandLineAutoApproveAnalyzer: - Command 'git rev-parse --abbrev-ref HEAD' has no matching auto approve entries [null]
2026-06-10 22:16:15.423 [info] RunInTerminalTool#CommandLineAutoApproveAnalyzer: - Command 'git rev-parse --short HEAD' has no matching auto approve entries [null]
2026-06-10 22:16:15.423 [info] RunInTerminalTool#CommandLineAutoApproveAnalyzer: - Command 'git log -1 --pretty=format:'%h %s'' is approved by allow list rule: /^git(\s+(-C\s+\S+|--no-pager))*\s+log\b/ [null]
2026-06-10 22:16:15.423 [info] RunInTerminalTool#CommandLineAutoApproveAnalyzer: - Command line 'git push origin main && echo '---' && git rev-parse --abbrev-ref HEAD && git rev-parse --short HEAD && git log -1 --pretty=format:'%h %s'' has no matching auto approve entries [null]
2026-06-10 22:16:15.429 [info] RunInTerminalTool#CommandLineFileWriteAnalyzer: File writes detected [[]]
2026-06-10 22:16:17.674 [info] ToolTerminalCreator#createTerminal: Waiting 4999ms for shell integration []
2026-06-10 22:16:17.676 [info] ToolTerminalCreator#_waitForShellIntegration: base 4999ms, effective 4999ms, screenReaderOptimized=false []
2026-06-10 22:16:17.823 [info] ToolTerminalCreator#_waitForShellIntegration: Rich SI available eventually []
2026-06-10 22:16:17.823 [info] ToolTerminalCreator#_waitForShellIntegration: Promise complete, disposing store []
2026-06-10 22:16:17.826 [info] ToolTerminalCreator#createTerminal: Waiting up to 2s for PromptInputModel state to change []
2026-06-10 22:16:17.854 [info] RunInTerminalTool: Using `rich` execute strategy for command ` git push origin main && echo '---' && git rev-parse --abbrev-ref HEAD && git rev-parse --short HEAD && git log -1 --pretty=format:'%h %s'` []
2026-06-10 22:16:17.925 [info] trackIdleOnPrompt: State Initial → Executing (sequence C) []
2026-06-10 22:16:18.704 [info] trackIdleOnPrompt: State Executing → PromptAfterExecuting (sequence A after executing) []
2026-06-10 22:16:19.707 [info] trackIdleOnPrompt: Idle scheduler fired, completing (dataEvents=11) []
2026-06-10 22:16:19.710 [info] RunInTerminalTool: Finished `rich` execute strategy with exitCode `undefined`, result.length `348`, error `undefined` []
2026-06-10 22:16:19.711 [info] RunInTerminalTool: shellIntegrationQuality=rich at banner decision time []
2026-06-10 22:18:32.418 [info] Latency measurements for local backend
window<->ptyhost (message port): 0.10ms
window<->ptyhostservice<->ptyhost: 0.60ms
ptyhostservice<->ptyhost: 0.18ms []
2026-06-10 22:18:32.438 [info] Latency measurements for local backend
window<->ptyhost (message port): 0.30ms
window<->ptyhostservice<->ptyhost: 1.10ms
ptyhostservice<->ptyhost: 0.74ms []
2026-06-10 22:18:32.438 [info] Latency measurements for local backend
window<->ptyhost (message port): 0.10ms
window<->ptyhostservice<->ptyhost: 1.60ms
ptyhostservice<->ptyhost: 1.12ms []
2026-06-10 22:18:32.438 [info] Latency measurements for local backend
window<->ptyhost (message port): 0.20ms
window<->ptyhostservice<->ptyhost: 1.90ms
ptyhostservice<->ptyhost: 0.93ms []
2026-06-10 22:18:32.439 [info] Latency measurements for local backend
window<->ptyhost (message port): 0.30ms
window<->ptyhostservice<->ptyhost: 1.90ms
ptyhostservice<->ptyhost: 0.84ms []
2026-06-10 22:18:32.439 [info] Latency measurements for local backend
window<->ptyhost (message port): 0.30ms
window<->ptyhostservice<->ptyhost: 2.00ms
ptyhostservice<->ptyhost: 0.77ms []
2026-06-10 22:18:32.439 [info] Latency measurements for local backend
window<->ptyhost (message port): 0.50ms
window<->ptyhostservice<->ptyhost: 2.00ms
ptyhostservice<->ptyhost: 0.72ms []
2026-06-10 22:18:32.441 [info] Latency measurements for local backend
window<->ptyhost (message port): 0.50ms
window<->ptyhostservice<->ptyhost: 1.90ms
ptyhostservice<->ptyhost: 0.64ms []
2026-06-10 22:18:32.441 [info] Latency measurements for local backend
window<->ptyhost (message port): 0.50ms
window<->ptyhostservice<->ptyhost: 1.90ms
ptyhostservice<->ptyhost: 0.56ms []
2026-06-10 22:18:32.441 [info] Latency measurements for local backend
window<->ptyhost (message port): 0.40ms
window<->ptyhostservice<->ptyhost: 2.00ms
ptyhostservice<->ptyhost: 0.48ms []
2026-06-10 22:18:32.441 [info] Latency measurements for local backend
window<->ptyhost (message port): 0.40ms
window<->ptyhostservice<->ptyhost: 2.00ms
ptyhostservice<->ptyhost: 0.44ms []
2026-06-10 22:18:32.441 [info] Latency measurements for local backend
window<->ptyhost (message port): 0.40ms
window<->ptyhostservice<->ptyhost: 2.00ms
ptyhostservice<->ptyhost: 0.42ms []
2026-06-10 22:18:32.441 [info] Latency measurements for local backend
window<->ptyhost (message port): 0.50ms
window<->ptyhostservice<->ptyhost: 1.90ms
ptyhostservice<->ptyhost: 0.40ms []
2026-06-10 22:19:49.570 [info] RunInTerminalTool: Command rewritten by OGe: Prepended with a space to exclude from shell history []
2026-06-10 22:19:49.611 [info] RunInTerminalTool#CommandLineAutoApproveAnalyzer: Parsed sub-commands via bash grammar [["command -v code","code --list-extensions --show-versions","echo 'CLI: code'","cat vscode-extensions.txt","echo 'CLI: no code in PATH'","ls -1 ~/.vscode/extensions","cat vscode-extensions.txt"]]
2026-06-10 22:19:49.612 [info] RunInTerminalTool#CommandLineAutoApproveAnalyzer: All sub-commands NOT auto-approved [null]
2026-06-10 22:19:49.612 [info] RunInTerminalTool#CommandLineAutoApproveAnalyzer: Command line NOT auto-approved [null]
2026-06-10 22:19:49.613 [info] RunInTerminalTool#CommandLineAutoApproveAnalyzer: - Command 'command -v code' has no matching auto approve entries [null]
2026-06-10 22:19:49.613 [info] RunInTerminalTool#CommandLineAutoApproveAnalyzer: - Command 'code --list-extensions --show-versions' has no matching auto approve entries [null]
2026-06-10 22:19:49.613 [info] RunInTerminalTool#CommandLineAutoApproveAnalyzer: - Command 'echo 'CLI: code'' is approved by allow list rule: echo [null]
2026-06-10 22:19:49.613 [info] RunInTerminalTool#CommandLineAutoApproveAnalyzer: - Command 'cat vscode-extensions.txt' is approved by allow list rule: cat [null]
2026-06-10 22:19:49.613 [info] RunInTerminalTool#CommandLineAutoApproveAnalyzer: - Command 'echo 'CLI: no code in PATH'' is approved by allow list rule: echo [null]
2026-06-10 22:19:49.613 [info] RunInTerminalTool#CommandLineAutoApproveAnalyzer: - Command 'ls -1 ~/.vscode/extensions' is approved by allow list rule: ls [null]
2026-06-10 22:19:49.613 [info] RunInTerminalTool#CommandLineAutoApproveAnalyzer: - Command 'cat vscode-extensions.txt' is approved by allow list rule: cat [null]
2026-06-10 22:19:49.613 [info] RunInTerminalTool#CommandLineAutoApproveAnalyzer: - Command line 'if command -v code >/dev/null 2>&1; then code --list-extensions --show-versions > vscode-extensions.txt && echo 'CLI: code' && cat vscode-extensions.txt; else echo 'CLI: no code in PATH'; ls -1 ~/.vscode/extensions > vscode-extensions.txt && cat vscode-extensions.txt; fi' has no matching auto approve entries [null]
2026-06-10 22:19:49.619 [info] RunInTerminalTool#CommandLineFileWriteAnalyzer: Detected cwd ["file:///Users/francisblack/Downloads/Fedex"]
2026-06-10 22:19:49.619 [info] RunInTerminalTool#CommandLineFileWriteAnalyzer: File writes detected [["Symbol(null device)","file:///Users/francisblack/Downloads/Fedex/vscode-extensions.txt","file:///Users/francisblack/Downloads/Fedex/vscode-extensions.txt"]]
2026-06-10 22:19:49.619 [info] RunInTerminalTool#CommandLineFileWriteAnalyzer: File write to null device allowed [null]
2026-06-10 22:19:51.135 [info] ToolTerminalCreator#createTerminal: Waiting 5000ms for shell integration []
2026-06-10 22:19:51.136 [info] ToolTerminalCreator#_waitForShellIntegration: base 5000ms, effective 5000ms, screenReaderOptimized=false []
2026-06-10 22:19:51.236 [info] ToolTerminalCreator#_waitForShellIntegration: Rich SI available eventually []
2026-06-10 22:19:51.236 [info] ToolTerminalCreator#_waitForShellIntegration: Promise complete, disposing store []
2026-06-10 22:19:51.236 [info] ToolTerminalCreator#createTerminal: Waiting up to 2s for PromptInputModel state to change []
2026-06-10 22:19:51.256 [info] RunInTerminalTool: Using `rich` execute strategy for command ` if command -v code >/dev/null 2>&1; then code --list-extensions --show-versions > vscode-extensions.txt && echo 'CLI: code' && cat vscode-extensions.txt; else echo 'CLI: no code in PATH'; ls -1 ~/.vscode/extensions > vscode-extensions.txt && cat vscode-extensions.txt; fi` []
2026-06-10 22:19:51.377 [info] trackIdleOnPrompt: State Initial → Executing (sequence C) []
2026-06-10 22:19:51.402 [info] trackIdleOnPrompt: State Executing → PromptAfterExecuting (sequence A after executing) []
2026-06-10 22:19:52.403 [info] trackIdleOnPrompt: Idle scheduler fired, completing (dataEvents=8) []
2026-06-10 22:19:52.412 [info] RunInTerminalTool: Finished `rich` execute strategy with exitCode `undefined`, result.length `81`, error `undefined` []
2026-06-10 22:19:52.412 [info] RunInTerminalTool: shellIntegrationQuality=rich at banner decision time []
2026-06-10 22:19:58.113 [info] RunInTerminalTool: Command rewritten by OGe: Prepended with a space to exclude from shell history []
2026-06-10 22:19:58.126 [info] RunInTerminalTool#CommandLineAutoApproveAnalyzer: Parsed sub-commands via bash grammar [["echo 'Checking common extension paths...'","echo 'HOME/.vscode:'","ls -la ~/.vscode","true","echo","echo 'HOME/.vscode/extensions:'","ls -la ~/.vscode/extensions","true","echo","echo 'Library/Application Support/Code/extensions:'","ls -la \"$HOME/Library/Application Support/Code/extensions\"","true","echo","echo 'Library/Application Support/Code - Insiders/extensions:'","ls -la \"$HOME/Library/Application Support/Code - Insiders/extensions\"","true","echo","echo 'VSCode CLI present?'","command -v code","true"]]
2026-06-10 22:19:58.127 [info] RunInTerminalTool#CommandLineAutoApproveAnalyzer: All sub-commands NOT auto-approved [null]
2026-06-10 22:19:58.127 [info] RunInTerminalTool#CommandLineAutoApproveAnalyzer: Command line NOT auto-approved [null]
2026-06-10 22:19:58.127 [info] RunInTerminalTool#CommandLineAutoApproveAnalyzer: - Command 'echo 'Checking common extension paths...'' is approved by allow list rule: echo [null]
2026-06-10 22:19:58.127 [info] RunInTerminalTool#CommandLineAutoApproveAnalyzer: - Command 'echo 'HOME/.vscode:'' is approved by allow list rule: echo [null]
2026-06-10 22:19:58.127 [info] RunInTerminalTool#CommandLineAutoApproveAnalyzer: - Command 'ls -la ~/.vscode' is approved by allow list rule: ls [null]
2026-06-10 22:19:58.127 [info] RunInTerminalTool#CommandLineAutoApproveAnalyzer: - Command 'true' has no matching auto approve entries [null]
2026-06-10 22:19:58.127 [info] RunInTerminalTool#CommandLineAutoApproveAnalyzer: - Command 'echo' is approved by allow list rule: echo [null]
2026-06-10 22:19:58.127 [info] RunInTerminalTool#CommandLineAutoApproveAnalyzer: - Command 'echo 'HOME/.vscode/extensions:'' is approved by allow list rule: echo [null]
2026-06-10 22:19:58.127 [info] RunInTerminalTool#CommandLineAutoApproveAnalyzer: - Command 'ls -la ~/.vscode/extensions' is approved by allow list rule: ls [null]
2026-06-10 22:19:58.127 [info] RunInTerminalTool#CommandLineAutoApproveAnalyzer: - Command 'true' has no matching auto approve entries [null]
2026-06-10 22:19:58.127 [info] RunInTerminalTool#CommandLineAutoApproveAnalyzer: - Command 'echo' is approved by allow list rule: echo [null]
2026-06-10 22:19:58.128 [info] RunInTerminalTool#CommandLineAutoApproveAnalyzer: - Command 'echo 'Library/Application Support/Code/extensions:'' is approved by allow list rule: echo [null]
2026-06-10 22:19:58.128 [info] RunInTerminalTool#CommandLineAutoApproveAnalyzer: - Command 'ls -la "$HOME/Library/Application Support/Code/extensions"' is approved by allow list rule: ls [null]
2026-06-10 22:19:58.128 [info] RunInTerminalTool#CommandLineAutoApproveAnalyzer: - Command 'true' has no matching auto approve entries [null]
2026-06-10 22:19:58.128 [info] RunInTerminalTool#CommandLineAutoApproveAnalyzer: - Command 'echo' is approved by allow list rule: echo [null]
2026-06-10 22:19:58.128 [info] RunInTerminalTool#CommandLineAutoApproveAnalyzer: - Command 'echo 'Library/Application Support/Code - Insiders/extensions:'' is approved by allow list rule: echo [null]
2026-06-10 22:19:58.128 [info] RunInTerminalTool#CommandLineAutoApproveAnalyzer: - Command 'ls -la "$HOME/Library/Application Support/Code - Insiders/extensions"' is approved by allow list rule: ls [null]
2026-06-10 22:19:58.128 [info] RunInTerminalTool#CommandLineAutoApproveAnalyzer: - Command 'true' has no matching auto approve entries [null]
2026-06-10 22:19:58.128 [info] RunInTerminalTool#CommandLineAutoApproveAnalyzer: - Command 'echo' is approved by allow list rule: echo [null]
2026-06-10 22:19:58.128 [info] RunInTerminalTool#CommandLineAutoApproveAnalyzer: - Command 'echo 'VSCode CLI present?'' is approved by allow list rule: echo [null]
2026-06-10 22:19:58.128 [info] RunInTerminalTool#CommandLineAutoApproveAnalyzer: - Command 'command -v code' has no matching auto approve entries [null]
2026-06-10 22:19:58.128 [info] RunInTerminalTool#CommandLineAutoApproveAnalyzer: - Command 'true' has no matching auto approve entries [null]
2026-06-10 22:19:58.128 [info] RunInTerminalTool#CommandLineAutoApproveAnalyzer: - Command line 'echo 'Checking common extension paths...'; echo 'HOME/.vscode:'; ls -la ~/.vscode 2>/dev/null || true; echo; echo 'HOME/.vscode/extensions:'; ls -la ~/.vscode/extensions 2>/dev/null || true; echo; echo 'Library/Application Support/Code/extensions:'; ls -la "$HOME/Library/Application Support/Code/extensions" 2>/dev/null || true; echo; echo 'Library/Application Support/Code - Insiders/extensions:'; ls -la "$HOME/Library/Application Support/Code - Insiders/extensions" 2>/dev/null || true; echo; echo 'VSCode CLI present?'; command -v code || true' has no matching auto approve entries [null]
2026-06-10 22:19:58.132 [info] RunInTerminalTool#CommandLineFileWriteAnalyzer: Detected cwd ["file:///Users/francisblack/Downloads/Fedex"]
2026-06-10 22:19:58.132 [info] RunInTerminalTool#CommandLineFileWriteAnalyzer: File writes detected [["Symbol(null device)","Symbol(null device)","Symbol(null device)","Symbol(null device)"]]
2026-06-10 22:19:58.132 [info] RunInTerminalTool#CommandLineFileWriteAnalyzer: File write to null device allowed [null]
2026-06-10 22:19:58.132 [info] RunInTerminalTool#CommandLineFileWriteAnalyzer: File write to null device allowed [null]
2026-06-10 22:19:58.132 [info] RunInTerminalTool#CommandLineFileWriteAnalyzer: File write to null device allowed [null]
2026-06-10 22:19:58.132 [info] RunInTerminalTool#CommandLineFileWriteAnalyzer: File write to null device allowed [null]
2026-06-10 22:19:59.539 [info] RunInTerminalTool: Using `rich` execute strategy for command ` echo 'Checking common extension paths...'; echo 'HOME/.vscode:'; ls -la ~/.vscode 2>/dev/null || true; echo; echo 'HOME/.vscode/extensions:'; ls -la ~/.vscode/extensions 2>/dev/null || true; echo; echo 'Library/Application Support/Code/extensions:'; ls -la "$HOME/Library/Application Support/Code/extensions" 2>/dev/null || true; echo; echo 'Library/Application Support/Code - Insiders/extensions:'; ls -la "$HOME/Library/Application Support/Code - Insiders/extensions" 2>/dev/null || true; echo; echo 'VSCode CLI present?'; command -v code || true` []
2026-06-10 22:19:59.792 [info] trackIdleOnPrompt: State Initial → Executing (sequence C) []
2026-06-10 22:19:59.829 [info] trackIdleOnPrompt: State Executing → PromptAfterExecuting (sequence A after executing) []
2026-06-10 22:20:00.830 [info] trackIdleOnPrompt: Idle scheduler fired, completing (dataEvents=9) []
2026-06-10 22:20:00.834 [info] RunInTerminalTool: Finished `rich` execute strategy with exitCode `undefined`, result.length `899`, error `undefined` []
2026-06-10 22:20:00.841 [info] RunInTerminalTool: shellIntegrationQuality=rich at banner decision time []
2026-06-10 22:20:04.312 [info] RunInTerminalTool: Command rewritten by OGe: Prepended with a space to exclude from shell history []
2026-06-10 22:20:04.325 [info] RunInTerminalTool#CommandLineAutoApproveAnalyzer: Parsed sub-commands via bash grammar [["echo 'extensions directory:'","ls -la ~/.vscode/extensions","echo","echo 'extensions.backup.20260610:'","ls -la ~/.vscode/extensions.backup.20260610","echo","echo 'extensions.disabled:'","ls -la ~/.vscode/extensions.disabled","echo","echo 'Show extensions.json file:'","sed -n '1,200p' ~/.vscode/extensions/extensions.json","true"]]
2026-06-10 22:20:04.325 [info] RunInTerminalTool#CommandLineAutoApproveAnalyzer: All sub-commands NOT auto-approved [null]
2026-06-10 22:20:04.326 [info] RunInTerminalTool#CommandLineAutoApproveAnalyzer: Command line NOT auto-approved [null]
2026-06-10 22:20:04.326 [info] RunInTerminalTool#CommandLineAutoApproveAnalyzer: - Command 'echo 'extensions directory:'' is approved by allow list rule: echo [null]
2026-06-10 22:20:04.326 [info] RunInTerminalTool#CommandLineAutoApproveAnalyzer: - Command 'ls -la ~/.vscode/extensions' is approved by allow list rule: ls [null]
2026-06-10 22:20:04.326 [info] RunInTerminalTool#CommandLineAutoApproveAnalyzer: - Command 'echo' is approved by allow list rule: echo [null]
2026-06-10 22:20:04.326 [info] RunInTerminalTool#CommandLineAutoApproveAnalyzer: - Command 'echo 'extensions.backup.20260610:'' is approved by allow list rule: echo [null]
2026-06-10 22:20:04.326 [info] RunInTerminalTool#CommandLineAutoApproveAnalyzer: - Command 'ls -la ~/.vscode/extensions.backup.20260610' is approved by allow list rule: ls [null]
2026-06-10 22:20:04.326 [info] RunInTerminalTool#CommandLineAutoApproveAnalyzer: - Command 'echo' is approved by allow list rule: echo [null]
2026-06-10 22:20:04.326 [info] RunInTerminalTool#CommandLineAutoApproveAnalyzer: - Command 'echo 'extensions.disabled:'' is approved by allow list rule: echo [null]
2026-06-10 22:20:04.326 [info] RunInTerminalTool#CommandLineAutoApproveAnalyzer: - Command 'ls -la ~/.vscode/extensions.disabled' is approved by allow list rule: ls [null]
2026-06-10 22:20:04.326 [info] RunInTerminalTool#CommandLineAutoApproveAnalyzer: - Command 'echo' is approved by allow list rule: echo [null]
2026-06-10 22:20:04.326 [info] RunInTerminalTool#CommandLineAutoApproveAnalyzer: - Command 'echo 'Show extensions.json file:'' is approved by allow list rule: echo [null]
2026-06-10 22:20:04.326 [info] RunInTerminalTool#CommandLineAutoApproveAnalyzer: - Command 'sed -n '1,200p' ~/.vscode/extensions/extensions.json' is approved by allow list rule: sed [null]
2026-06-10 22:20:04.326 [info] RunInTerminalTool#CommandLineAutoApproveAnalyzer: - Command 'true' has no matching auto approve entries [null]
2026-06-10 22:20:04.326 [info] RunInTerminalTool#CommandLineAutoApproveAnalyzer: - Command line 'echo 'extensions directory:'; ls -la ~/.vscode/extensions; echo; echo 'extensions.backup.20260610:'; ls -la ~/.vscode/extensions.backup.20260610; echo; echo 'extensions.disabled:'; ls -la ~/.vscode/extensions.disabled; echo; echo 'Show extensions.json file:'; sed -n '1,200p' ~/.vscode/extensions/extensions.json 2>/dev/null || true' has no matching auto approve entries [null]
2026-06-10 22:20:04.331 [info] RunInTerminalTool#CommandLineFileWriteAnalyzer: Detected cwd ["file:///Users/francisblack/Downloads/Fedex"]
2026-06-10 22:20:04.331 [info] RunInTerminalTool#CommandLineFileWriteAnalyzer: File writes detected [["Symbol(null device)"]]
2026-06-10 22:20:04.331 [info] RunInTerminalTool#CommandLineFileWriteAnalyzer: File write to null device allowed [null]
2026-06-10 22:20:06.210 [info] RunInTerminalTool: Using `rich` execute strategy for command ` echo 'extensions directory:'; ls -la ~/.vscode/extensions; echo; echo 'extensions.backup.20260610:'; ls -la ~/.vscode/extensions.backup.20260610; echo; echo 'extensions.disabled:'; ls -la ~/.vscode/extensions.disabled; echo; echo 'Show extensions.json file:'; sed -n '1,200p' ~/.vscode/extensions/extensions.json 2>/dev/null || true` []
2026-06-10 22:20:06.377 [info] trackIdleOnPrompt: State Initial → Executing (sequence C) []
2026-06-10 22:20:06.412 [info] trackIdleOnPrompt: State Executing → PromptAfterExecuting (sequence A after executing) []
2026-06-10 22:20:07.413 [info] trackIdleOnPrompt: Idle scheduler fired, completing (dataEvents=9) []
2026-06-10 22:20:07.415 [info] RunInTerminalTool: Finished `rich` execute strategy with exitCode `undefined`, result.length `1406`, error `undefined` []
2026-06-10 22:20:07.415 [info] RunInTerminalTool: shellIntegrationQuality=rich at banner decision time []
2026-06-10 22:21:02.975 [info] RunInTerminalTool: Command rewritten by OGe: Prepended with a space to exclude from shell history []
2026-06-10 22:21:02.986 [info] RunInTerminalTool#CommandLineAutoApproveAnalyzer: Parsed sub-commands via bash grammar [["date +%Y%m%d_%H%M%S","echo \"Creating backup: $backup\"","mkdir -p \"$backup\"","echo \"Moving disabled extensions to backup...\"","sh -c 'for f in \"$HOME/.vscode/extensions.disabled\"/*; do [ -e \"$f\" ] || continue; mv \"$f\" \"$backup/\"; done'","echo \"Creating extensions dir...\"","mkdir -p \"$HOME/.vscode/extensions\"","echo \"Re-enabling Live Server if present...\"","mv \"$backup/ritwickdey.liveserver-5.7.10\" \"$HOME/.vscode/extensions/\"","echo \"Live Server moved\"","echo \"Live Server folder not found in backup\"","echo \"Final extensions list:\"","ls -la \"$HOME/.vscode/extensions\"","echo \"Backup contents:\"","ls -la \"$backup\"","echo \"Done\"","echo $backup"]]
2026-06-10 22:21:02.987 [info] RunInTerminalTool#CommandLineAutoApproveAnalyzer: All sub-commands NOT auto-approved [null]
2026-06-10 22:21:02.987 [info] RunInTerminalTool#CommandLineAutoApproveAnalyzer: Command line NOT auto-approved [null]
2026-06-10 22:21:02.987 [info] RunInTerminalTool#CommandLineAutoApproveAnalyzer: - Command 'date +%Y%m%d_%H%M%S' is approved by allow list rule: date [null]
2026-06-10 22:21:02.987 [info] RunInTerminalTool#CommandLineAutoApproveAnalyzer: - Command 'echo "Creating backup: $backup"' is approved by allow list rule: echo [null]
2026-06-10 22:21:02.987 [info] RunInTerminalTool#CommandLineAutoApproveAnalyzer: - Command 'mkdir -p "$backup"' has no matching auto approve entries [null]
2026-06-10 22:21:02.987 [info] RunInTerminalTool#CommandLineAutoApproveAnalyzer: - Command 'echo "Moving disabled extensions to backup..."' is approved by allow list rule: echo [null]
2026-06-10 22:21:02.987 [info] RunInTerminalTool#CommandLineAutoApproveAnalyzer: - Command 'sh -c 'for f in "$HOME/.vscode/extensions.disabled"/*; do [ -e "$f" ] || continue; mv "$f" "$backup/"; done'' has no matching auto approve entries [null]
2026-06-10 22:21:02.987 [info] RunInTerminalTool#CommandLineAutoApproveAnalyzer: - Command 'echo "Creating extensions dir..."' is approved by allow list rule: echo [null]
2026-06-10 22:21:02.987 [info] RunInTerminalTool#CommandLineAutoApproveAnalyzer: - Command 'mkdir -p "$HOME/.vscode/extensions"' has no matching auto approve entries [null]
2026-06-10 22:21:02.987 [info] RunInTerminalTool#CommandLineAutoApproveAnalyzer: - Command 'echo "Re-enabling Live Server if present..."' is approved by allow list rule: echo [null]
2026-06-10 22:21:02.987 [info] RunInTerminalTool#CommandLineAutoApproveAnalyzer: - Command 'mv "$backup/ritwickdey.liveserver-5.7.10" "$HOME/.vscode/extensions/"' has no matching auto approve entries [null]
2026-06-10 22:21:02.988 [info] RunInTerminalTool#CommandLineAutoApproveAnalyzer: - Command 'echo "Live Server moved"' is approved by allow list rule: echo [null]
2026-06-10 22:21:02.988 [info] RunInTerminalTool#CommandLineAutoApproveAnalyzer: - Command 'echo "Live Server folder not found in backup"' is approved by allow list rule: echo [null]
2026-06-10 22:21:02.988 [info] RunInTerminalTool#CommandLineAutoApproveAnalyzer: - Command 'echo "Final extensions list:"' is approved by allow list rule: echo [null]
2026-06-10 22:21:02.988 [info] RunInTerminalTool#CommandLineAutoApproveAnalyzer: - Command 'ls -la "$HOME/.vscode/extensions"' is approved by allow list rule: ls [null]
2026-06-10 22:21:02.988 [info] RunInTerminalTool#CommandLineAutoApproveAnalyzer: - Command 'echo "Backup contents:"' is approved by allow list rule: echo [null]
2026-06-10 22:21:02.988 [info] RunInTerminalTool#CommandLineAutoApproveAnalyzer: - Command 'ls -la "$backup"' is approved by allow list rule: ls [null]
2026-06-10 22:21:02.988 [info] RunInTerminalTool#CommandLineAutoApproveAnalyzer: - Command 'echo "Done"' is approved by allow list rule: echo [null]
2026-06-10 22:21:02.988 [info] RunInTerminalTool#CommandLineAutoApproveAnalyzer: - Command 'echo $backup' is approved by allow list rule: echo [null]
2026-06-10 22:21:02.988 [info] RunInTerminalTool#CommandLineAutoApproveAnalyzer: - Command line 'timestamp=$(date +%Y%m%d_%H%M%S); backup="$HOME/.vscode/extensions.backup.$timestamp"; echo "Creating backup: $backup"; mkdir -p "$backup"; echo "Moving disabled extensions to backup..."; sh -c 'for f in "$HOME/.vscode/extensions.disabled"/*; do [ -e "$f" ] || continue; mv "$f" "$backup/"; done'; echo "Creating extensions dir..."; mkdir -p "$HOME/.vscode/extensions"; echo "Re-enabling Live Server if present..."; if [ -d "$backup/ritwickdey.liveserver-5.7.10" ]; then mv "$backup/ritwickdey.liveserver-5.7.10" "$HOME/.vscode/extensions/" && echo "Live Server moved"; else echo "Live Server folder not found in backup"; fi; echo "Final extensions list:"; ls -la "$HOME/.vscode/extensions"; echo "Backup contents:"; ls -la "$backup"; echo "Done"; echo $backup > "$HOME/.vscode/extensions.last_backup"' has no matching auto approve entries [null]
2026-06-10 22:21:02.991 [info] RunInTerminalTool#CommandLineFileWriteAnalyzer: Detected cwd ["file:///Users/francisblack/Downloads/Fedex"]
2026-06-10 22:21:02.991 [info] RunInTerminalTool#CommandLineFileWriteAnalyzer: File writes detected [["file:///Users/francisblack/Downloads/Fedex/%24HOME/.vscode/extensions.last_backup"]]
2026-06-10 22:21:02.992 [info] RunInTerminalTool#CommandLineFileWriteAnalyzer: File write blocked due to likely containing a variable, sub-command, or tilde expansion ["file:///Users/francisblack/Downloads/Fedex/%24HOME/.vscode/extensions.last_backup"]
2026-06-10 22:21:04.858 [info] RunInTerminalTool: Using `rich` execute strategy for command ` timestamp=$(date +%Y%m%d_%H%M%S); backup="$HOME/.vscode/extensions.backup.$timestamp"; echo "Creating backup: $backup"; mkdir -p "$backup"; echo "Moving disabled extensions to backup..."; sh -c 'for f in "$HOME/.vscode/extensions.disabled"/*; do [ -e "$f" ] || continue; mv "$f" "$backup/"; done'; echo "Creating extensions dir..."; mkdir -p "$HOME/.vscode/extensions"; echo "Re-enabling Live Server if present..."; if [ -d "$backup/ritwickdey.liveserver-5.7.10" ]; then mv "$backup/ritwickdey.liveserver-5.7.10" "$HOME/.vscode/extensions/" && echo "Live Server moved"; else echo "Live Server folder not found in backup"; fi; echo "Final extensions list:"; ls -la "$HOME/.vscode/extensions"; echo "Backup contents:"; ls -la "$backup"; echo "Done"; echo $backup > "$HOME/.vscode/extensions.last_backup"` []
2026-06-10 22:21:05.239 [info] trackIdleOnPrompt: State Initial → Executing (sequence C) []
2026-06-10 22:21:05.305 [info] trackIdleOnPrompt: State Executing → PromptAfterExecuting (sequence A after executing) []
2026-06-10 22:21:06.307 [info] trackIdleOnPrompt: Idle scheduler fired, completing (dataEvents=14) []
2026-06-10 22:21:06.309 [info] RunInTerminalTool: Finished `rich` execute strategy with exitCode `undefined`, result.length `2596`, error `undefined` []
2026-06-10 22:21:06.310 [info] RunInTerminalTool: shellIntegrationQuality=rich at banner decision time []
2026-06-10 22:22:24.570 [info] RunInTerminalTool: Command rewritten by OGe: Prepended with a space to exclude from shell history []
2026-06-10 22:22:24.582 [info] RunInTerminalTool#CommandLineAutoApproveAnalyzer: Parsed sub-commands via bash grammar [["date +%Y%m%d_%H%M%S","echo \"Backup: $backup\"","sudo mkdir -p \"$backup\"","sudo mv \"$HOME/.vscode/extensions.disabled\"/* \"$backup\"","true","sudo mkdir -p \"$HOME/.vscode/extensions\"","sudo mv \"$backup/ritwickdey.liveserver-5.7.10\" \"$HOME/.vscode/extensions/\"","echo \"Live Server re-enabled\"","echo \"Live Server not found in backup\"","ls -la \"$HOME/.vscode/extensions\"","echo $backup","sudo tee \"$HOME/.vscode/extensions.last_backup\""]]
2026-06-10 22:22:24.582 [info] RunInTerminalTool#CommandLineAutoApproveAnalyzer: All sub-commands NOT auto-approved [null]
2026-06-10 22:22:24.582 [info] RunInTerminalTool#CommandLineAutoApproveAnalyzer: Command line NOT auto-approved [null]
2026-06-10 22:22:24.582 [info] RunInTerminalTool#CommandLineAutoApproveAnalyzer: - Command 'date +%Y%m%d_%H%M%S' is approved by allow list rule: date [null]
2026-06-10 22:22:24.582 [info] RunInTerminalTool#CommandLineAutoApproveAnalyzer: - Command 'echo "Backup: $backup"' is approved by allow list rule: echo [null]
2026-06-10 22:22:24.583 [info] RunInTerminalTool#CommandLineAutoApproveAnalyzer: - Command 'sudo mkdir -p "$backup"' has no matching auto approve entries [null]
2026-06-10 22:22:24.583 [info] RunInTerminalTool#CommandLineAutoApproveAnalyzer: - Command 'sudo mv "$HOME/.vscode/extensions.disabled"/* "$backup"' has no matching auto approve entries [null]
2026-06-10 22:22:24.583 [info] RunInTerminalTool#CommandLineAutoApproveAnalyzer: - Command 'true' has no matching auto approve entries [null]
2026-06-10 22:22:24.583 [info] RunInTerminalTool#CommandLineAutoApproveAnalyzer: - Command 'sudo mkdir -p "$HOME/.vscode/extensions"' has no matching auto approve entries [null]
2026-06-10 22:22:24.583 [info] RunInTerminalTool#CommandLineAutoApproveAnalyzer: - Command 'sudo mv "$backup/ritwickdey.liveserver-5.7.10" "$HOME/.vscode/extensions/"' has no matching auto approve entries [null]
2026-06-10 22:22:24.583 [info] RunInTerminalTool#CommandLineAutoApproveAnalyzer: - Command 'echo "Live Server re-enabled"' is approved by allow list rule: echo [null]
2026-06-10 22:22:24.583 [info] RunInTerminalTool#CommandLineAutoApproveAnalyzer: - Command 'echo "Live Server not found in backup"' is approved by allow list rule: echo [null]
2026-06-10 22:22:24.583 [info] RunInTerminalTool#CommandLineAutoApproveAnalyzer: - Command 'ls -la "$HOME/.vscode/extensions"' is approved by allow list rule: ls [null]
2026-06-10 22:22:24.583 [info] RunInTerminalTool#CommandLineAutoApproveAnalyzer: - Command 'echo $backup' is approved by allow list rule: echo [null]
2026-06-10 22:22:24.583 [info] RunInTerminalTool#CommandLineAutoApproveAnalyzer: - Command 'sudo tee "$HOME/.vscode/extensions.last_backup"' has no matching auto approve entries [null]
2026-06-10 22:22:24.583 [info] RunInTerminalTool#CommandLineAutoApproveAnalyzer: - Command line 'timestamp=$(date +%Y%m%d_%H%M%S)
backup="$HOME/.vscode/extensions.backup.$timestamp"
echo "Backup: $backup"
sudo mkdir -p "$backup"
# move all disabled extensions into backup
sudo mv "$HOME/.vscode/extensions.disabled"/* "$backup" || true
sudo mkdir -p "$HOME/.vscode/extensions"
# re-enable Live Server if present
if [ -d "$backup/ritwickdey.liveserver-5.7.10" ]; then
  sudo mv "$backup/ritwickdey.liveserver-5.7.10" "$HOME/.vscode/extensions/"
  echo "Live Server re-enabled"
else
  echo "Live Server not found in backup"
fi
ls -la "$HOME/.vscode/extensions"
echo $backup | sudo tee "$HOME/.vscode/extensions.last_backup"
' has no matching auto approve entries [null]
2026-06-10 22:22:24.587 [info] RunInTerminalTool#CommandLineFileWriteAnalyzer: File writes detected [[]]
2026-06-10 22:22:26.627 [info] RunInTerminalTool: Using `rich` execute strategy for command ` timestamp=$(date +%Y%m%d_%H%M%S)
backup="$HOME/.vscode/extensions.backup.$timestamp"
echo "Backup: $backup"
sudo mkdir -p "$backup"
# move all disabled extensions into backup
sudo mv "$HOME/.vscode/extensions.disabled"/* "$backup" || true
sudo mkdir -p "$HOME/.vscode/extensions"
# re-enable Live Server if present
if [ -d "$backup/ritwickdey.liveserver-5.7.10" ]; then
  sudo mv "$backup/ritwickdey.liveserver-5.7.10" "$HOME/.vscode/extensions/"
  echo "Live Server re-enabled"
else
  echo "Live Server not found in backup"
fi
ls -la "$HOME/.vscode/extensions"
echo $backup | sudo tee "$HOME/.vscode/extensions.last_backup"
` []
2026-06-10 22:22:26.913 [info] trackIdleOnPrompt: State Initial → Executing (sequence C) []
2026-06-10 22:22:37.421 [warning] Shell integration failed to add capabilities within 10 seconds []
2026-06-10 22:22:40.906 [info] trackIdleOnPrompt: State Executing → PromptAfterExecuting (sequence A after executing) []
2026-06-10 22:22:41.907 [info] trackIdleOnPrompt: Idle scheduler fired, completing (dataEvents=12) []
2026-06-10 22:22:41.908 [info] RunInTerminalTool: Finished `rich` execute strategy with exitCode `undefined`, result.length `1150`, error `undefined` []
2026-06-10 22:22:41.908 [info] RunInTerminalTool: shellIntegrationQuality=rich at banner decision time []
2026-06-10 22:23:26.496 [info] RunInTerminalTool: Command rewritten by OGe: Prepended with a space to exclude from shell history []
2026-06-10 22:23:26.509 [info] RunInTerminalTool#CommandLineAutoApproveAnalyzer: Parsed sub-commands via bash grammar [["date +%Y%m%d_%H%M%S","mkdir -p \"$outdir\"","echo \"Found VS Code logs at: $logdir\"","ls -1td \"$logdir\"/*","head -n 3","echo \"Copying $d\"","cp -R \"$d\" \"$outdir/\"","true","echo \"No VS Code log directory found at $logdir\"","cp -v \"$HOME/.vscode/extensions.last_backup\" \"$outdir/\"","true","ls -la \"$outdir\"","tar -czf \"$outdir\".tar.gz -C \"$PWD\" \"$(basename \"$outdir\")\"","basename \"$outdir\"","true","ls -lh \"$outdir\".tar.gz","true","echo \"$outdir\".tar.gz","true"]]
2026-06-10 22:23:26.509 [info] RunInTerminalTool#CommandLineAutoApproveAnalyzer: All sub-commands NOT auto-approved [null]
2026-06-10 22:23:26.509 [info] RunInTerminalTool#CommandLineAutoApproveAnalyzer: Command line NOT auto-approved [null]
2026-06-10 22:23:26.509 [info] RunInTerminalTool#CommandLineAutoApproveAnalyzer: - Command 'date +%Y%m%d_%H%M%S' is approved by allow list rule: date [null]
2026-06-10 22:23:26.510 [info] RunInTerminalTool#CommandLineAutoApproveAnalyzer: - Command 'mkdir -p "$outdir"' has no matching auto approve entries [null]
2026-06-10 22:23:26.510 [info] RunInTerminalTool#CommandLineAutoApproveAnalyzer: - Command 'echo "Found VS Code logs at: $logdir"' is approved by allow list rule: echo [null]
2026-06-10 22:23:26.510 [info] RunInTerminalTool#CommandLineAutoApproveAnalyzer: - Command 'ls -1td "$logdir"/*' is approved by allow list rule: ls [null]
2026-06-10 22:23:26.510 [info] RunInTerminalTool#CommandLineAutoApproveAnalyzer: - Command 'head -n 3' is approved by allow list rule: head [null]
2026-06-10 22:23:26.510 [info] RunInTerminalTool#CommandLineAutoApproveAnalyzer: - Command 'echo "Copying $d"' is approved by allow list rule: echo [null]
2026-06-10 22:23:26.510 [info] RunInTerminalTool#CommandLineAutoApproveAnalyzer: - Command 'cp -R "$d" "$outdir/"' has no matching auto approve entries [null]
2026-06-10 22:23:26.510 [info] RunInTerminalTool#CommandLineAutoApproveAnalyzer: - Command 'true' has no matching auto approve entries [null]
2026-06-10 22:23:26.510 [info] RunInTerminalTool#CommandLineAutoApproveAnalyzer: - Command 'echo "No VS Code log directory found at $logdir"' is approved by allow list rule: echo [null]
2026-06-10 22:23:26.510 [info] RunInTerminalTool#CommandLineAutoApproveAnalyzer: - Command 'cp -v "$HOME/.vscode/extensions.last_backup" "$outdir/"' has no matching auto approve entries [null]
2026-06-10 22:23:26.510 [info] RunInTerminalTool#CommandLineAutoApproveAnalyzer: - Command 'true' has no matching auto approve entries [null]
2026-06-10 22:23:26.510 [info] RunInTerminalTool#CommandLineAutoApproveAnalyzer: - Command 'ls -la "$outdir"' is approved by allow list rule: ls [null]
2026-06-10 22:23:26.510 [info] RunInTerminalTool#CommandLineAutoApproveAnalyzer: - Command 'tar -czf "$outdir".tar.gz -C "$PWD" "$(basename "$outdir")"' has no matching auto approve entries [null]
2026-06-10 22:23:26.510 [info] RunInTerminalTool#CommandLineAutoApproveAnalyzer: - Command 'basename "$outdir"' is approved by allow list rule: basename [null]
2026-06-10 22:23:26.511 [info] RunInTerminalTool#CommandLineAutoApproveAnalyzer: - Command 'true' has no matching auto approve entries [null]
2026-06-10 22:23:26.511 [info] RunInTerminalTool#CommandLineAutoApproveAnalyzer: - Command 'ls -lh "$outdir".tar.gz' is approved by allow list rule: ls [null]
2026-06-10 22:23:26.511 [info] RunInTerminalTool#CommandLineAutoApproveAnalyzer: - Command 'true' has no matching auto approve entries [null]
2026-06-10 22:23:26.511 [info] RunInTerminalTool#CommandLineAutoApproveAnalyzer: - Command 'echo "$outdir".tar.gz' is approved by allow list rule: echo [null]
2026-06-10 22:23:26.511 [info] RunInTerminalTool#CommandLineAutoApproveAnalyzer: - Command 'true' has no matching auto approve entries [null]
2026-06-10 22:23:26.511 [info] RunInTerminalTool#CommandLineAutoApproveAnalyzer: - Command line 'timestamp=$(date +%Y%m%d_%H%M%S)
logdir="$HOME/Library/Application Support/Code/logs"
outdir="$PWD/vscode-logs-$timestamp"
mkdir -p "$outdir"
if [ -d "$logdir" ]; then
  echo "Found VS Code logs at: $logdir"
  # copy only the three most recent dated log folders to limit size
  for d in $(ls -1td "$logdir"/* 2>/dev/null | head -n 3); do
    echo "Copying $d"
    cp -R "$d" "$outdir/" || true
  done
else
  echo "No VS Code log directory found at $logdir"
fi
cp -v "$HOME/.vscode/extensions.last_backup" "$outdir/" 2>/dev/null || true
ls -la "$outdir"
tar -czf "$outdir".tar.gz -C "$PWD" "$(basename "$outdir")" || true
ls -lh "$outdir".tar.gz 2>/dev/null || true
echo "$outdir".tar.gz > "$HOME/.vscode/last_collected_logs" || true
' has no matching auto approve entries [null]
2026-06-10 22:23:26.514 [info] RunInTerminalTool#CommandLineFileWriteAnalyzer: Detected cwd ["file:///Users/francisblack/Downloads/Fedex"]
2026-06-10 22:23:26.514 [info] RunInTerminalTool#CommandLineFileWriteAnalyzer: File writes detected [["Symbol(null device)","Symbol(null device)","Symbol(null device)","file:///Users/francisblack/Downloads/Fedex/%24HOME/.vscode/last_collected_logs"]]
2026-06-10 22:23:26.514 [info] RunInTerminalTool#CommandLineFileWriteAnalyzer: File write to null device allowed [null]
2026-06-10 22:23:26.514 [info] RunInTerminalTool#CommandLineFileWriteAnalyzer: File write to null device allowed [null]
2026-06-10 22:23:26.514 [info] RunInTerminalTool#CommandLineFileWriteAnalyzer: File write to null device allowed [null]
2026-06-10 22:23:26.515 [info] RunInTerminalTool#CommandLineFileWriteAnalyzer: File write blocked due to likely containing a variable, sub-command, or tilde expansion ["file:///Users/francisblack/Downloads/Fedex/%24HOME/.vscode/last_collected_logs"]
2026-06-10 22:23:29.398 [info] RunInTerminalTool: Using `rich` execute strategy for command ` timestamp=$(date +%Y%m%d_%H%M%S)
logdir="$HOME/Library/Application Support/Code/logs"
outdir="$PWD/vscode-logs-$timestamp"
mkdir -p "$outdir"
if [ -d "$logdir" ]; then
  echo "Found VS Code logs at: $logdir"
  # copy only the three most recent dated log folders to limit size
  for d in $(ls -1td "$logdir"/* 2>/dev/null | head -n 3); do
    echo "Copying $d"
    cp -R "$d" "$outdir/" || true
  done
else
  echo "No VS Code log directory found at $logdir"
fi
cp -v "$HOME/.vscode/extensions.last_backup" "$outdir/" 2>/dev/null || true
ls -la "$outdir"
tar -czf "$outdir".tar.gz -C "$PWD" "$(basename "$outdir")" || true
ls -lh "$outdir".tar.gz 2>/dev/null || true
echo "$outdir".tar.gz > "$HOME/.vscode/last_collected_logs" || true
` []
2026-06-10 22:23:29.727 [info] trackIdleOnPrompt: State Initial → Executing (sequence C) []
2026-06-10 22:23:29.789 [info] trackIdleOnPrompt: State Executing → PromptAfterExecuting (sequence A after executing) []
2026-06-10 22:23:30.790 [info] trackIdleOnPrompt: Idle scheduler fired, completing (dataEvents=11) []
2026-06-10 22:23:30.792 [info] RunInTerminalTool: Finished `rich` execute strategy with exitCode `undefined`, result.length `1721`, error `undefined` []
2026-06-10 22:23:30.794 [info] RunInTerminalTool: shellIntegrationQuality=rich at banner decision time []
2026-06-10 22:23:42.364 [info] RunInTerminalTool: Command rewritten by OGe: Prepended with a space to exclude from shell history []
2026-06-10 22:23:42.376 [info] RunInTerminalTool#CommandLineAutoApproveAnalyzer: Parsed sub-commands via bash grammar [["date +%Y%m%d_%H%M%S","mkdir -p \"$outdir\"","echo \"Found logs at: $logdir\"","mapfile -t arr","ls -1td \"$logdir\"/*","true","continue","echo \"Copying: $d\"","cp -R \"$d\" \"$outdir/\"","true","echo \"No VS Code log directory found at $logdir\"","cp -v \"$HOME/.vscode/extensions.last_backup\" \"$outdir/\"","true","tar -czf \"$outdir\".tar.gz -C \"$PWD\" \"$(basename \"$outdir\")\"","basename \"$outdir\"","true","ls -lh \"$outdir\".tar.gz","true","echo \"$outdir\".tar.gz","true"]]
2026-06-10 22:23:42.377 [info] RunInTerminalTool#CommandLineAutoApproveAnalyzer: All sub-commands NOT auto-approved [null]
2026-06-10 22:23:42.377 [info] RunInTerminalTool#CommandLineAutoApproveAnalyzer: Command line NOT auto-approved [null]
2026-06-10 22:23:42.377 [info] RunInTerminalTool#CommandLineAutoApproveAnalyzer: - Command 'date +%Y%m%d_%H%M%S' is approved by allow list rule: date [null]
2026-06-10 22:23:42.377 [info] RunInTerminalTool#CommandLineAutoApproveAnalyzer: - Command 'mkdir -p "$outdir"' has no matching auto approve entries [null]
2026-06-10 22:23:42.377 [info] RunInTerminalTool#CommandLineAutoApproveAnalyzer: - Command 'echo "Found logs at: $logdir"' is approved by allow list rule: echo [null]
2026-06-10 22:23:42.377 [info] RunInTerminalTool#CommandLineAutoApproveAnalyzer: - Command 'mapfile -t arr' has no matching auto approve entries [null]
2026-06-10 22:23:42.377 [info] RunInTerminalTool#CommandLineAutoApproveAnalyzer: - Command 'ls -1td "$logdir"/*' is approved by allow list rule: ls [null]
2026-06-10 22:23:42.377 [info] RunInTerminalTool#CommandLineAutoApproveAnalyzer: - Command 'true' has no matching auto approve entries [null]
2026-06-10 22:23:42.377 [info] RunInTerminalTool#CommandLineAutoApproveAnalyzer: - Command 'continue' has no matching auto approve entries [null]
2026-06-10 22:23:42.377 [info] RunInTerminalTool#CommandLineAutoApproveAnalyzer: - Command 'echo "Copying: $d"' is approved by allow list rule: echo [null]
2026-06-10 22:23:42.378 [info] RunInTerminalTool#CommandLineAutoApproveAnalyzer: - Command 'cp -R "$d" "$outdir/"' has no matching auto approve entries [null]
2026-06-10 22:23:42.378 [info] RunInTerminalTool#CommandLineAutoApproveAnalyzer: - Command 'true' has no matching auto approve entries [null]
2026-06-10 22:23:42.378 [info] RunInTerminalTool#CommandLineAutoApproveAnalyzer: - Command 'echo "No VS Code log directory found at $logdir"' is approved by allow list rule: echo [null]
2026-06-10 22:23:42.378 [info] RunInTerminalTool#CommandLineAutoApproveAnalyzer: - Command 'cp -v "$HOME/.vscode/extensions.last_backup" "$outdir/"' has no matching auto approve entries [null]
2026-06-10 22:23:42.378 [info] RunInTerminalTool#CommandLineAutoApproveAnalyzer: - Command 'true' has no matching auto approve entries [null]
2026-06-10 22:23:42.378 [info] RunInTerminalTool#CommandLineAutoApproveAnalyzer: - Command 'tar -czf "$outdir".tar.gz -C "$PWD" "$(basename "$outdir")"' has no matching auto approve entries [null]
2026-06-10 22:23:42.378 [info] RunInTerminalTool#CommandLineAutoApproveAnalyzer: - Command 'basename "$outdir"' is approved by allow list rule: basename [null]
2026-06-10 22:23:42.378 [info] RunInTerminalTool#CommandLineAutoApproveAnalyzer: - Command 'true' has no matching auto approve entries [null]
2026-06-10 22:23:42.378 [info] RunInTerminalTool#CommandLineAutoApproveAnalyzer: - Command 'ls -lh "$outdir".tar.gz' is approved by allow list rule: ls [null]
2026-06-10 22:23:42.378 [info] RunInTerminalTool#CommandLineAutoApproveAnalyzer: - Command 'true' has no matching auto approve entries [null]
2026-06-10 22:23:42.378 [info] RunInTerminalTool#CommandLineAutoApproveAnalyzer: - Command 'echo "$outdir".tar.gz' is approved by allow list rule: echo [null]
2026-06-10 22:23:42.378 [info] RunInTerminalTool#CommandLineAutoApproveAnalyzer: - Command 'true' has no matching auto approve entries [null]
2026-06-10 22:23:42.378 [info] RunInTerminalTool#CommandLineAutoApproveAnalyzer: - Command line 'timestamp=$(date +%Y%m%d_%H%M%S)
logdir="$HOME/Library/Application Support/Code/logs"
outdir="$PWD/vscode-logs-$timestamp"
mkdir -p "$outdir"
if [ -d "$logdir" ]; then
  echo "Found logs at: $logdir"
  mapfile -t arr < <(ls -1td "$logdir"/* 2>/dev/null || true)
  for d in "${arr[@]:0:3}"; do
    [ -z "$d" ] && continue
    echo "Copying: $d"
    cp -R "$d" "$outdir/" || true
  done
else
  echo "No VS Code log directory found at $logdir"
fi
cp -v "$HOME/.vscode/extensions.last_backup" "$outdir/" 2>/dev/null || true
tar -czf "$outdir".tar.gz -C "$PWD" "$(basename "$outdir")" || true
ls -lh "$outdir".tar.gz 2>/dev/null || true
echo "$outdir".tar.gz > "$HOME/.vscode/last_collected_logs" || true
' has no matching auto approve entries [null]
2026-06-10 22:23:42.382 [info] RunInTerminalTool#CommandLineFileWriteAnalyzer: Detected cwd ["file:///Users/francisblack/Downloads/Fedex"]
2026-06-10 22:23:42.382 [info] RunInTerminalTool#CommandLineFileWriteAnalyzer: File writes detected [["Symbol(null device)","Symbol(null device)","Symbol(null device)","file:///Users/francisblack/Downloads/Fedex/%24HOME/.vscode/last_collected_logs"]]
2026-06-10 22:23:42.382 [info] RunInTerminalTool#CommandLineFileWriteAnalyzer: File write to null device allowed [null]
2026-06-10 22:23:42.382 [info] RunInTerminalTool#CommandLineFileWriteAnalyzer: File write to null device allowed [null]
2026-06-10 22:23:42.382 [info] RunInTerminalTool#CommandLineFileWriteAnalyzer: File write to null device allowed [null]
2026-06-10 22:23:42.382 [info] RunInTerminalTool#CommandLineFileWriteAnalyzer: File write blocked due to likely containing a variable, sub-command, or tilde expansion ["file:///Users/francisblack/Downloads/Fedex/%24HOME/.vscode/last_collected_logs"]
2026-06-10 22:23:44.724 [info] RunInTerminalTool: Using `rich` execute strategy for command ` timestamp=$(date +%Y%m%d_%H%M%S)
logdir="$HOME/Library/Application Support/Code/logs"
outdir="$PWD/vscode-logs-$timestamp"
mkdir -p "$outdir"
if [ -d "$logdir" ]; then
  echo "Found logs at: $logdir"
  mapfile -t arr < <(ls -1td "$logdir"/* 2>/dev/null || true)
  for d in "${arr[@]:0:3}"; do
    [ -z "$d" ] && continue
    echo "Copying: $d"
    cp -R "$d" "$outdir/" || true
  done
else
  echo "No VS Code log directory found at $logdir"
fi
cp -v "$HOME/.vscode/extensions.last_backup" "$outdir/" 2>/dev/null || true
tar -czf "$outdir".tar.gz -C "$PWD" "$(basename "$outdir")" || true
ls -lh "$outdir".tar.gz 2>/dev/null || true
echo "$outdir".tar.gz > "$HOME/.vscode/last_collected_logs" || true
` []
2026-06-10 22:23:45.041 [info] trackIdleOnPrompt: State Initial → Executing (sequence C) []
2026-06-10 22:23:45.090 [info] trackIdleOnPrompt: State Executing → PromptAfterExecuting (sequence A after executing) []
2026-06-10 22:23:46.090 [info] trackIdleOnPrompt: Idle scheduler fired, completing (dataEvents=10) []
2026-06-10 22:23:46.092 [info] RunInTerminalTool: Finished `rich` execute strategy with exitCode `undefined`, result.length `1058`, error `undefined` []
2026-06-10 22:23:46.092 [info] RunInTerminalTool: shellIntegrationQuality=rich at banner decision time []
2026-06-10 22:24:03.173 [info] RunInTerminalTool: Command rewritten by OGe: Prepended with a space to exclude from shell history []
2026-06-10 22:24:03.185 [info] RunInTerminalTool#CommandLineAutoApproveAnalyzer: Parsed sub-commands via bash grammar [["date +%Y%m%d_%H%M%S","mkdir -p \"$outdir/logs\"","echo \"Rsyncing logs from: $logdir\"","rsync -a \"$logdir\"/ \"$outdir/logs/\"","true","echo \"No logs found at: $logdir\"","cp -v \"$HOME/.vscode/extensions.last_backup\" \"$outdir/\"","true","tar -czf \"$outdir\".tar.gz -C \"$PWD\" \"$(basename \"$outdir\")\"","basename \"$outdir\"","true","ls -lh \"$outdir\".tar.gz","true","echo \"$outdir\".tar.gz","true"]]
2026-06-10 22:24:03.185 [info] RunInTerminalTool#CommandLineAutoApproveAnalyzer: All sub-commands NOT auto-approved [null]
2026-06-10 22:24:03.185 [info] RunInTerminalTool#CommandLineAutoApproveAnalyzer: Command line NOT auto-approved [null]
2026-06-10 22:24:03.185 [info] RunInTerminalTool#CommandLineAutoApproveAnalyzer: - Command 'date +%Y%m%d_%H%M%S' is approved by allow list rule: date [null]
2026-06-10 22:24:03.185 [info] RunInTerminalTool#CommandLineAutoApproveAnalyzer: - Command 'mkdir -p "$outdir/logs"' has no matching auto approve entries [null]
2026-06-10 22:24:03.185 [info] RunInTerminalTool#CommandLineAutoApproveAnalyzer: - Command 'echo "Rsyncing logs from: $logdir"' is approved by allow list rule: echo [null]
2026-06-10 22:24:03.186 [info] RunInTerminalTool#CommandLineAutoApproveAnalyzer: - Command 'rsync -a "$logdir"/ "$outdir/logs/"' has no matching auto approve entries [null]
2026-06-10 22:24:03.186 [info] RunInTerminalTool#CommandLineAutoApproveAnalyzer: - Command 'true' has no matching auto approve entries [null]
2026-06-10 22:24:03.186 [info] RunInTerminalTool#CommandLineAutoApproveAnalyzer: - Command 'echo "No logs found at: $logdir"' is approved by allow list rule: echo [null]
2026-06-10 22:24:03.186 [info] RunInTerminalTool#CommandLineAutoApproveAnalyzer: - Command 'cp -v "$HOME/.vscode/extensions.last_backup" "$outdir/"' has no matching auto approve entries [null]
2026-06-10 22:24:03.186 [info] RunInTerminalTool#CommandLineAutoApproveAnalyzer: - Command 'true' has no matching auto approve entries [null]
2026-06-10 22:24:03.186 [info] RunInTerminalTool#CommandLineAutoApproveAnalyzer: - Command 'tar -czf "$outdir".tar.gz -C "$PWD" "$(basename "$outdir")"' has no matching auto approve entries [null]
2026-06-10 22:24:03.186 [info] RunInTerminalTool#CommandLineAutoApproveAnalyzer: - Command 'basename "$outdir"' is approved by allow list rule: basename [null]
2026-06-10 22:24:03.186 [info] RunInTerminalTool#CommandLineAutoApproveAnalyzer: - Command 'true' has no matching auto approve entries [null]
2026-06-10 22:24:03.186 [info] RunInTerminalTool#CommandLineAutoApproveAnalyzer: - Command 'ls -lh "$outdir".tar.gz' is approved by allow list rule: ls [null]
2026-06-10 22:24:03.186 [info] RunInTerminalTool#CommandLineAutoApproveAnalyzer: - Command 'true' has no matching auto approve entries [null]
2026-06-10 22:24:03.186 [info] RunInTerminalTool#CommandLineAutoApproveAnalyzer: - Command 'echo "$outdir".tar.gz' is approved by allow list rule: echo [null]
2026-06-10 22:24:03.186 [info] RunInTerminalTool#CommandLineAutoApproveAnalyzer: - Command 'true' has no matching auto approve entries [null]
2026-06-10 22:24:03.186 [info] RunInTerminalTool#CommandLineAutoApproveAnalyzer: - Command line 'timestamp=$(date +%Y%m%d_%H%M%S)
logdir="$HOME/Library/Application Support/Code/logs"
outdir="$PWD/vscode-logs-$timestamp"
mkdir -p "$outdir/logs"
if [ -d "$logdir" ]; then
  echo "Rsyncing logs from: $logdir"
  rsync -a "$logdir"/ "$outdir/logs/" || true
else
  echo "No logs found at: $logdir"
fi
cp -v "$HOME/.vscode/extensions.last_backup" "$outdir/" 2>/dev/null || true
tar -czf "$outdir".tar.gz -C "$PWD" "$(basename "$outdir")" || true
ls -lh "$outdir".tar.gz 2>/dev/null || true
echo "$outdir".tar.gz > "$HOME/.vscode/last_collected_logs" || true
' has no matching auto approve entries [null]
2026-06-10 22:24:03.189 [info] RunInTerminalTool#CommandLineFileWriteAnalyzer: Detected cwd ["file:///Users/francisblack/Downloads/Fedex"]
2026-06-10 22:24:03.189 [info] RunInTerminalTool#CommandLineFileWriteAnalyzer: File writes detected [["Symbol(null device)","Symbol(null device)","file:///Users/francisblack/Downloads/Fedex/%24HOME/.vscode/last_collected_logs"]]
2026-06-10 22:24:03.189 [info] RunInTerminalTool#CommandLineFileWriteAnalyzer: File write to null device allowed [null]
2026-06-10 22:24:03.189 [info] RunInTerminalTool#CommandLineFileWriteAnalyzer: File write to null device allowed [null]
2026-06-10 22:24:03.189 [info] RunInTerminalTool#CommandLineFileWriteAnalyzer: File write blocked due to likely containing a variable, sub-command, or tilde expansion ["file:///Users/francisblack/Downloads/Fedex/%24HOME/.vscode/last_collected_logs"]
2026-06-10 22:24:04.184 [info] RunInTerminalTool: Using `rich` execute strategy for command ` timestamp=$(date +%Y%m%d_%H%M%S)
logdir="$HOME/Library/Application Support/Code/logs"
outdir="$PWD/vscode-logs-$timestamp"
mkdir -p "$outdir/logs"
if [ -d "$logdir" ]; then
  echo "Rsyncing logs from: $logdir"
  rsync -a "$logdir"/ "$outdir/logs/" || true
else
  echo "No logs found at: $logdir"
fi
cp -v "$HOME/.vscode/extensions.last_backup" "$outdir/" 2>/dev/null || true
tar -czf "$outdir".tar.gz -C "$PWD" "$(basename "$outdir")" || true
ls -lh "$outdir".tar.gz 2>/dev/null || true
echo "$outdir".tar.gz > "$HOME/.vscode/last_collected_logs" || true
` []
2026-06-10 22:24:04.444 [info] trackIdleOnPrompt: State Initial → Executing (sequence C) []
