[debug] [2026-06-12T03:48:30.414Z] ----------------------------------------------------------------------
[debug] [2026-06-12T03:48:30.421Z] Command:       /usr/local/bin/node /usr/local/bin/firebase deploy --only functions
[debug] [2026-06-12T03:48:30.422Z] CLI Version:   15.4.0
[debug] [2026-06-12T03:48:30.422Z] Platform:      darwin
[debug] [2026-06-12T03:48:30.422Z] Node Version:  v24.13.0
[debug] [2026-06-12T03:48:30.422Z] Time:          Thu Jun 11 2026 20:48:30 GMT-0700 (Pacific Daylight Time)
[debug] [2026-06-12T03:48:30.422Z] ----------------------------------------------------------------------
[debug] 
[debug] [2026-06-12T03:48:30.423Z] >>> [apiv2][query] GET https://firebase-public.firebaseio.com/cli.json [none]
[debug] [2026-06-12T03:48:31.384Z] > command requires scopes: ["email","openid","https://www.googleapis.com/auth/cloudplatformprojects.readonly","https://www.googleapis.com/auth/firebase","https://www.googleapis.com/auth/cloud-platform"]
[debug] [2026-06-12T03:48:31.384Z] > authorizing via signed-in user (francisdennisblack@gmail.com)
[debug] [2026-06-12T03:48:31.384Z] [iam] checking project wificontent-143da for permissions ["cloudfunctions.functions.create","cloudfunctions.functions.delete","cloudfunctions.functions.get","cloudfunctions.functions.list","cloudfunctions.functions.update","cloudfunctions.operations.get","firebase.projects.get"]
[debug] [2026-06-12T03:48:31.384Z] Checked if tokens are valid: false, expires at: 1780586673626
[debug] [2026-06-12T03:48:31.384Z] Checked if tokens are valid: false, expires at: 1780586673626
[debug] [2026-06-12T03:48:31.384Z] > refreshing access token with scopes: []
[debug] [2026-06-12T03:48:31.384Z] >>> [apiv2][query] POST https://www.googleapis.com/oauth2/v3/token [none]
[debug] [2026-06-12T03:48:31.384Z] >>> [apiv2][body] POST https://www.googleapis.com/oauth2/v3/token [omitted]
[debug] [2026-06-12T03:48:31.600Z] <<< [apiv2][status] GET https://firebase-public.firebaseio.com/cli.json 200
[debug] [2026-06-12T03:48:31.600Z] <<< [apiv2][body] GET https://firebase-public.firebaseio.com/cli.json {"cloudBuildErrorAfter":1594252800000,"cloudBuildWarnAfter":1590019200000,"defaultNode10After":1594252800000,"minVersion":"3.0.5","node8DeploysDisabledAfter":1613390400000,"node8RuntimeDisabledAfter":1615809600000,"node8WarnAfter":1600128000000}
[debug] [2026-06-12T03:48:31.613Z] <<< [apiv2][status] POST https://www.googleapis.com/oauth2/v3/token 200
[debug] [2026-06-12T03:48:31.613Z] <<< [apiv2][body] POST https://www.googleapis.com/oauth2/v3/token [omitted]
[debug] [2026-06-12T03:48:31.623Z] >>> [apiv2][query] POST https://cloudresourcemanager.googleapis.com/v1/projects/wificontent-143da:testIamPermissions [none]
[debug] [2026-06-12T03:48:31.623Z] >>> [apiv2][(partial)header] POST https://cloudresourcemanager.googleapis.com/v1/projects/wificontent-143da:testIamPermissions x-goog-quota-user=projects/wificontent-143da
[debug] [2026-06-12T03:48:31.623Z] >>> [apiv2][body] POST https://cloudresourcemanager.googleapis.com/v1/projects/wificontent-143da:testIamPermissions {"permissions":["cloudfunctions.functions.create","cloudfunctions.functions.delete","cloudfunctions.functions.get","cloudfunctions.functions.list","cloudfunctions.functions.update","cloudfunctions.operations.get","firebase.projects.get"]}
[debug] [2026-06-12T03:48:31.797Z] <<< [apiv2][status] POST https://cloudresourcemanager.googleapis.com/v1/projects/wificontent-143da:testIamPermissions 200
[debug] [2026-06-12T03:48:31.797Z] <<< [apiv2][body] POST https://cloudresourcemanager.googleapis.com/v1/projects/wificontent-143da:testIamPermissions {"permissions":["cloudfunctions.functions.create","cloudfunctions.functions.delete","cloudfunctions.functions.get","cloudfunctions.functions.list","cloudfunctions.functions.update","cloudfunctions.operations.get","firebase.projects.get"]}
[debug] [2026-06-12T03:48:31.798Z] Checked if tokens are valid: true, expires at: 1781239710613
[debug] [2026-06-12T03:48:31.798Z] Checked if tokens are valid: true, expires at: 1781239710613
[debug] [2026-06-12T03:48:31.798Z] >>> [apiv2][query] POST https://iam.googleapis.com/v1/projects/wificontent-143da/serviceAccounts/wificontent-143da@appspot.gserviceaccount.com:testIamPermissions [none]
[debug] [2026-06-12T03:48:31.798Z] >>> [apiv2][body] POST https://iam.googleapis.com/v1/projects/wificontent-143da/serviceAccounts/wificontent-143da@appspot.gserviceaccount.com:testIamPermissions {"permissions":["iam.serviceAccounts.actAs"]}
[debug] [2026-06-12T03:48:32.172Z] <<< [apiv2][status] POST https://iam.googleapis.com/v1/projects/wificontent-143da/serviceAccounts/wificontent-143da@appspot.gserviceaccount.com:testIamPermissions 200
[debug] [2026-06-12T03:48:32.172Z] <<< [apiv2][body] POST https://iam.googleapis.com/v1/projects/wificontent-143da/serviceAccounts/wificontent-143da@appspot.gserviceaccount.com:testIamPermissions {"permissions":["iam.serviceAccounts.actAs"]}
[info] 
[info] === Deploying to 'wificontent-143da'...
[info] 
[info] i  deploying functions 
[debug] [2026-06-12T03:48:32.175Z] Checked if tokens are valid: true, expires at: 1781239710613
[debug] [2026-06-12T03:48:32.175Z] Checked if tokens are valid: true, expires at: 1781239710613
[debug] [2026-06-12T03:48:32.175Z] >>> [apiv2][query] GET https://cloudresourcemanager.googleapis.com/v1/projects/wificontent-143da [none]
[debug] [2026-06-12T03:48:32.280Z] <<< [apiv2][status] GET https://cloudresourcemanager.googleapis.com/v1/projects/wificontent-143da 200
[debug] [2026-06-12T03:48:32.280Z] <<< [apiv2][body] GET https://cloudresourcemanager.googleapis.com/v1/projects/wificontent-143da {"projectNumber":"158237266758","projectId":"wificontent-143da","lifecycleState":"ACTIVE","name":"Wificontent","labels":{"firebase":"enabled","firebase-core":"disabled"},"createTime":"2026-05-22T05:41:11.551Z"}
[info] i  functions: preparing codebase default for deployment 
[info] i  functions: ensuring required API cloudfunctions.googleapis.com is enabled... 
[info] i  functions: ensuring required API cloudbuild.googleapis.com is enabled... 
[info] i  artifactregistry: ensuring required API artifactregistry.googleapis.com is enabled... 
[debug] [2026-06-12T03:48:32.281Z] Checked if tokens are valid: true, expires at: 1781239710613
[debug] [2026-06-12T03:48:32.281Z] Checked if tokens are valid: true, expires at: 1781239710613
[debug] [2026-06-12T03:48:32.281Z] >>> [apiv2][query] GET https://firebase.googleapis.com/v1beta1/projects/wificontent-143da/adminSdkConfig [none]
[debug] [2026-06-12T03:48:32.782Z] <<< [apiv2][status] GET https://firebase.googleapis.com/v1beta1/projects/wificontent-143da/adminSdkConfig 200
[debug] [2026-06-12T03:48:32.782Z] <<< [apiv2][body] GET https://firebase.googleapis.com/v1beta1/projects/wificontent-143da/adminSdkConfig {"projectId":"wificontent-143da","databaseURL":"https://wificontent-143da-default-rtdb.firebaseio.com","storageBucket":"wificontent-143da.firebasestorage.app"}
[debug] [2026-06-12T03:48:32.783Z] Checked if tokens are valid: true, expires at: 1781239710613
[debug] [2026-06-12T03:48:32.783Z] Checked if tokens are valid: true, expires at: 1781239710613
[debug] [2026-06-12T03:48:32.783Z] >>> [apiv2][query] GET https://runtimeconfig.googleapis.com/v1beta1/projects/wificontent-143da/configs [none]
[debug] [2026-06-12T03:48:33.096Z] <<< [apiv2][status] GET https://runtimeconfig.googleapis.com/v1beta1/projects/wificontent-143da/configs 200
[debug] [2026-06-12T03:48:33.096Z] <<< [apiv2][body] GET https://runtimeconfig.googleapis.com/v1beta1/projects/wificontent-143da/configs {"configs":[{"name":"projects/wificontent-143da/configs/stripe"}]}
[debug] [2026-06-12T03:48:33.097Z] Checked if tokens are valid: true, expires at: 1781239710613
[debug] [2026-06-12T03:48:33.097Z] Checked if tokens are valid: true, expires at: 1781239710613
[debug] [2026-06-12T03:48:33.097Z] >>> [apiv2][query] GET https://runtimeconfig.googleapis.com/v1beta1/projects/wificontent-143da/configs/stripe/variables [none]
[debug] [2026-06-12T03:48:33.257Z] <<< [apiv2][status] GET https://runtimeconfig.googleapis.com/v1beta1/projects/wificontent-143da/configs/stripe/variables 200
[debug] [2026-06-12T03:48:33.258Z] <<< [apiv2][body] GET https://runtimeconfig.googleapis.com/v1beta1/projects/wificontent-143da/configs/stripe/variables {"variables":[{"name":"projects/wificontent-143da/configs/stripe/variables/secret","updateTime":"2026-05-30T01:56:52.021784919Z"}]}
[debug] [2026-06-12T03:48:33.258Z] Checked if tokens are valid: true, expires at: 1781239710613
[debug] [2026-06-12T03:48:33.258Z] Checked if tokens are valid: true, expires at: 1781239710613
[debug] [2026-06-12T03:48:33.258Z] >>> [apiv2][query] GET https://runtimeconfig.googleapis.com/v1beta1/projects/wificontent-143da/configs/stripe/variables/secret [none]
[debug] [2026-06-12T03:48:33.399Z] <<< [apiv2][status] GET https://runtimeconfig.googleapis.com/v1beta1/projects/wificontent-143da/configs/stripe/variables/secret 200
[debug] [2026-06-12T03:48:33.399Z] <<< [apiv2][body] GET https://runtimeconfig.googleapis.com/v1beta1/projects/wificontent-143da/configs/stripe/variables/secret {"name":"projects/wificontent-143da/configs/stripe/variables/secret","updateTime":"2026-05-30T01:56:52.021784919Z","text":"sk_test_..."}
[debug] [2026-06-12T03:48:33.402Z] Validating nodejs source
[warn] ⚠  functions: Runtime Node.js 20 was deprecated on 2026-04-30 and will be decommissioned on 2026-10-30, after which you will not be able to deploy without upgrading. Consider upgrading now to avoid disruption. See https://cloud.google.com/functions/docs/runtime-support for full details on the lifecycle policy 
[warn] ⚠  functions: package.json indicates an outdated version of firebase-functions. Please upgrade using npm install --save firebase-functions@latest in your functions directory. 
[warn] ⚠  functions: Please note that there will be breaking changes when you upgrade. 
[debug] [2026-06-12T03:48:33.953Z] > [functions] package.json contents: {
  "name": "fedex-functions",
  "version": "1.0.0",
  "private": true,
  "engines": {
    "node": "20"
  },
  "dependencies": {
    "firebase-admin": "^11.0.0",
    "firebase-functions": "^4.0.0",
    "stripe": "^12.0.0",
    "express": "^4.18.2",
    "pg": "^8.11.0",
    "@google-cloud/vision": "^4.0.2",
    "@google-cloud/video-intelligence": "^5.0.1"
  }
}
[debug] [2026-06-12T03:48:33.953Z] Building nodejs source
[info] i  functions: Loading and analyzing source code for codebase default to determine what to deploy 
[info] i  functions: You are using a version of firebase-functions SDK (4.9.0) that does not have support for the newest Firebase Extensions features. Please update firebase-functions SDK to >=5.1.0 to use them correctly 
[debug] [2026-06-12T03:48:33.954Z] Could not find functions.yaml. Must use http discovery
[debug] [2026-06-12T03:48:33.958Z] Found firebase-functions binary at '/Users/francisblack/Downloads/Fedex/functions/node_modules/.bin/firebase-functions'
[info] Serving at port 8287

[debug] [2026-06-12T03:48:34.860Z] Got response from /__/functions.yaml {"endpoints":{"api":{"platform":"gcfv1","availableMemoryMb":null,"timeoutSeconds":null,"minInstances":null,"maxInstances":null,"ingressSettings":null,"serviceAccountEmail":null,"vpc":null,"httpsTrigger":{},"entryPoint":"api"},"enforceUserPostLimit":{"platform":"gcfv1","availableMemoryMb":null,"timeoutSeconds":null,"minInstances":null,"maxInstances":null,"ingressSettings":null,"serviceAccountEmail":null,"vpc":null,"eventTrigger":{"eventType":"providers/google.firebase.database/eventTypes/ref.create","eventFilters":{"resource":"projects/_/instances/wificontent-143da-default-rtdb/refs/posts/{postId}"},"retry":false},"labels":{},"entryPoint":"enforceUserPostLimit"},"postMetricsAggregator":{"platform":"gcfv1","availableMemoryMb":null,"timeoutSeconds":null,"minInstances":null,"maxInstances":null,"ingressSettings":null,"serviceAccountEmail":null,"vpc":null,"eventTrigger":{"eventType":"providers/google.firebase.database/eventTypes/ref.create","eventFilters":{"resource":"projects/_/instances/wificontent-143da-default-rtdb/refs/posts/{postId}"},"retry":false},"labels":{},"entryPoint":"postMetricsAggregator"},"consumeUserBadgeOnPostCreate":{"platform":"gcfv1","availableMemoryMb":null,"timeoutSeconds":null,"minInstances":null,"maxInstances":null,"ingressSettings":null,"serviceAccountEmail":null,"vpc":null,"eventTrigger":{"eventType":"providers/google.firebase.database/eventTypes/ref.create","eventFilters":{"resource":"projects/_/instances/wificontent-143da-default-rtdb/refs/posts/{postId}"},"retry":false},"labels":{},"entryPoint":"consumeUserBadgeOnPostCreate"},"cleanBadgesOnContentRemoval":{"platform":"gcfv1","availableMemoryMb":null,"timeoutSeconds":null,"minInstances":null,"maxInstances":null,"ingressSettings":null,"serviceAccountEmail":null,"vpc":null,"eventTrigger":{"eventType":"providers/google.firebase.database/eventTypes/ref.write","eventFilters":{"resource":"projects/_/instances/wificontent-143da-default-rtdb/refs/posts/{postId}/content"},"retry":false},"labels":{},"entryPoint":"cleanBadgesOnContentRemoval"},"createCheckoutSession":{"platform":"gcfv1","availableMemoryMb":null,"timeoutSeconds":null,"minInstances":null,"maxInstances":null,"ingressSettings":null,"serviceAccountEmail":null,"vpc":null,"secretEnvironmentVariables":[{"key":"STRIPE_SECRET"}],"httpsTrigger":{},"entryPoint":"createCheckoutSession"},"createCheckoutSessionCallable":{"platform":"gcfv1","labels":{},"availableMemoryMb":null,"timeoutSeconds":null,"minInstances":null,"maxInstances":null,"ingressSettings":null,"serviceAccountEmail":null,"vpc":null,"secretEnvironmentVariables":[{"key":"STRIPE_SECRET"}],"callableTrigger":{},"entryPoint":"createCheckoutSessionCallable"},"getCheckoutSessionResult":{"platform":"gcfv1","labels":{},"availableMemoryMb":null,"timeoutSeconds":null,"minInstances":null,"maxInstances":null,"ingressSettings":null,"serviceAccountEmail":null,"vpc":null,"secretEnvironmentVariables":[{"key":"STRIPE_SECRET"}],"callableTrigger":{},"entryPoint":"getCheckoutSessionResult"},"handleStripeWebhook":{"platform":"gcfv1","availableMemoryMb":null,"timeoutSeconds":null,"minInstances":null,"maxInstances":null,"ingressSettings":null,"serviceAccountEmail":null,"vpc":null,"secretEnvironmentVariables":[{"key":"STRIPE_SECRET"},{"key":"STRIPE_WEBHOOK_SECRET"}],"httpsTrigger":{},"entryPoint":"handleStripeWebhook"},"createPaymentIntent":{"platform":"gcfv1","labels":{},"availableMemoryMb":null,"timeoutSeconds":null,"minInstances":null,"maxInstances":null,"ingressSettings":null,"serviceAccountEmail":null,"vpc":null,"secretEnvironmentVariables":[{"key":"STRIPE_SECRET"}],"callableTrigger":{},"entryPoint":"createPaymentIntent"},"moderateMedia":{"platform":"gcfv1","labels":{},"availableMemoryMb":512,"timeoutSeconds":180,"minInstances":null,"maxInstances":null,"ingressSettings":null,"serviceAccountEmail":null,"vpc":null,"secretEnvironmentVariables":[{"key":"VISION_SA_KEY"}],"callableTrigger":{},"entryPoint":"moderateMedia"}},"specVersion":"v1alpha1","requiredAPIs":[],"params":[{"type":"secret","name":"STRIPE_SECRET"},{"type":"secret","name":"STRIPE_WEBHOOK_SECRET"},{"type":"secret","name":"VISION_SA_KEY"}]}
[debug] [2026-06-12T03:48:38.889Z] Checked if tokens are valid: true, expires at: 1781239710613
[debug] [2026-06-12T03:48:38.889Z] Checked if tokens are valid: true, expires at: 1781239710613
[debug] [2026-06-12T03:48:38.889Z] >>> [apiv2][query] GET https://secretmanager.googleapis.com/v1/projects/wificontent-143da/secrets/STRIPE_SECRET [none]
[debug] [2026-06-12T03:48:39.093Z] <<< [apiv2][status] GET https://secretmanager.googleapis.com/v1/projects/wificontent-143da/secrets/STRIPE_SECRET 200
[debug] [2026-06-12T03:48:39.093Z] <<< [apiv2][body] GET https://secretmanager.googleapis.com/v1/projects/wificontent-143da/secrets/STRIPE_SECRET {"name":"projects/158237266758/secrets/STRIPE_SECRET","replication":{"automatic":{}},"createTime":"2026-06-04T13:41:14.426698Z","labels":{"firebase-managed":"functions"},"etag":"\"16536db2b338e4\""}
[debug] [2026-06-12T03:48:39.093Z] Checked if tokens are valid: true, expires at: 1781239710613
[debug] [2026-06-12T03:48:39.093Z] Checked if tokens are valid: true, expires at: 1781239710613
[debug] [2026-06-12T03:48:39.093Z] >>> [apiv2][query] GET https://secretmanager.googleapis.com/v1/projects/wificontent-143da/secrets/STRIPE_SECRET/versions/latest [none]
[debug] [2026-06-12T03:48:39.205Z] <<< [apiv2][status] GET https://secretmanager.googleapis.com/v1/projects/wificontent-143da/secrets/STRIPE_SECRET/versions/latest 200
[debug] [2026-06-12T03:48:39.205Z] <<< [apiv2][body] GET https://secretmanager.googleapis.com/v1/projects/wificontent-143da/secrets/STRIPE_SECRET/versions/latest {"name":"projects/158237266758/secrets/STRIPE_SECRET/versions/1","createTime":"2026-06-04T13:41:15.469769Z","state":"ENABLED","replicationStatus":{"automatic":{}},"etag":"\"16536db2bbffc9\""}
[debug] [2026-06-12T03:48:39.205Z] Checked if tokens are valid: true, expires at: 1781239710613
[debug] [2026-06-12T03:48:39.205Z] Checked if tokens are valid: true, expires at: 1781239710613
[debug] [2026-06-12T03:48:39.205Z] >>> [apiv2][query] GET https://secretmanager.googleapis.com/v1/projects/wificontent-143da/secrets/STRIPE_WEBHOOK_SECRET [none]
[debug] [2026-06-12T03:48:39.431Z] <<< [apiv2][status] GET https://secretmanager.googleapis.com/v1/projects/wificontent-143da/secrets/STRIPE_WEBHOOK_SECRET 200
[debug] [2026-06-12T03:48:39.431Z] <<< [apiv2][body] GET https://secretmanager.googleapis.com/v1/projects/wificontent-143da/secrets/STRIPE_WEBHOOK_SECRET {"name":"projects/158237266758/secrets/STRIPE_WEBHOOK_SECRET","replication":{"automatic":{}},"createTime":"2026-06-04T13:41:42.844918Z","labels":{"firebase-managed":"functions"},"etag":"\"16536db462d81e\""}
[debug] [2026-06-12T03:48:39.431Z] Checked if tokens are valid: true, expires at: 1781239710613
[debug] [2026-06-12T03:48:39.431Z] Checked if tokens are valid: true, expires at: 1781239710613
[debug] [2026-06-12T03:48:39.431Z] >>> [apiv2][query] GET https://secretmanager.googleapis.com/v1/projects/wificontent-143da/secrets/STRIPE_WEBHOOK_SECRET/versions/latest [none]
[debug] [2026-06-12T03:48:39.530Z] <<< [apiv2][status] GET https://secretmanager.googleapis.com/v1/projects/wificontent-143da/secrets/STRIPE_WEBHOOK_SECRET/versions/latest 200
[debug] [2026-06-12T03:48:39.530Z] <<< [apiv2][body] GET https://secretmanager.googleapis.com/v1/projects/wificontent-143da/secrets/STRIPE_WEBHOOK_SECRET/versions/latest {"name":"projects/158237266758/secrets/STRIPE_WEBHOOK_SECRET/versions/1","createTime":"2026-06-04T13:41:43.823218Z","state":"ENABLED","replicationStatus":{"automatic":{}},"etag":"\"16536db46ca372\""}
[debug] [2026-06-12T03:48:39.530Z] Checked if tokens are valid: true, expires at: 1781239710613
[debug] [2026-06-12T03:48:39.530Z] Checked if tokens are valid: true, expires at: 1781239710613
[debug] [2026-06-12T03:48:39.531Z] >>> [apiv2][query] GET https://secretmanager.googleapis.com/v1/projects/wificontent-143da/secrets/VISION_SA_KEY [none]
[debug] [2026-06-12T03:48:39.649Z] <<< [apiv2][status] GET https://secretmanager.googleapis.com/v1/projects/wificontent-143da/secrets/VISION_SA_KEY 200
[debug] [2026-06-12T03:48:39.649Z] <<< [apiv2][body] GET https://secretmanager.googleapis.com/v1/projects/wificontent-143da/secrets/VISION_SA_KEY {"name":"projects/158237266758/secrets/VISION_SA_KEY","replication":{"automatic":{}},"createTime":"2026-06-03T23:43:25.500876Z","labels":{"firebase-managed":"functions"},"etag":"\"165361fe6e070d\""}
[debug] [2026-06-12T03:48:39.649Z] Checked if tokens are valid: true, expires at: 1781239710613
[debug] [2026-06-12T03:48:39.649Z] Checked if tokens are valid: true, expires at: 1781239710613
[debug] [2026-06-12T03:48:39.649Z] >>> [apiv2][query] GET https://secretmanager.googleapis.com/v1/projects/wificontent-143da/secrets/VISION_SA_KEY/versions/latest [none]
[debug] [2026-06-12T03:48:39.752Z] <<< [apiv2][status] GET https://secretmanager.googleapis.com/v1/projects/wificontent-143da/secrets/VISION_SA_KEY/versions/latest 200
[debug] [2026-06-12T03:48:39.752Z] <<< [apiv2][body] GET https://secretmanager.googleapis.com/v1/projects/wificontent-143da/secrets/VISION_SA_KEY/versions/latest {"name":"projects/158237266758/secrets/VISION_SA_KEY/versions/1","createTime":"2026-06-03T23:43:26.665002Z","state":"ENABLED","replicationStatus":{"automatic":{}},"etag":"\"165361fe7ae92a\""}
[info] i  functions: preparing functions directory for uploading... 
[info] i  functions: packaged /Users/francisblack/Downloads/Fedex/functions (61.51 KB) for uploading 
[debug] [2026-06-12T03:48:39.777Z] Checked if tokens are valid: true, expires at: 1781239710613
[debug] [2026-06-12T03:48:39.777Z] Checked if tokens are valid: true, expires at: 1781239710613
[debug] [2026-06-12T03:48:39.777Z] >>> [apiv2][query] GET https://cloudfunctions.googleapis.com/v1/projects/wificontent-143da/locations/-/functions [none]
[debug] [2026-06-12T03:48:40.455Z] <<< [apiv2][status] GET https://cloudfunctions.googleapis.com/v1/projects/wificontent-143da/locations/-/functions 200
[debug] [2026-06-12T03:48:40.455Z] <<< [apiv2][body] GET https://cloudfunctions.googleapis.com/v1/projects/wificontent-143da/locations/-/functions {"functions":[{"name":"projects/wificontent-143da/locations/us-central1/functions/createCheckoutSessionCallable","httpsTrigger":{"url":"https://us-central1-wificontent-143da.cloudfunctions.net/createCheckoutSessionCallable","securityLevel":"SECURE_ALWAYS"},"status":"ACTIVE","entryPoint":"createCheckoutSessionCallable","timeout":"60s","availableMemoryMb":256,"serviceAccountEmail":"wificontent-143da@appspot.gserviceaccount.com","updateTime":"2026-06-04T13:50:41.412868032Z","versionId":"1","labels":{"deployment-tool":"cli-firebase","deployment-callable":"true","firebase-functions-hash":"6ff1416a513b0a569cf7e39e5012de45372a7e2c"},"sourceUploadUrl":"https://storage.googleapis.com/uploads-692370461028.us-central1.cloudfunctions.appspot.com/38d152f6-cf3f-4a27-bca2-99ec22d21e79.zip","environmentVariables":{"FIREBASE_CONFIG":"{\"projectId\":\"wificontent-143da\",\"databaseURL\":\"https://wificontent-143da-default-rtdb.firebaseio.com\",\"storageBucket\":\"wificontent-143da.firebasestorage.app\"}","GCLOUD_PROJECT":"wificontent-143da","EVENTARC_CLOUD_EVENT_SOURCE":"projects/wificontent-143da/locations/us-central1/functions/createCheckoutSessionCallable"},"runtime":"nodejs20","ingressSettings":"ALLOW_ALL","buildId":"c96d8118-30a2-4795-9828-102257e4b186","buildEnvironmentVariables":{"GOOGLE_NODE_RUN_SCRIPTS":""},"secretEnvironmentVariables":[{"key":"STRIPE_SECRET","projectId":"158237266758","secret":"STRIPE_SECRET","version":"1"}],"buildName":"projects/158237266758/locations/us-central1/builds/c96d8118-30a2-4795-9828-102257e4b186","dockerRegistry":"ARTIFACT_REGISTRY","automaticUpdatePolicy":{},"buildServiceAccount":"projects/wificontent-143da/serviceAccounts/158237266758-compute@developer.gserviceaccount.com","satisfiesPzi":true},{"name":"projects/wificontent-143da/locations/us-central1/functions/getCheckoutSessionResult","httpsTrigger":{"url":"https://us-central1-wificontent-143da.cloudfunctions.net/getCheckoutSessionResult","securityLevel":"SECURE_ALWAYS"},"status":"ACTIVE","entryPoint":"getCheckoutSessionResult","timeout":"60s","availableMemoryMb":256,"serviceAccountEmail":"wificontent-143da@appspot.gserviceaccount.com","updateTime":"2026-06-04T13:50:40.765250254Z","versionId":"1","labels":{"deployment-tool":"cli-firebase","deployment-callable":"true","firebase-functions-hash":"6ff1416a513b0a569cf7e39e5012de45372a7e2c"},"sourceUploadUrl":"https://storage.googleapis.com/uploads-692370461028.us-central1.cloudfunctions.appspot.com/38d152f6-cf3f-4a27-bca2-99ec22d21e79.zip","environmentVariables":{"FIREBASE_CONFIG":"{\"projectId\":\"wificontent-143da\",\"databaseURL\":\"https://wificontent-143da-default-rtdb.firebaseio.com\",\"storageBucket\":\"wificontent-143da.firebasestorage.app\"}","GCLOUD_PROJECT":"wificontent-143da","EVENTARC_CLOUD_EVENT_SOURCE":"projects/wificontent-143da/locations/us-central1/functions/getCheckoutSessionResult"},"runtime":"nodejs20","ingressSettings":"ALLOW_ALL","buildId":"c96d8118-30a2-4795-9828-102257e4b186","buildEnvironmentVariables":{"GOOGLE_NODE_RUN_SCRIPTS":""},"secretEnvironmentVariables":[{"key":"STRIPE_SECRET","projectId":"158237266758","secret":"STRIPE_SECRET","version":"1"}],"buildName":"projects/158237266758/locations/us-central1/builds/c96d8118-30a2-4795-9828-102257e4b186","dockerRegistry":"ARTIFACT_REGISTRY","automaticUpdatePolicy":{},"buildServiceAccount":"projects/wificontent-143da/serviceAccounts/158237266758-compute@developer.gserviceaccount.com","satisfiesPzi":true},{"name":"projects/wificontent-143da/locations/us-central1/functions/moderateMedia","httpsTrigger":{"url":"https://us-central1-wificontent-143da.cloudfunctions.net/moderateMedia","securityLevel":"SECURE_ALWAYS"},"status":"ACTIVE","entryPoint":"moderateMedia","timeout":"180s","availableMemoryMb":512,"serviceAccountEmail":"wificontent-143da@appspot.gserviceaccount.com","updateTime":"2026-06-04T13:21:58.566Z","versionId":"11","labels":{"deployment-tool":"cli-firebase","deployment-callable":"true","firebase-functions-hash":"b49099bd00e252c557420ac3a31987a4b3ddb8ea"},"sourceUploadUrl":"https://storage.googleapis.com/uploads-692370461028.us-central1.cloudfunctions.appspot.com/161ff7e2-ef88-4fe8-9018-0b1da7835368.zip","environmentVariables":{"FIREBASE_CONFIG":"{\"projectId\":\"wificontent-143da\",\"databaseURL\":\"https://wificontent-143da-default-rtdb.firebaseio.com\",\"storageBucket\":\"wificontent-143da.firebasestorage.app\"}","GCLOUD_PROJECT":"wificontent-143da","EVENTARC_CLOUD_EVENT_SOURCE":"projects/wificontent-143da/locations/us-central1/functions/moderateMedia"},"runtime":"nodejs20","ingressSettings":"ALLOW_ALL","buildId":"131c799e-fb82-4468-b64c-2eaf28f8c7c1","buildEnvironmentVariables":{"GOOGLE_NODE_RUN_SCRIPTS":""},"secretEnvironmentVariables":[{"key":"VISION_SA_KEY","projectId":"158237266758","secret":"VISION_SA_KEY","version":"1"}],"buildName":"projects/158237266758/locations/us-central1/builds/131c799e-fb82-4468-b64c-2eaf28f8c7c1","dockerRegistry":"ARTIFACT_REGISTRY","automaticUpdatePolicy":{},"buildServiceAccount":"projects/wificontent-143da/serviceAccounts/158237266758-compute@developer.gserviceaccount.com","satisfiesPzi":true},{"name":"projects/wificontent-143da/locations/us-central1/functions/createPaymentIntent","httpsTrigger":{"url":"https://us-central1-wificontent-143da.cloudfunctions.net/createPaymentIntent","securityLevel":"SECURE_ALWAYS"},"status":"ACTIVE","entryPoint":"createPaymentIntent","timeout":"60s","availableMemoryMb":256,"serviceAccountEmail":"wificontent-143da@appspot.gserviceaccount.com","updateTime":"2026-06-04T14:26:15.364Z","versionId":"2","labels":{"deployment-callable":"true","firebase-functions-hash":"cab3c33528d45ef37c9984f4eaba7ea86af4c742","deployment-tool":"cli-firebase"},"sourceUploadUrl":"https://storage.googleapis.com/uploads-692370461028.us-central1.cloudfunctions.appspot.com/f8a16928-b85c-478a-ab5d-21fb641e87fe.zip","environmentVariables":{"FIREBASE_CONFIG":"{\"projectId\":\"wificontent-143da\",\"databaseURL\":\"https://wificontent-143da-default-rtdb.firebaseio.com\",\"storageBucket\":\"wificontent-143da.firebasestorage.app\"}","GCLOUD_PROJECT":"wificontent-143da","EVENTARC_CLOUD_EVENT_SOURCE":"projects/wificontent-143da/locations/us-central1/functions/createPaymentIntent"},"runtime":"nodejs20","ingressSettings":"ALLOW_ALL","buildId":"99ab3ad8-6f35-417c-8dbe-866afa72bb84","buildEnvironmentVariables":{"GOOGLE_NODE_RUN_SCRIPTS":""},"secretEnvironmentVariables":[{"key":"STRIPE_SECRET","projectId":"158237266758","secret":"STRIPE_SECRET","version":"1"}],"buildName":"projects/158237266758/locations/us-central1/builds/99ab3ad8-6f35-417c-8dbe-866afa72bb84","dockerRegistry":"ARTIFACT_REGISTRY","automaticUpdatePolicy":{},"buildServiceAccount":"projects/wificontent-143da/serviceAccounts/158237266758-compute@developer.gserviceaccount.com","satisfiesPzi":true},{"name":"projects/wificontent-143da/locations/us-central1/functions/createCheckoutSession","httpsTrigger":{"url":"https://us-central1-wificontent-143da.cloudfunctions.net/createCheckoutSession","securityLevel":"SECURE_ALWAYS"},"status":"ACTIVE","entryPoint":"createCheckoutSession","timeout":"60s","availableMemoryMb":256,"serviceAccountEmail":"wificontent-143da@appspot.gserviceaccount.com","updateTime":"2026-06-04T13:50:46.078816070Z","versionId":"1","labels":{"firebase-functions-hash":"6ff1416a513b0a569cf7e39e5012de45372a7e2c","deployment-tool":"cli-firebase"},"sourceUploadUrl":"https://storage.googleapis.com/uploads-692370461028.us-central1.cloudfunctions.appspot.com/38d152f6-cf3f-4a27-bca2-99ec22d21e79.zip","environmentVariables":{"FIREBASE_CONFIG":"{\"projectId\":\"wificontent-143da\",\"databaseURL\":\"https://wificontent-143da-default-rtdb.firebaseio.com\",\"storageBucket\":\"wificontent-143da.firebasestorage.app\"}","GCLOUD_PROJECT":"wificontent-143da","EVENTARC_CLOUD_EVENT_SOURCE":"projects/wificontent-143da/locations/us-central1/functions/createCheckoutSession"},"runtime":"nodejs20","ingressSettings":"ALLOW_ALL","buildId":"c96d8118-30a2-4795-9828-102257e4b186","buildEnvironmentVariables":{"GOOGLE_NODE_RUN_SCRIPTS":""},"secretEnvironmentVariables":[{"key":"STRIPE_SECRET","projectId":"158237266758","secret":"STRIPE_SECRET","version":"1"}],"buildName":"projects/158237266758/locations/us-central1/builds/c96d8118-30a2-4795-9828-102257e4b186","dockerRegistry":"ARTIFACT_REGISTRY","automaticUpdatePolicy":{},"buildServiceAccount":"projects/wificontent-143da/serviceAccounts/158237266758-compute@developer.gserviceaccount.com","satisfiesPzi":true},{"name":"projects/wificontent-143da/locations/us-central1/functions/handleStripeWebhook","httpsTrigger":{"url":"https://us-central1-wificontent-143da.cloudfunctions.net/handleStripeWebhook","securityLevel":"SECURE_ALWAYS"},"status":"ACTIVE","entryPoint":"handleStripeWebhook","timeout":"60s","availableMemoryMb":256,"serviceAccountEmail":"wificontent-143da@appspot.gserviceaccount.com","updateTime":"2026-06-04T14:26:15.472Z","versionId":"3","labels":{"deployment-tool":"cli-firebase","firebase-functions-hash":"e3590145405efb681dc2cc97e3ebcf2ebcc5e2d6"},"sourceUploadUrl":"https://storage.googleapis.com/uploads-692370461028.us-central1.cloudfunctions.appspot.com/f8a16928-b85c-478a-ab5d-21fb641e87fe.zip","environmentVariables":{"FIREBASE_CONFIG":"{\"projectId\":\"wificontent-143da\",\"databaseURL\":\"https://wificontent-143da-default-rtdb.firebaseio.com\",\"storageBucket\":\"wificontent-143da.firebasestorage.app\"}","GCLOUD_PROJECT":"wificontent-143da","EVENTARC_CLOUD_EVENT_SOURCE":"projects/wificontent-143da/locations/us-central1/functions/handleStripeWebhook"},"runtime":"nodejs20","ingressSettings":"ALLOW_ALL","buildId":"99ab3ad8-6f35-417c-8dbe-866afa72bb84","buildEnvironmentVariables":{"GOOGLE_NODE_RUN_SCRIPTS":""},"secretEnvironmentVariables":[{"key":"STRIPE_SECRET","projectId":"158237266758","secret":"STRIPE_SECRET","version":"1"},{"key":"STRIPE_WEBHOOK_SECRET","projectId":"158237266758","secret":"STRIPE_WEBHOOK_SECRET","version":"1"}],"buildName":"projects/158237266758/locations/us-central1/builds/99ab3ad8-6f35-417c-8dbe-866afa72bb84","dockerRegistry":"ARTIFACT_REGISTRY","automaticUpdatePolicy":{},"buildServiceAccount":"projects/wificontent-143da/serviceAccounts/158237266758-compute@developer.gserviceaccount.com","satisfiesPzi":true}]}
[debug] [2026-06-12T03:48:40.456Z] Checked if tokens are valid: true, expires at: 1781239710613
[debug] [2026-06-12T03:48:40.456Z] Checked if tokens are valid: true, expires at: 1781239710613
[debug] [2026-06-12T03:48:40.456Z] >>> [apiv2][query] GET https://cloudfunctions.googleapis.com/v2/projects/wificontent-143da/locations/-/functions filter=environment%3D%22GEN_2%22
[debug] [2026-06-12T03:48:41.030Z] <<< [apiv2][status] GET https://cloudfunctions.googleapis.com/v2/projects/wificontent-143da/locations/-/functions 200
[debug] [2026-06-12T03:48:41.031Z] <<< [apiv2][body] GET https://cloudfunctions.googleapis.com/v2/projects/wificontent-143da/locations/-/functions {}
[info] i  functions: ensuring required API secretmanager.googleapis.com is enabled... 
[debug] [2026-06-12T03:48:41.035Z] Checked if tokens are valid: true, expires at: 1781239710613
[debug] [2026-06-12T03:48:41.035Z] Checked if tokens are valid: true, expires at: 1781239710613
[debug] [2026-06-12T03:48:41.035Z] Checked if tokens are valid: true, expires at: 1781239710613
[debug] [2026-06-12T03:48:41.035Z] Checked if tokens are valid: true, expires at: 1781239710613
[debug] [2026-06-12T03:48:41.035Z] Checked if tokens are valid: true, expires at: 1781239710613
[debug] [2026-06-12T03:48:41.035Z] Checked if tokens are valid: true, expires at: 1781239710613
[debug] [2026-06-12T03:48:41.035Z] >>> [apiv2][query] GET https://secretmanager.googleapis.com/v1/projects/wificontent-143da/secrets/STRIPE_SECRET/versions/latest [none]
[debug] [2026-06-12T03:48:41.036Z] >>> [apiv2][query] GET https://secretmanager.googleapis.com/v1/projects/wificontent-143da/secrets/STRIPE_WEBHOOK_SECRET/versions/latest [none]
[debug] [2026-06-12T03:48:41.038Z] >>> [apiv2][query] GET https://secretmanager.googleapis.com/v1/projects/wificontent-143da/secrets/VISION_SA_KEY/versions/latest [none]
[debug] [2026-06-12T03:48:41.163Z] <<< [apiv2][status] GET https://secretmanager.googleapis.com/v1/projects/wificontent-143da/secrets/STRIPE_SECRET/versions/latest 200
[debug] [2026-06-12T03:48:41.163Z] <<< [apiv2][body] GET https://secretmanager.googleapis.com/v1/projects/wificontent-143da/secrets/STRIPE_SECRET/versions/latest {"name":"projects/158237266758/secrets/STRIPE_SECRET/versions/1","createTime":"2026-06-04T13:41:15.469769Z","state":"ENABLED","replicationStatus":{"automatic":{}},"etag":"\"16536db2bbffc9\""}
[debug] [2026-06-12T03:48:41.163Z] Resolved secret version of STRIPE_SECRET to 1.
[debug] [2026-06-12T03:48:41.222Z] <<< [apiv2][status] GET https://secretmanager.googleapis.com/v1/projects/wificontent-143da/secrets/VISION_SA_KEY/versions/latest 200
[debug] [2026-06-12T03:48:41.222Z] <<< [apiv2][body] GET https://secretmanager.googleapis.com/v1/projects/wificontent-143da/secrets/VISION_SA_KEY/versions/latest {"name":"projects/158237266758/secrets/VISION_SA_KEY/versions/1","createTime":"2026-06-03T23:43:26.665002Z","state":"ENABLED","replicationStatus":{"automatic":{}},"etag":"\"165361fe7ae92a\""}
[debug] [2026-06-12T03:48:41.222Z] Resolved secret version of VISION_SA_KEY to 1.
[debug] [2026-06-12T03:48:41.244Z] <<< [apiv2][status] GET https://secretmanager.googleapis.com/v1/projects/wificontent-143da/secrets/STRIPE_WEBHOOK_SECRET/versions/latest 200
[debug] [2026-06-12T03:48:41.244Z] <<< [apiv2][body] GET https://secretmanager.googleapis.com/v1/projects/wificontent-143da/secrets/STRIPE_WEBHOOK_SECRET/versions/latest {"name":"projects/158237266758/secrets/STRIPE_WEBHOOK_SECRET/versions/1","createTime":"2026-06-04T13:41:43.823218Z","state":"ENABLED","replicationStatus":{"automatic":{}},"etag":"\"16536db46ca372\""}
[debug] [2026-06-12T03:48:41.244Z] Resolved secret version of STRIPE_WEBHOOK_SECRET to 1.
[debug] [2026-06-12T03:48:41.245Z] Checked if tokens are valid: true, expires at: 1781239710613
[debug] [2026-06-12T03:48:41.245Z] Checked if tokens are valid: true, expires at: 1781239710613
[debug] [2026-06-12T03:48:41.245Z] >>> [apiv2][query] GET https://cloudresourcemanager.googleapis.com/v1/projects/wificontent-143da [none]
[debug] [2026-06-12T03:48:41.493Z] <<< [apiv2][status] GET https://cloudresourcemanager.googleapis.com/v1/projects/wificontent-143da 200
[debug] [2026-06-12T03:48:41.494Z] <<< [apiv2][body] GET https://cloudresourcemanager.googleapis.com/v1/projects/wificontent-143da {"projectNumber":"158237266758","projectId":"wificontent-143da","lifecycleState":"ACTIVE","name":"Wificontent","labels":{"firebase":"enabled","firebase-core":"disabled"},"createTime":"2026-05-22T05:41:11.551Z"}
[debug] [2026-06-12T03:48:41.495Z] [functions] found 1 new HTTP functions, testing setIamPolicy permission...
[debug] [2026-06-12T03:48:41.496Z] Checked if tokens are valid: true, expires at: 1781239710613
[debug] [2026-06-12T03:48:41.496Z] Checked if tokens are valid: true, expires at: 1781239710613
[debug] [2026-06-12T03:48:41.496Z] >>> [apiv2][query] POST https://cloudresourcemanager.googleapis.com/v1/projects/wificontent-143da:testIamPermissions [none]
[debug] [2026-06-12T03:48:41.496Z] >>> [apiv2][(partial)header] POST https://cloudresourcemanager.googleapis.com/v1/projects/wificontent-143da:testIamPermissions x-goog-quota-user=projects/wificontent-143da
[debug] [2026-06-12T03:48:41.496Z] >>> [apiv2][body] POST https://cloudresourcemanager.googleapis.com/v1/projects/wificontent-143da:testIamPermissions {"permissions":["cloudfunctions.functions.setIamPolicy"]}
[debug] [2026-06-12T03:48:41.581Z] <<< [apiv2][status] POST https://cloudresourcemanager.googleapis.com/v1/projects/wificontent-143da:testIamPermissions 200
[debug] [2026-06-12T03:48:41.581Z] <<< [apiv2][body] POST https://cloudresourcemanager.googleapis.com/v1/projects/wificontent-143da:testIamPermissions {"permissions":["cloudfunctions.functions.setIamPolicy"]}
[debug] [2026-06-12T03:48:41.581Z] [functions] found setIamPolicy permission, proceeding with deploy
[debug] [2026-06-12T03:48:41.582Z] Checked if tokens are valid: true, expires at: 1781239710613
[debug] [2026-06-12T03:48:41.582Z] Checked if tokens are valid: true, expires at: 1781239710613
[debug] [2026-06-12T03:48:41.582Z] >>> [apiv2][query] POST https://cloudfunctions.googleapis.com/v1/projects/wificontent-143da/locations/us-central1/functions:generateUploadUrl [none]
[debug] [2026-06-12T03:48:41.582Z] >>> [apiv2][body] POST https://cloudfunctions.googleapis.com/v1/projects/wificontent-143da/locations/us-central1/functions:generateUploadUrl {}
[debug] [2026-06-12T03:48:42.249Z] <<< [apiv2][status] POST https://cloudfunctions.googleapis.com/v1/projects/wificontent-143da/locations/us-central1/functions:generateUploadUrl 200
[debug] [2026-06-12T03:48:42.249Z] <<< [apiv2][body] POST https://cloudfunctions.googleapis.com/v1/projects/wificontent-143da/locations/us-central1/functions:generateUploadUrl {"uploadUrl":"https://storage.googleapis.com/uploads-692370461028.us-central1.cloudfunctions.appspot.com/e23b853a-3ed3-495c-879f-8ded39f92370.zip?GoogleAccessId=service-158237266758@gcf-admin-robot.iam.gserviceaccount.com&Expires=1781237922&Signature=d56zPuSwBjR02X%2BZwxa59MlRDmDLk1dBU5RvVAdR%2FnHRykAWesF3TGlaaC76rpUtkBw%2B35xCPMyKO%2F6VNxk2nYfUm8Ru0wX%2BXDXi55nu0%2Ba9x2hdOpxiZyjw7%2ByNdYnIhPAxJbwNY80qurlTtSw3Twj57GNfCIiMMz6Rn1ohcGTiFFGIPw5aVHFKd7fzBNGwx%2B7%2FzbbY9ueKH%2BhaQyTUg16guwy5W0EFBh4r%2FXHFB2XXIwnKoBywjTtXvYcTVzqVmKBSZMhpAgUJUrPCz4h%2FUgFmBCr%2Fg9R6YTnv91Bo4512UU20vfvh%2Fmct5wnrnABSTYR7akJ8qLJHBp1k0GfluQ%3D%3D"}
[debug] [2026-06-12T03:48:42.249Z] >>> [apiv2][query] PUT https://storage.googleapis.com/uploads-692370461028.us-central1.cloudfunctions.appspot.com/e23b853a-3ed3-495c-879f-8ded39f92370.zip GoogleAccessId=service-158237266758%40gcf-admin-robot.iam.gserviceaccount.com&Expires=1781237922&Signature=d56zPuSwBjR02X%2BZwxa59MlRDmDLk1dBU5RvVAdR%2FnHRykAWesF3TGlaaC76rpUtkBw%2B35xCPMyKO%2F6VNxk2nYfUm8Ru0wX%2BXDXi55nu0%2Ba9x2hdOpxiZyjw7%2ByNdYnIhPAxJbwNY80qurlTtSw3Twj57GNfCIiMMz6Rn1ohcGTiFFGIPw5aVHFKd7fzBNGwx%2B7%2FzbbY9ueKH%2BhaQyTUg16guwy5W0EFBh4r%2FXHFB2XXIwnKoBywjTtXvYcTVzqVmKBSZMhpAgUJUrPCz4h%2FUgFmBCr%2Fg9R6YTnv91Bo4512UU20vfvh%2Fmct5wnrnABSTYR7akJ8qLJHBp1k0GfluQ%3D%3D
[debug] [2026-06-12T03:48:42.250Z] >>> [apiv2][body] PUT https://storage.googleapis.com/uploads-692370461028.us-central1.cloudfunctions.appspot.com/e23b853a-3ed3-495c-879f-8ded39f92370.zip [stream]
[debug] [2026-06-12T03:48:42.579Z] <<< [apiv2][status] PUT https://storage.googleapis.com/uploads-692370461028.us-central1.cloudfunctions.appspot.com/e23b853a-3ed3-495c-879f-8ded39f92370.zip 200
[debug] [2026-06-12T03:48:42.579Z] <<< [apiv2][body] PUT https://storage.googleapis.com/uploads-692370461028.us-central1.cloudfunctions.appspot.com/e23b853a-3ed3-495c-879f-8ded39f92370.zip [omitted]
[info] ✔  functions: functions source uploaded successfully 
[info] i  functions: creating Node.js 20 (1st Gen) function api(us-central1)... 
[info] i  functions: creating Node.js 20 (1st Gen) function enforceUserPostLimit(us-central1)... 
[info] i  functions: creating Node.js 20 (1st Gen) function postMetricsAggregator(us-central1)... 
[info] i  functions: creating Node.js 20 (1st Gen) function consumeUserBadgeOnPostCreate(us-central1)... 
[info] i  functions: creating Node.js 20 (1st Gen) function cleanBadgesOnContentRemoval(us-central1)... 
[info] i  functions: updating Node.js 20 (1st Gen) function createCheckoutSession(us-central1)... 
[info] i  functions: updating Node.js 20 (1st Gen) function createCheckoutSessionCallable(us-central1)... 
[info] i  functions: updating Node.js 20 (1st Gen) function getCheckoutSessionResult(us-central1)... 
[info] i  functions: updating Node.js 20 (1st Gen) function handleStripeWebhook(us-central1)... 
[info] i  functions: updating Node.js 20 (1st Gen) function createPaymentIntent(us-central1)... 
[info] i  functions: updating Node.js 20 (1st Gen) function moderateMedia(us-central1)... 
[debug] [2026-06-12T03:48:42.586Z] Checked if tokens are valid: true, expires at: 1781239710613
[debug] [2026-06-12T03:48:42.586Z] Checked if tokens are valid: true, expires at: 1781239710613
[debug] [2026-06-12T03:48:42.587Z] Checked if tokens are valid: true, expires at: 1781239710613
[debug] [2026-06-12T03:48:42.587Z] Checked if tokens are valid: true, expires at: 1781239710613
[debug] [2026-06-12T03:48:42.587Z] >>> [apiv2][query] POST https://cloudfunctions.googleapis.com/v1/projects/wificontent-143da/locations/us-central1/functions [none]
[debug] [2026-06-12T03:48:42.587Z] >>> [apiv2][body] POST https://cloudfunctions.googleapis.com/v1/projects/wificontent-143da/locations/us-central1/functions {"name":"projects/wificontent-143da/locations/us-central1/functions/api","sourceUploadUrl":"https://storage.googleapis.com/uploads-692370461028.us-central1.cloudfunctions.appspot.com/e23b853a-3ed3-495c-879f-8ded39f92370.zip?GoogleAccessId=service-158237266758@gcf-admin-robot.iam.gserviceaccount.com&Expires=1781237922&Signature=d56zPuSwBjR02X%2BZwxa59MlRDmDLk1dBU5RvVAdR%2FnHRykAWesF3TGlaaC76rpUtkBw%2B35xCPMyKO%2F6VNxk2nYfUm8Ru0wX%2BXDXi55nu0%2Ba9x2hdOpxiZyjw7%2ByNdYnIhPAxJbwNY80qurlTtSw3Twj57GNfCIiMMz6Rn1ohcGTiFFGIPw5aVHFKd7fzBNGwx%2B7%2FzbbY9ueKH%2BhaQyTUg16guwy5W0EFBh4r%2FXHFB2XXIwnKoBywjTtXvYcTVzqVmKBSZMhpAgUJUrPCz4h%2FUgFmBCr%2Fg9R6YTnv91Bo4512UU20vfvh%2Fmct5wnrnABSTYR7akJ8qLJHBp1k0GfluQ%3D%3D","entryPoint":"api","runtime":"nodejs20","dockerRegistry":"ARTIFACT_REGISTRY","labels":{"deployment-tool":"cli-firebase","firebase-functions-hash":"f04f99181a37ddd0deea7a83159d393e6ce5c944"},"httpsTrigger":{"securityLevel":"SECURE_ALWAYS"},"minInstances":null,"maxInstances":null,"ingressSettings":null,"environmentVariables":{"FIREBASE_CONFIG":"{\"projectId\":\"wificontent-143da\",\"databaseURL\":\"https://wificontent-143da-default-rtdb.firebaseio.com\",\"storageBucket\":\"wificontent-143da.firebasestorage.app\"}","GCLOUD_PROJECT":"wificontent-143da","EVENTARC_CLOUD_EVENT_SOURCE":"projects/wificontent-143da/locations/us-central1/functions/api"},"serviceAccountEmail":null,"availableMemoryMb":null,"timeout":null,"vpcConnector":null,"vpcConnectorEgressSettings":null,"buildEnvironmentVariables":{"GOOGLE_NODE_RUN_SCRIPTS":""}}
[debug] [2026-06-12T03:48:42.588Z] >>> [apiv2][query] PATCH https://cloudfunctions.googleapis.com/v1/projects/wificontent-143da/locations/us-central1/functions/moderateMedia updateMask=name%2CsourceUploadUrl%2CentryPoint%2Cruntime%2CdockerRegistry%2Clabels%2ChttpsTrigger.securityLevel%2CminInstances%2CmaxInstances%2CingressSettings%2CenvironmentVariables%2CsecretEnvironmentVariables%2CserviceAccountEmail%2CavailableMemoryMb%2Ctimeout%2CvpcConnector%2CvpcConnectorEgressSettings%2CsourceToken%2CbuildEnvironmentVariables
[debug] [2026-06-12T03:48:42.588Z] >>> [apiv2][body] PATCH https://cloudfunctions.googleapis.com/v1/projects/wificontent-143da/locations/us-central1/functions/moderateMedia {"name":"projects/wificontent-143da/locations/us-central1/functions/moderateMedia","sourceUploadUrl":"https://storage.googleapis.com/uploads-692370461028.us-central1.cloudfunctions.appspot.com/e23b853a-3ed3-495c-879f-8ded39f92370.zip?GoogleAccessId=service-158237266758@gcf-admin-robot.iam.gserviceaccount.com&Expires=1781237922&Signature=d56zPuSwBjR02X%2BZwxa59MlRDmDLk1dBU5RvVAdR%2FnHRykAWesF3TGlaaC76rpUtkBw%2B35xCPMyKO%2F6VNxk2nYfUm8Ru0wX%2BXDXi55nu0%2Ba9x2hdOpxiZyjw7%2ByNdYnIhPAxJbwNY80qurlTtSw3Twj57GNfCIiMMz6Rn1ohcGTiFFGIPw5aVHFKd7fzBNGwx%2B7%2FzbbY9ueKH%2BhaQyTUg16guwy5W0EFBh4r%2FXHFB2XXIwnKoBywjTtXvYcTVzqVmKBSZMhpAgUJUrPCz4h%2FUgFmBCr%2Fg9R6YTnv91Bo4512UU20vfvh%2Fmct5wnrnABSTYR7akJ8qLJHBp1k0GfluQ%3D%3D","entryPoint":"moderateMedia","runtime":"nodejs20","dockerRegistry":"ARTIFACT_REGISTRY","labels":{"deployment-tool":"cli-firebase","deployment-callable":"true","firebase-functions-hash":"1cafcc6931136bc8fac1115b6732069a832ba6b1"},"httpsTrigger":{"securityLevel":"SECURE_ALWAYS"},"minInstances":null,"maxInstances":null,"ingressSettings":null,"environmentVariables":{"FIREBASE_CONFIG":"{\"projectId\":\"wificontent-143da\",\"databaseURL\":\"https://wificontent-143da-default-rtdb.firebaseio.com\",\"storageBucket\":\"wificontent-143da.firebasestorage.app\"}","GCLOUD_PROJECT":"wificontent-143da","EVENTARC_CLOUD_EVENT_SOURCE":"projects/wificontent-143da/locations/us-central1/functions/moderateMedia"},"secretEnvironmentVariables":[{"key":"VISION_SA_KEY","secret":"VISION_SA_KEY","projectId":"wificontent-143da","version":"1"}],"serviceAccountEmail":null,"availableMemoryMb":512,"timeout":"180s","vpcConnector":null,"vpcConnectorEgressSettings":null,"buildEnvironmentVariables":{"GOOGLE_NODE_RUN_SCRIPTS":""}}
[debug] [2026-06-12T03:48:43.141Z] <<< [apiv2][status] PATCH https://cloudfunctions.googleapis.com/v1/projects/wificontent-143da/locations/us-central1/functions/moderateMedia 200
[debug] [2026-06-12T03:48:43.141Z] <<< [apiv2][body] PATCH https://cloudfunctions.googleapis.com/v1/projects/wificontent-143da/locations/us-central1/functions/moderateMedia {"name":"operations/d2lmaWNvbnRlbnQtMTQzZGEvdXMtY2VudHJhbDEvbW9kZXJhdGVNZWRpYS93QW1PUUxiYnRocw","metadata":{"@type":"type.googleapis.com/google.cloud.functions.v1.OperationMetadataV1","target":"projects/wificontent-143da/locations/us-central1/functions/moderateMedia","type":"UPDATE_FUNCTION","request":{"@type":"type.googleapis.com/google.cloud.functions.v1.CloudFunction","name":"projects/wificontent-143da/locations/us-central1/functions/moderateMedia","httpsTrigger":{"url":"https://us-central1-wificontent-143da.cloudfunctions.net/moderateMedia","securityLevel":"SECURE_ALWAYS"},"status":"ACTIVE","entryPoint":"moderateMedia","timeout":"180s","availableMemoryMb":512,"updateTime":"2026-06-04T13:21:58.566Z","versionId":"11","labels":{"deployment-tool":"cli-firebase","deployment-callable":"true","firebase-functions-hash":"1cafcc6931136bc8fac1115b6732069a832ba6b1"},"sourceUploadUrl":"https://storage.googleapis.com/uploads-692370461028.us-central1.cloudfunctions.appspot.com/e23b853a-3ed3-495c-879f-8ded39f92370.zip?GoogleAccessId=service-158237266758@gcf-admin-robot.iam.gserviceaccount.com&Expires=1781237922&Signature=d56zPuSwBjR02X%2BZwxa59MlRDmDLk1dBU5RvVAdR%2FnHRykAWesF3TGlaaC76rpUtkBw%2B35xCPMyKO%2F6VNxk2nYfUm8Ru0wX%2BXDXi55nu0%2Ba9x2hdOpxiZyjw7%2ByNdYnIhPAxJbwNY80qurlTtSw3Twj57GNfCIiMMz6Rn1ohcGTiFFGIPw5aVHFKd7fzBNGwx%2B7%2FzbbY9ueKH%2BhaQyTUg16guwy5W0EFBh4r%2FXHFB2XXIwnKoBywjTtXvYcTVzqVmKBSZMhpAgUJUrPCz4h%2FUgFmBCr%2Fg9R6YTnv91Bo4512UU20vfvh%2Fmct5wnrnABSTYR7akJ8qLJHBp1k0GfluQ%3D%3D","environmentVariables":{"FIREBASE_CONFIG":"{\"projectId\":\"wificontent-143da\",\"databaseURL\":\"https://wificontent-143da-default-rtdb.firebaseio.com\",\"storageBucket\":\"wificontent-143da.firebasestorage.app\"}","GCLOUD_PROJECT":"wificontent-143da","EVENTARC_CLOUD_EVENT_SOURCE":"projects/wificontent-143da/locations/us-central1/functions/moderateMedia"},"runtime":"nodejs20","buildId":"131c799e-fb82-4468-b64c-2eaf28f8c7c1","buildEnvironmentVariables":{"GOOGLE_NODE_RUN_SCRIPTS":""},"secretEnvironmentVariables":[{"key":"VISION_SA_KEY","projectId":"wificontent-143da","secret":"VISION_SA_KEY","version":"1"}],"buildName":"projects/158237266758/locations/us-central1/builds/131c799e-fb82-4468-b64c-2eaf28f8c7c1","dockerRegistry":"ARTIFACT_REGISTRY","automaticUpdatePolicy":{},"buildServiceAccount":"projects/wificontent-143da/serviceAccounts/158237266758-compute@developer.gserviceaccount.com"},"versionId":"12","updateTime":"2026-06-12T03:48:43Z"}}
[debug] [2026-06-12T03:48:43.142Z] Checked if tokens are valid: true, expires at: 1781239710613
[debug] [2026-06-12T03:48:43.142Z] Checked if tokens are valid: true, expires at: 1781239710613
[debug] [2026-06-12T03:48:43.142Z] >>> [apiv2][query] GET https://cloudfunctions.googleapis.com/v1/operations/d2lmaWNvbnRlbnQtMTQzZGEvdXMtY2VudHJhbDEvbW9kZXJhdGVNZWRpYS93QW1PUUxiYnRocw [none]
[debug] [2026-06-12T03:48:43.205Z] <<< [apiv2][status] POST https://cloudfunctions.googleapis.com/v1/projects/wificontent-143da/locations/us-central1/functions 200
[debug] [2026-06-12T03:48:43.205Z] <<< [apiv2][body] POST https://cloudfunctions.googleapis.com/v1/projects/wificontent-143da/locations/us-central1/functions {"name":"operations/cHJvamVjdHMvd2lmaWNvbnRlbnQtMTQzZGEvbG9jYXRpb25zL3VzLWNlbnRyYWwxL29wZXJhdGlvbnMvb3BlcmF0aW9uLTE3ODEyMzYxMjI3MzMtNjU0MDY1YTViNGJlNC1iYWU1NDE2OS1jMzgwMDFhZQ","metadata":{"@type":"type.googleapis.com/google.cloud.functions.v1.OperationMetadataV1","target":"projects/wificontent-143da/locations/us-central1/functions/api","updateTime":"2026-06-12T03:48:43.155166879Z"}}
[debug] [2026-06-12T03:48:43.206Z] Checked if tokens are valid: true, expires at: 1781239710613
[debug] [2026-06-12T03:48:43.206Z] Checked if tokens are valid: true, expires at: 1781239710613
[debug] [2026-06-12T03:48:43.206Z] >>> [apiv2][query] GET https://cloudfunctions.googleapis.com/v1/operations/cHJvamVjdHMvd2lmaWNvbnRlbnQtMTQzZGEvbG9jYXRpb25zL3VzLWNlbnRyYWwxL29wZXJhdGlvbnMvb3BlcmF0aW9uLTE3ODEyMzYxMjI3MzMtNjU0MDY1YTViNGJlNC1iYWU1NDE2OS1jMzgwMDFhZQ [none]
[debug] [2026-06-12T03:48:43.280Z] <<< [apiv2][status] GET https://cloudfunctions.googleapis.com/v1/operations/d2lmaWNvbnRlbnQtMTQzZGEvdXMtY2VudHJhbDEvbW9kZXJhdGVNZWRpYS93QW1PUUxiYnRocw 200
[debug] [2026-06-12T03:48:43.281Z] <<< [apiv2][body] GET https://cloudfunctions.googleapis.com/v1/operations/d2lmaWNvbnRlbnQtMTQzZGEvdXMtY2VudHJhbDEvbW9kZXJhdGVNZWRpYS93QW1PUUxiYnRocw {"name":"operations/d2lmaWNvbnRlbnQtMTQzZGEvdXMtY2VudHJhbDEvbW9kZXJhdGVNZWRpYS93QW1PUUxiYnRocw","metadata":{"@type":"type.googleapis.com/google.cloud.functions.v1.OperationMetadataV1","target":"projects/wificontent-143da/locations/us-central1/functions/moderateMedia","type":"UPDATE_FUNCTION","request":{"@type":"type.googleapis.com/google.cloud.functions.v1.CloudFunction","name":"projects/wificontent-143da/locations/us-central1/functions/moderateMedia","httpsTrigger":{"url":"https://us-central1-wificontent-143da.cloudfunctions.net/moderateMedia","securityLevel":"SECURE_ALWAYS"},"status":"ACTIVE","entryPoint":"moderateMedia","timeout":"180s","availableMemoryMb":512,"updateTime":"2026-06-04T13:21:58.566Z","versionId":"11","labels":{"deployment-tool":"cli-firebase","deployment-callable":"true","firebase-functions-hash":"1cafcc6931136bc8fac1115b6732069a832ba6b1"},"sourceUploadUrl":"https://storage.googleapis.com/uploads-692370461028.us-central1.cloudfunctions.appspot.com/e23b853a-3ed3-495c-879f-8ded39f92370.zip?GoogleAccessId=service-158237266758@gcf-admin-robot.iam.gserviceaccount.com&Expires=1781237922&Signature=d56zPuSwBjR02X%2BZwxa59MlRDmDLk1dBU5RvVAdR%2FnHRykAWesF3TGlaaC76rpUtkBw%2B35xCPMyKO%2F6VNxk2nYfUm8Ru0wX%2BXDXi55nu0%2Ba9x2hdOpxiZyjw7%2ByNdYnIhPAxJbwNY80qurlTtSw3Twj57GNfCIiMMz6Rn1ohcGTiFFGIPw5aVHFKd7fzBNGwx%2B7%2FzbbY9ueKH%2BhaQyTUg16guwy5W0EFBh4r%2FXHFB2XXIwnKoBywjTtXvYcTVzqVmKBSZMhpAgUJUrPCz4h%2FUgFmBCr%2Fg9R6YTnv91Bo4512UU20vfvh%2Fmct5wnrnABSTYR7akJ8qLJHBp1k0GfluQ%3D%3D","environmentVariables":{"FIREBASE_CONFIG":"{\"projectId\":\"wificontent-143da\",\"databaseURL\":\"https://wificontent-143da-default-rtdb.firebaseio.com\",\"storageBucket\":\"wificontent-143da.firebasestorage.app\"}","GCLOUD_PROJECT":"wificontent-143da","EVENTARC_CLOUD_EVENT_SOURCE":"projects/wificontent-143da/locations/us-central1/functions/moderateMedia"},"runtime":"nodejs20","buildId":"131c799e-fb82-4468-b64c-2eaf28f8c7c1","buildEnvironmentVariables":{"GOOGLE_NODE_RUN_SCRIPTS":""},"secretEnvironmentVariables":[{"key":"VISION_SA_KEY","projectId":"wificontent-143da","secret":"VISION_SA_KEY","version":"1"}],"buildName":"projects/158237266758/locations/us-central1/builds/131c799e-fb82-4468-b64c-2eaf28f8c7c1","dockerRegistry":"ARTIFACT_REGISTRY","automaticUpdatePolicy":{},"buildServiceAccount":"projects/wificontent-143da/serviceAccounts/158237266758-compute@developer.gserviceaccount.com"},"versionId":"12","updateTime":"2026-06-12T03:48:43Z"}}
[debug] [2026-06-12T03:48:43.361Z] <<< [apiv2][status] GET https://cloudfunctions.googleapis.com/v1/operations/cHJvamVjdHMvd2lmaWNvbnRlbnQtMTQzZGEvbG9jYXRpb25zL3VzLWNlbnRyYWwxL29wZXJhdGlvbnMvb3BlcmF0aW9uLTE3ODEyMzYxMjI3MzMtNjU0MDY1YTViNGJlNC1iYWU1NDE2OS1jMzgwMDFhZQ 200
[debug] [2026-06-12T03:48:43.362Z] <<< [apiv2][body] GET https://cloudfunctions.googleapis.com/v1/operations/cHJvamVjdHMvd2lmaWNvbnRlbnQtMTQzZGEvbG9jYXRpb25zL3VzLWNlbnRyYWwxL29wZXJhdGlvbnMvb3BlcmF0aW9uLTE3ODEyMzYxMjI3MzMtNjU0MDY1YTViNGJlNC1iYWU1NDE2OS1jMzgwMDFhZQ {"name":"operations/cHJvamVjdHMvd2lmaWNvbnRlbnQtMTQzZGEvbG9jYXRpb25zL3VzLWNlbnRyYWwxL29wZXJhdGlvbnMvb3BlcmF0aW9uLTE3ODEyMzYxMjI3MzMtNjU0MDY1YTViNGJlNC1iYWU1NDE2OS1jMzgwMDFhZQ","metadata":{"@type":"type.googleapis.com/google.cloud.functions.v1.OperationMetadataV1","target":"projects/wificontent-143da/locations/us-central1/functions/api","updateTime":"2026-06-12T03:48:43.155166879Z"}}
[debug] [2026-06-12T03:48:43.783Z] [update-default-us-central1-moderateMedia] Retrying task index 0
[debug] [2026-06-12T03:48:43.783Z] Checked if tokens are valid: true, expires at: 1781239710613
[debug] [2026-06-12T03:48:43.783Z] Checked if tokens are valid: true, expires at: 1781239710613
[debug] [2026-06-12T03:48:43.783Z] >>> [apiv2][query] GET https://cloudfunctions.googleapis.com/v1/operations/d2lmaWNvbnRlbnQtMTQzZGEvdXMtY2VudHJhbDEvbW9kZXJhdGVNZWRpYS93QW1PUUxiYnRocw [none]
[debug] [2026-06-12T03:48:43.863Z] [create-default-us-central1-api] Retrying task index 0
[debug] [2026-06-12T03:48:43.863Z] Checked if tokens are valid: true, expires at: 1781239710613
[debug] [2026-06-12T03:48:43.863Z] Checked if tokens are valid: true, expires at: 1781239710613
[debug] [2026-06-12T03:48:43.863Z] >>> [apiv2][query] GET https://cloudfunctions.googleapis.com/v1/operations/cHJvamVjdHMvd2lmaWNvbnRlbnQtMTQzZGEvbG9jYXRpb25zL3VzLWNlbnRyYWwxL29wZXJhdGlvbnMvb3BlcmF0aW9uLTE3ODEyMzYxMjI3MzMtNjU0MDY1YTViNGJlNC1iYWU1NDE2OS1jMzgwMDFhZQ [none]
[debug] [2026-06-12T03:48:43.900Z] <<< [apiv2][status] GET https://cloudfunctions.googleapis.com/v1/operations/d2lmaWNvbnRlbnQtMTQzZGEvdXMtY2VudHJhbDEvbW9kZXJhdGVNZWRpYS93QW1PUUxiYnRocw 200
[debug] [2026-06-12T03:48:43.900Z] <<< [apiv2][body] GET https://cloudfunctions.googleapis.com/v1/operations/d2lmaWNvbnRlbnQtMTQzZGEvdXMtY2VudHJhbDEvbW9kZXJhdGVNZWRpYS93QW1PUUxiYnRocw {"name":"operations/d2lmaWNvbnRlbnQtMTQzZGEvdXMtY2VudHJhbDEvbW9kZXJhdGVNZWRpYS93QW1PUUxiYnRocw","metadata":{"@type":"type.googleapis.com/google.cloud.functions.v1.OperationMetadataV1","target":"projects/wificontent-143da/locations/us-central1/functions/moderateMedia","type":"UPDATE_FUNCTION","request":{"@type":"type.googleapis.com/google.cloud.functions.v1.CloudFunction","name":"projects/wificontent-143da/locations/us-central1/functions/moderateMedia","httpsTrigger":{"url":"https://us-central1-wificontent-143da.cloudfunctions.net/moderateMedia","securityLevel":"SECURE_ALWAYS"},"status":"ACTIVE","entryPoint":"moderateMedia","timeout":"180s","availableMemoryMb":512,"updateTime":"2026-06-04T13:21:58.566Z","versionId":"11","labels":{"deployment-tool":"cli-firebase","deployment-callable":"true","firebase-functions-hash":"1cafcc6931136bc8fac1115b6732069a832ba6b1"},"sourceUploadUrl":"https://storage.googleapis.com/uploads-692370461028.us-central1.cloudfunctions.appspot.com/e23b853a-3ed3-495c-879f-8ded39f92370.zip?GoogleAccessId=service-158237266758@gcf-admin-robot.iam.gserviceaccount.com&Expires=1781237922&Signature=d56zPuSwBjR02X%2BZwxa59MlRDmDLk1dBU5RvVAdR%2FnHRykAWesF3TGlaaC76rpUtkBw%2B35xCPMyKO%2F6VNxk2nYfUm8Ru0wX%2BXDXi55nu0%2Ba9x2hdOpxiZyjw7%2ByNdYnIhPAxJbwNY80qurlTtSw3Twj57GNfCIiMMz6Rn1ohcGTiFFGIPw5aVHFKd7fzBNGwx%2B7%2FzbbY9ueKH%2BhaQyTUg16guwy5W0EFBh4r%2FXHFB2XXIwnKoBywjTtXvYcTVzqVmKBSZMhpAgUJUrPCz4h%2FUgFmBCr%2Fg9R6YTnv91Bo4512UU20vfvh%2Fmct5wnrnABSTYR7akJ8qLJHBp1k0GfluQ%3D%3D","environmentVariables":{"FIREBASE_CONFIG":"{\"projectId\":\"wificontent-143da\",\"databaseURL\":\"https://wificontent-143da-default-rtdb.firebaseio.com\",\"storageBucket\":\"wificontent-143da.firebasestorage.app\"}","GCLOUD_PROJECT":"wificontent-143da","EVENTARC_CLOUD_EVENT_SOURCE":"projects/wificontent-143da/locations/us-central1/functions/moderateMedia"},"runtime":"nodejs20","buildId":"131c799e-fb82-4468-b64c-2eaf28f8c7c1","buildEnvironmentVariables":{"GOOGLE_NODE_RUN_SCRIPTS":""},"secretEnvironmentVariables":[{"key":"VISION_SA_KEY","projectId":"wificontent-143da","secret":"VISION_SA_KEY","version":"1"}],"buildName":"projects/158237266758/locations/us-central1/builds/131c799e-fb82-4468-b64c-2eaf28f8c7c1","dockerRegistry":"ARTIFACT_REGISTRY","automaticUpdatePolicy":{},"buildServiceAccount":"projects/wificontent-143da/serviceAccounts/158237266758-compute@developer.gserviceaccount.com"},"versionId":"12","updateTime":"2026-06-12T03:48:43Z"}}
[debug] [2026-06-12T03:48:44.102Z] <<< [apiv2][status] GET https://cloudfunctions.googleapis.com/v1/operations/cHJvamVjdHMvd2lmaWNvbnRlbnQtMTQzZGEvbG9jYXRpb25zL3VzLWNlbnRyYWwxL29wZXJhdGlvbnMvb3BlcmF0aW9uLTE3ODEyMzYxMjI3MzMtNjU0MDY1YTViNGJlNC1iYWU1NDE2OS1jMzgwMDFhZQ 200
[debug] [2026-06-12T03:48:44.102Z] <<< [apiv2][body] GET https://cloudfunctions.googleapis.com/v1/operations/cHJvamVjdHMvd2lmaWNvbnRlbnQtMTQzZGEvbG9jYXRpb25zL3VzLWNlbnRyYWwxL29wZXJhdGlvbnMvb3BlcmF0aW9uLTE3ODEyMzYxMjI3MzMtNjU0MDY1YTViNGJlNC1iYWU1NDE2OS1jMzgwMDFhZQ {"name":"operations/cHJvamVjdHMvd2lmaWNvbnRlbnQtMTQzZGEvbG9jYXRpb25zL3VzLWNlbnRyYWwxL29wZXJhdGlvbnMvb3BlcmF0aW9uLTE3ODEyMzYxMjI3MzMtNjU0MDY1YTViNGJlNC1iYWU1NDE2OS1jMzgwMDFhZQ","metadata":{"@type":"type.googleapis.com/google.cloud.functions.v1.OperationMetadataV1","target":"projects/wificontent-143da/locations/us-central1/functions/api","type":"CREATE_FUNCTION","request":{"@type":"type.googleapis.com/google.cloud.functions.v1.CloudFunction","name":"projects/wificontent-143da/locations/us-central1/functions/api","httpsTrigger":{"securityLevel":"SECURE_ALWAYS"},"entryPoint":"api","updateTime":"1970-01-01T00:00:00Z","labels":{"deployment-tool":"cli-firebase","firebase-functions-hash":"f04f99181a37ddd0deea7a83159d393e6ce5c944"},"sourceUploadUrl":"https://storage.googleapis.com/uploads-692370461028.us-central1.cloudfunctions.appspot.com/e23b853a-3ed3-495c-879f-8ded39f92370.zip?GoogleAccessId=service-158237266758@gcf-admin-robot.iam.gserviceaccount.com&Expires=1781237922&Signature=d56zPuSwBjR02X%2BZwxa59MlRDmDLk1dBU5RvVAdR%2FnHRykAWesF3TGlaaC76rpUtkBw%2B35xCPMyKO%2F6VNxk2nYfUm8Ru0wX%2BXDXi55nu0%2Ba9x2hdOpxiZyjw7%2ByNdYnIhPAxJbwNY80qurlTtSw3Twj57GNfCIiMMz6Rn1ohcGTiFFGIPw5aVHFKd7fzBNGwx%2B7%2FzbbY9ueKH%2BhaQyTUg16guwy5W0EFBh4r%2FXHFB2XXIwnKoBywjTtXvYcTVzqVmKBSZMhpAgUJUrPCz4h%2FUgFmBCr%2Fg9R6YTnv91Bo4512UU20vfvh%2Fmct5wnrnABSTYR7akJ8qLJHBp1k0GfluQ%3D%3D","environmentVariables":{"FIREBASE_CONFIG":"{\"projectId\":\"wificontent-143da\",\"databaseURL\":\"https://wificontent-143da-default-rtdb.firebaseio.com\",\"storageBucket\":\"wificontent-143da.firebasestorage.app\"}","GCLOUD_PROJECT":"wificontent-143da","EVENTARC_CLOUD_EVENT_SOURCE":"projects/wificontent-143da/locations/us-central1/functions/api"},"runtime":"nodejs20","buildEnvironmentVariables":{"GOOGLE_NODE_RUN_SCRIPTS":""},"dockerRegistry":"ARTIFACT_REGISTRY"},"versionId":"1","updateTime":"2026-06-12T03:48:43.155166879Z"}}
[debug] [2026-06-12T03:48:44.901Z] [update-default-us-central1-moderateMedia] Retrying task index 0
[debug] [2026-06-12T03:48:44.901Z] Checked if tokens are valid: true, expires at: 1781239710613
[debug] [2026-06-12T03:48:44.902Z] Checked if tokens are valid: true, expires at: 1781239710613
[debug] [2026-06-12T03:48:44.902Z] >>> [apiv2][query] GET https://cloudfunctions.googleapis.com/v1/operations/d2lmaWNvbnRlbnQtMTQzZGEvdXMtY2VudHJhbDEvbW9kZXJhdGVNZWRpYS93QW1PUUxiYnRocw [none]
[debug] [2026-06-12T03:48:45.024Z] <<< [apiv2][status] GET https://cloudfunctions.googleapis.com/v1/operations/d2lmaWNvbnRlbnQtMTQzZGEvdXMtY2VudHJhbDEvbW9kZXJhdGVNZWRpYS93QW1PUUxiYnRocw 200
[debug] [2026-06-12T03:48:45.024Z] <<< [apiv2][body] GET https://cloudfunctions.googleapis.com/v1/operations/d2lmaWNvbnRlbnQtMTQzZGEvdXMtY2VudHJhbDEvbW9kZXJhdGVNZWRpYS93QW1PUUxiYnRocw {"name":"operations/d2lmaWNvbnRlbnQtMTQzZGEvdXMtY2VudHJhbDEvbW9kZXJhdGVNZWRpYS93QW1PUUxiYnRocw","metadata":{"@type":"type.googleapis.com/google.cloud.functions.v1.OperationMetadataV1","target":"projects/wificontent-143da/locations/us-central1/functions/moderateMedia","type":"UPDATE_FUNCTION","request":{"@type":"type.googleapis.com/google.cloud.functions.v1.CloudFunction","name":"projects/wificontent-143da/locations/us-central1/functions/moderateMedia","httpsTrigger":{"url":"https://us-central1-wificontent-143da.cloudfunctions.net/moderateMedia","securityLevel":"SECURE_ALWAYS"},"status":"ACTIVE","entryPoint":"moderateMedia","timeout":"180s","availableMemoryMb":512,"updateTime":"2026-06-04T13:21:58.566Z","versionId":"11","labels":{"deployment-tool":"cli-firebase","deployment-callable":"true","firebase-functions-hash":"1cafcc6931136bc8fac1115b6732069a832ba6b1"},"sourceUploadUrl":"https://storage.googleapis.com/uploads-692370461028.us-central1.cloudfunctions.appspot.com/e23b853a-3ed3-495c-879f-8ded39f92370.zip?GoogleAccessId=service-158237266758@gcf-admin-robot.iam.gserviceaccount.com&Expires=1781237922&Signature=d56zPuSwBjR02X%2BZwxa59MlRDmDLk1dBU5RvVAdR%2FnHRykAWesF3TGlaaC76rpUtkBw%2B35xCPMyKO%2F6VNxk2nYfUm8Ru0wX%2BXDXi55nu0%2Ba9x2hdOpxiZyjw7%2ByNdYnIhPAxJbwNY80qurlTtSw3Twj57GNfCIiMMz6Rn1ohcGTiFFGIPw5aVHFKd7fzBNGwx%2B7%2FzbbY9ueKH%2BhaQyTUg16guwy5W0EFBh4r%2FXHFB2XXIwnKoBywjTtXvYcTVzqVmKBSZMhpAgUJUrPCz4h%2FUgFmBCr%2Fg9R6YTnv91Bo4512UU20vfvh%2Fmct5wnrnABSTYR7akJ8qLJHBp1k0GfluQ%3D%3D","environmentVariables":{"FIREBASE_CONFIG":"{\"projectId\":\"wificontent-143da\",\"databaseURL\":\"https://wificontent-143da-default-rtdb.firebaseio.com\",\"storageBucket\":\"wificontent-143da.firebasestorage.app\"}","GCLOUD_PROJECT":"wificontent-143da","EVENTARC_CLOUD_EVENT_SOURCE":"projects/wificontent-143da/locations/us-central1/functions/moderateMedia"},"runtime":"nodejs20","buildId":"131c799e-fb82-4468-b64c-2eaf28f8c7c1","buildEnvironmentVariables":{"GOOGLE_NODE_RUN_SCRIPTS":""},"secretEnvironmentVariables":[{"key":"VISION_SA_KEY","projectId":"wificontent-143da","secret":"VISION_SA_KEY","version":"1"}],"buildName":"projects/158237266758/locations/us-central1/builds/131c799e-fb82-4468-b64c-2eaf28f8c7c1","dockerRegistry":"ARTIFACT_REGISTRY","automaticUpdatePolicy":{},"buildServiceAccount":"projects/wificontent-143da/serviceAccounts/158237266758-compute@developer.gserviceaccount.com"},"versionId":"12","updateTime":"2026-06-12T03:48:43Z","buildId":"e5b8b7a5-04fc-4085-a1f1-2f89a3ea8697","buildName":"projects/158237266758/locations/us-central1/builds/e5b8b7a5-04fc-4085-a1f1-2f89a3ea8697"}}
[debug] [2026-06-12T03:48:45.103Z] [create-default-us-central1-api] Retrying task index 0
[debug] [2026-06-12T03:48:45.104Z] Checked if tokens are valid: true, expires at: 1781239710613
[debug] [2026-06-12T03:48:45.104Z] Checked if tokens are valid: true, expires at: 1781239710613
[debug] [2026-06-12T03:48:45.104Z] >>> [apiv2][query] GET https://cloudfunctions.googleapis.com/v1/operations/cHJvamVjdHMvd2lmaWNvbnRlbnQtMTQzZGEvbG9jYXRpb25zL3VzLWNlbnRyYWwxL29wZXJhdGlvbnMvb3BlcmF0aW9uLTE3ODEyMzYxMjI3MzMtNjU0MDY1YTViNGJlNC1iYWU1NDE2OS1jMzgwMDFhZQ [none]
[debug] [2026-06-12T03:48:45.294Z] <<< [apiv2][status] GET https://cloudfunctions.googleapis.com/v1/operations/cHJvamVjdHMvd2lmaWNvbnRlbnQtMTQzZGEvbG9jYXRpb25zL3VzLWNlbnRyYWwxL29wZXJhdGlvbnMvb3BlcmF0aW9uLTE3ODEyMzYxMjI3MzMtNjU0MDY1YTViNGJlNC1iYWU1NDE2OS1jMzgwMDFhZQ 200
[debug] [2026-06-12T03:48:45.295Z] <<< [apiv2][body] GET https://cloudfunctions.googleapis.com/v1/operations/cHJvamVjdHMvd2lmaWNvbnRlbnQtMTQzZGEvbG9jYXRpb25zL3VzLWNlbnRyYWwxL29wZXJhdGlvbnMvb3BlcmF0aW9uLTE3ODEyMzYxMjI3MzMtNjU0MDY1YTViNGJlNC1iYWU1NDE2OS1jMzgwMDFhZQ {"name":"operations/cHJvamVjdHMvd2lmaWNvbnRlbnQtMTQzZGEvbG9jYXRpb25zL3VzLWNlbnRyYWwxL29wZXJhdGlvbnMvb3BlcmF0aW9uLTE3ODEyMzYxMjI3MzMtNjU0MDY1YTViNGJlNC1iYWU1NDE2OS1jMzgwMDFhZQ","metadata":{"@type":"type.googleapis.com/google.cloud.functions.v1.OperationMetadataV1","target":"projects/wificontent-143da/locations/us-central1/functions/api","type":"CREATE_FUNCTION","request":{"@type":"type.googleapis.com/google.cloud.functions.v1.CloudFunction","name":"projects/wificontent-143da/locations/us-central1/functions/api","httpsTrigger":{"securityLevel":"SECURE_ALWAYS"},"entryPoint":"api","updateTime":"1970-01-01T00:00:00Z","labels":{"deployment-tool":"cli-firebase","firebase-functions-hash":"f04f99181a37ddd0deea7a83159d393e6ce5c944"},"sourceUploadUrl":"https://storage.googleapis.com/uploads-692370461028.us-central1.cloudfunctions.appspot.com/e23b853a-3ed3-495c-879f-8ded39f92370.zip?GoogleAccessId=service-158237266758@gcf-admin-robot.iam.gserviceaccount.com&Expires=1781237922&Signature=d56zPuSwBjR02X%2BZwxa59MlRDmDLk1dBU5RvVAdR%2FnHRykAWesF3TGlaaC76rpUtkBw%2B35xCPMyKO%2F6VNxk2nYfUm8Ru0wX%2BXDXi55nu0%2Ba9x2hdOpxiZyjw7%2ByNdYnIhPAxJbwNY80qurlTtSw3Twj57GNfCIiMMz6Rn1ohcGTiFFGIPw5aVHFKd7fzBNGwx%2B7%2FzbbY9ueKH%2BhaQyTUg16guwy5W0EFBh4r%2FXHFB2XXIwnKoBywjTtXvYcTVzqVmKBSZMhpAgUJUrPCz4h%2FUgFmBCr%2Fg9R6YTnv91Bo4512UU20vfvh%2Fmct5wnrnABSTYR7akJ8qLJHBp1k0GfluQ%3D%3D","environmentVariables":{"FIREBASE_CONFIG":"{\"projectId\":\"wificontent-143da\",\"databaseURL\":\"https://wificontent-143da-default-rtdb.firebaseio.com\",\"storageBucket\":\"wificontent-143da.firebasestorage.app\"}","GCLOUD_PROJECT":"wificontent-143da","EVENTARC_CLOUD_EVENT_SOURCE":"projects/wificontent-143da/locations/us-central1/functions/api"},"runtime":"nodejs20","buildEnvironmentVariables":{"GOOGLE_NODE_RUN_SCRIPTS":""},"dockerRegistry":"ARTIFACT_REGISTRY"},"versionId":"1","updateTime":"2026-06-12T03:48:43.155166879Z"}}
[debug] [2026-06-12T03:48:47.025Z] [update-default-us-central1-moderateMedia] Retrying task index 0
[debug] [2026-06-12T03:48:47.025Z] Checked if tokens are valid: true, expires at: 1781239710613
[debug] [2026-06-12T03:48:47.025Z] Checked if tokens are valid: true, expires at: 1781239710613
[debug] [2026-06-12T03:48:47.025Z] >>> [apiv2][query] GET https://cloudfunctions.googleapis.com/v1/operations/d2lmaWNvbnRlbnQtMTQzZGEvdXMtY2VudHJhbDEvbW9kZXJhdGVNZWRpYS93QW1PUUxiYnRocw [none]
[debug] [2026-06-12T03:48:47.247Z] <<< [apiv2][status] GET https://cloudfunctions.googleapis.com/v1/operations/d2lmaWNvbnRlbnQtMTQzZGEvdXMtY2VudHJhbDEvbW9kZXJhdGVNZWRpYS93QW1PUUxiYnRocw 200
[debug] [2026-06-12T03:48:47.247Z] <<< [apiv2][body] GET https://cloudfunctions.googleapis.com/v1/operations/d2lmaWNvbnRlbnQtMTQzZGEvdXMtY2VudHJhbDEvbW9kZXJhdGVNZWRpYS93QW1PUUxiYnRocw {"name":"operations/d2lmaWNvbnRlbnQtMTQzZGEvdXMtY2VudHJhbDEvbW9kZXJhdGVNZWRpYS93QW1PUUxiYnRocw","metadata":{"@type":"type.googleapis.com/google.cloud.functions.v1.OperationMetadataV1","target":"projects/wificontent-143da/locations/us-central1/functions/moderateMedia","type":"UPDATE_FUNCTION","request":{"@type":"type.googleapis.com/google.cloud.functions.v1.CloudFunction","name":"projects/wificontent-143da/locations/us-central1/functions/moderateMedia","httpsTrigger":{"url":"https://us-central1-wificontent-143da.cloudfunctions.net/moderateMedia","securityLevel":"SECURE_ALWAYS"},"status":"ACTIVE","entryPoint":"moderateMedia","timeout":"180s","availableMemoryMb":512,"updateTime":"2026-06-04T13:21:58.566Z","versionId":"11","labels":{"deployment-tool":"cli-firebase","deployment-callable":"true","firebase-functions-hash":"1cafcc6931136bc8fac1115b6732069a832ba6b1"},"sourceUploadUrl":"https://storage.googleapis.com/uploads-692370461028.us-central1.cloudfunctions.appspot.com/e23b853a-3ed3-495c-879f-8ded39f92370.zip?GoogleAccessId=service-158237266758@gcf-admin-robot.iam.gserviceaccount.com&Expires=1781237922&Signature=d56zPuSwBjR02X%2BZwxa59MlRDmDLk1dBU5RvVAdR%2FnHRykAWesF3TGlaaC76rpUtkBw%2B35xCPMyKO%2F6VNxk2nYfUm8Ru0wX%2BXDXi55nu0%2Ba9x2hdOpxiZyjw7%2ByNdYnIhPAxJbwNY80qurlTtSw3Twj57GNfCIiMMz6Rn1ohcGTiFFGIPw5aVHFKd7fzBNGwx%2B7%2FzbbY9ueKH%2BhaQyTUg16guwy5W0EFBh4r%2FXHFB2XXIwnKoBywjTtXvYcTVzqVmKBSZMhpAgUJUrPCz4h%2FUgFmBCr%2Fg9R6YTnv91Bo4512UU20vfvh%2Fmct5wnrnABSTYR7akJ8qLJHBp1k0GfluQ%3D%3D","environmentVariables":{"FIREBASE_CONFIG":"{\"projectId\":\"wificontent-143da\",\"databaseURL\":\"https://wificontent-143da-default-rtdb.firebaseio.com\",\"storageBucket\":\"wificontent-143da.firebasestorage.app\"}","GCLOUD_PROJECT":"wificontent-143da","EVENTARC_CLOUD_EVENT_SOURCE":"projects/wificontent-143da/locations/us-central1/functions/moderateMedia"},"runtime":"nodejs20","buildId":"131c799e-fb82-4468-b64c-2eaf28f8c7c1","buildEnvironmentVariables":{"GOOGLE_NODE_RUN_SCRIPTS":""},"secretEnvironmentVariables":[{"key":"VISION_SA_KEY","projectId":"wificontent-143da","secret":"VISION_SA_KEY","version":"1"}],"buildName":"projects/158237266758/locations/us-central1/builds/131c799e-fb82-4468-b64c-2eaf28f8c7c1","dockerRegistry":"ARTIFACT_REGISTRY","automaticUpdatePolicy":{},"buildServiceAccount":"projects/wificontent-143da/serviceAccounts/158237266758-compute@developer.gserviceaccount.com"},"versionId":"12","updateTime":"2026-06-12T03:48:43Z","buildId":"e5b8b7a5-04fc-4085-a1f1-2f89a3ea8697","buildName":"projects/158237266758/locations/us-central1/builds/e5b8b7a5-04fc-4085-a1f1-2f89a3ea8697"}}
[debug] [2026-06-12T03:48:47.297Z] [create-default-us-central1-api] Retrying task index 0
[debug] [2026-06-12T03:48:47.297Z] Checked if tokens are valid: true, expires at: 1781239710613
[debug] [2026-06-12T03:48:47.297Z] Checked if tokens are valid: true, expires at: 1781239710613
[debug] [2026-06-12T03:48:47.297Z] >>> [apiv2][query] GET https://cloudfunctions.googleapis.com/v1/operations/cHJvamVjdHMvd2lmaWNvbnRlbnQtMTQzZGEvbG9jYXRpb25zL3VzLWNlbnRyYWwxL29wZXJhdGlvbnMvb3BlcmF0aW9uLTE3ODEyMzYxMjI3MzMtNjU0MDY1YTViNGJlNC1iYWU1NDE2OS1jMzgwMDFhZQ [none]
[debug] [2026-06-12T03:48:47.419Z] <<< [apiv2][status] GET https://cloudfunctions.googleapis.com/v1/operations/cHJvamVjdHMvd2lmaWNvbnRlbnQtMTQzZGEvbG9jYXRpb25zL3VzLWNlbnRyYWwxL29wZXJhdGlvbnMvb3BlcmF0aW9uLTE3ODEyMzYxMjI3MzMtNjU0MDY1YTViNGJlNC1iYWU1NDE2OS1jMzgwMDFhZQ 200
[debug] [2026-06-12T03:48:47.419Z] <<< [apiv2][body] GET https://cloudfunctions.googleapis.com/v1/operations/cHJvamVjdHMvd2lmaWNvbnRlbnQtMTQzZGEvbG9jYXRpb25zL3VzLWNlbnRyYWwxL29wZXJhdGlvbnMvb3BlcmF0aW9uLTE3ODEyMzYxMjI3MzMtNjU0MDY1YTViNGJlNC1iYWU1NDE2OS1jMzgwMDFhZQ {"name":"operations/cHJvamVjdHMvd2lmaWNvbnRlbnQtMTQzZGEvbG9jYXRpb25zL3VzLWNlbnRyYWwxL29wZXJhdGlvbnMvb3BlcmF0aW9uLTE3ODEyMzYxMjI3MzMtNjU0MDY1YTViNGJlNC1iYWU1NDE2OS1jMzgwMDFhZQ","metadata":{"@type":"type.googleapis.com/google.cloud.functions.v1.OperationMetadataV1","target":"projects/wificontent-143da/locations/us-central1/functions/api","type":"CREATE_FUNCTION","request":{"@type":"type.googleapis.com/google.cloud.functions.v1.CloudFunction","name":"projects/wificontent-143da/locations/us-central1/functions/api","httpsTrigger":{"securityLevel":"SECURE_ALWAYS"},"entryPoint":"api","updateTime":"1970-01-01T00:00:00Z","labels":{"deployment-tool":"cli-firebase","firebase-functions-hash":"f04f99181a37ddd0deea7a83159d393e6ce5c944"},"sourceUploadUrl":"https://storage.googleapis.com/uploads-692370461028.us-central1.cloudfunctions.appspot.com/e23b853a-3ed3-495c-879f-8ded39f92370.zip?GoogleAccessId=service-158237266758@gcf-admin-robot.iam.gserviceaccount.com&Expires=1781237922&Signature=d56zPuSwBjR02X%2BZwxa59MlRDmDLk1dBU5RvVAdR%2FnHRykAWesF3TGlaaC76rpUtkBw%2B35xCPMyKO%2F6VNxk2nYfUm8Ru0wX%2BXDXi55nu0%2Ba9x2hdOpxiZyjw7%2ByNdYnIhPAxJbwNY80qurlTtSw3Twj57GNfCIiMMz6Rn1ohcGTiFFGIPw5aVHFKd7fzBNGwx%2B7%2FzbbY9ueKH%2BhaQyTUg16guwy5W0EFBh4r%2FXHFB2XXIwnKoBywjTtXvYcTVzqVmKBSZMhpAgUJUrPCz4h%2FUgFmBCr%2Fg9R6YTnv91Bo4512UU20vfvh%2Fmct5wnrnABSTYR7akJ8qLJHBp1k0GfluQ%3D%3D","environmentVariables":{"FIREBASE_CONFIG":"{\"projectId\":\"wificontent-143da\",\"databaseURL\":\"https://wificontent-143da-default-rtdb.firebaseio.com\",\"storageBucket\":\"wificontent-143da.firebasestorage.app\"}","GCLOUD_PROJECT":"wificontent-143da","EVENTARC_CLOUD_EVENT_SOURCE":"projects/wificontent-143da/locations/us-central1/functions/api"},"runtime":"nodejs20","buildEnvironmentVariables":{"GOOGLE_NODE_RUN_SCRIPTS":""},"dockerRegistry":"ARTIFACT_REGISTRY"},"versionId":"1","updateTime":"2026-06-12T03:48:43.155166879Z","buildId":"b32c4fc2-9b93-4a4a-b7b3-6aaa45fe553c","buildName":"projects/158237266758/locations/us-central1/builds/b32c4fc2-9b93-4a4a-b7b3-6aaa45fe553c"}}
[debug] [2026-06-12T03:48:51.248Z] [update-default-us-central1-moderateMedia] Retrying task index 0
[debug] [2026-06-12T03:48:51.248Z] Checked if tokens are valid: true, expires at: 1781239710613
[debug] [2026-06-12T03:48:51.248Z] Checked if tokens are valid: true, expires at: 1781239710613
[debug] [2026-06-12T03:48:51.249Z] >>> [apiv2][query] GET https://cloudfunctions.googleapis.com/v1/operations/d2lmaWNvbnRlbnQtMTQzZGEvdXMtY2VudHJhbDEvbW9kZXJhdGVNZWRpYS93QW1PUUxiYnRocw [none]
[debug] [2026-06-12T03:48:51.421Z] [create-default-us-central1-api] Retrying task index 0
[debug] [2026-06-12T03:48:51.422Z] Checked if tokens are valid: true, expires at: 1781239710613
[debug] [2026-06-12T03:48:51.422Z] Checked if tokens are valid: true, expires at: 1781239710613
[debug] [2026-06-12T03:48:51.422Z] >>> [apiv2][query] GET https://cloudfunctions.googleapis.com/v1/operations/cHJvamVjdHMvd2lmaWNvbnRlbnQtMTQzZGEvbG9jYXRpb25zL3VzLWNlbnRyYWwxL29wZXJhdGlvbnMvb3BlcmF0aW9uLTE3ODEyMzYxMjI3MzMtNjU0MDY1YTViNGJlNC1iYWU1NDE2OS1jMzgwMDFhZQ [none]
[debug] [2026-06-12T03:48:51.444Z] <<< [apiv2][status] GET https://cloudfunctions.googleapis.com/v1/operations/d2lmaWNvbnRlbnQtMTQzZGEvdXMtY2VudHJhbDEvbW9kZXJhdGVNZWRpYS93QW1PUUxiYnRocw 200
[debug] [2026-06-12T03:48:51.445Z] <<< [apiv2][body] GET https://cloudfunctions.googleapis.com/v1/operations/d2lmaWNvbnRlbnQtMTQzZGEvdXMtY2VudHJhbDEvbW9kZXJhdGVNZWRpYS93QW1PUUxiYnRocw {"name":"operations/d2lmaWNvbnRlbnQtMTQzZGEvdXMtY2VudHJhbDEvbW9kZXJhdGVNZWRpYS93QW1PUUxiYnRocw","metadata":{"@type":"type.googleapis.com/google.cloud.functions.v1.OperationMetadataV1","target":"projects/wificontent-143da/locations/us-central1/functions/moderateMedia","type":"UPDATE_FUNCTION","request":{"@type":"type.googleapis.com/google.cloud.functions.v1.CloudFunction","name":"projects/wificontent-143da/locations/us-central1/functions/moderateMedia","httpsTrigger":{"url":"https://us-central1-wificontent-143da.cloudfunctions.net/moderateMedia","securityLevel":"SECURE_ALWAYS"},"status":"ACTIVE","entryPoint":"moderateMedia","timeout":"180s","availableMemoryMb":512,"updateTime":"2026-06-04T13:21:58.566Z","versionId":"11","labels":{"deployment-tool":"cli-firebase","deployment-callable":"true","firebase-functions-hash":"1cafcc6931136bc8fac1115b6732069a832ba6b1"},"sourceUploadUrl":"https://storage.googleapis.com/uploads-692370461028.us-central1.cloudfunctions.appspot.com/e23b853a-3ed3-495c-879f-8ded39f92370.zip?GoogleAccessId=service-158237266758@gcf-admin-robot.iam.gserviceaccount.com&Expires=1781237922&Signature=d56zPuSwBjR02X%2BZwxa59MlRDmDLk1dBU5RvVAdR%2FnHRykAWesF3TGlaaC76rpUtkBw%2B35xCPMyKO%2F6VNxk2nYfUm8Ru0wX%2BXDXi55nu0%2Ba9x2hdOpxiZyjw7%2ByNdYnIhPAxJbwNY80qurlTtSw3Twj57GNfCIiMMz6Rn1ohcGTiFFGIPw5aVHFKd7fzBNGwx%2B7%2FzbbY9ueKH%2BhaQyTUg16guwy5W0EFBh4r%2FXHFB2XXIwnKoBywjTtXvYcTVzqVmKBSZMhpAgUJUrPCz4h%2FUgFmBCr%2Fg9R6YTnv91Bo4512UU20vfvh%2Fmct5wnrnABSTYR7akJ8qLJHBp1k0GfluQ%3D%3D","environmentVariables":{"FIREBASE_CONFIG":"{\"projectId\":\"wificontent-143da\",\"databaseURL\":\"https://wificontent-143da-default-rtdb.firebaseio.com\",\"storageBucket\":\"wificontent-143da.firebasestorage.app\"}","GCLOUD_PROJECT":"wificontent-143da","EVENTARC_CLOUD_EVENT_SOURCE":"projects/wificontent-143da/locations/us-central1/functions/moderateMedia"},"runtime":"nodejs20","buildId":"131c799e-fb82-4468-b64c-2eaf28f8c7c1","buildEnvironmentVariables":{"GOOGLE_NODE_RUN_SCRIPTS":""},"secretEnvironmentVariables":[{"key":"VISION_SA_KEY","projectId":"wificontent-143da","secret":"VISION_SA_KEY","version":"1"}],"buildName":"projects/158237266758/locations/us-central1/builds/131c799e-fb82-4468-b64c-2eaf28f8c7c1","dockerRegistry":"ARTIFACT_REGISTRY","automaticUpdatePolicy":{},"buildServiceAccount":"projects/wificontent-143da/serviceAccounts/158237266758-compute@developer.gserviceaccount.com"},"versionId":"12","updateTime":"2026-06-12T03:48:43Z","buildId":"e5b8b7a5-04fc-4085-a1f1-2f89a3ea8697","buildName":"projects/158237266758/locations/us-central1/builds/e5b8b7a5-04fc-4085-a1f1-2f89a3ea8697"}}
[debug] [2026-06-12T03:48:51.642Z] <<< [apiv2][status] GET https://cloudfunctions.googleapis.com/v1/operations/cHJvamVjdHMvd2lmaWNvbnRlbnQtMTQzZGEvbG9jYXRpb25zL3VzLWNlbnRyYWwxL29wZXJhdGlvbnMvb3BlcmF0aW9uLTE3ODEyMzYxMjI3MzMtNjU0MDY1YTViNGJlNC1iYWU1NDE2OS1jMzgwMDFhZQ 200
[debug] [2026-06-12T03:48:51.642Z] <<< [apiv2][body] GET https://cloudfunctions.googleapis.com/v1/operations/cHJvamVjdHMvd2lmaWNvbnRlbnQtMTQzZGEvbG9jYXRpb25zL3VzLWNlbnRyYWwxL29wZXJhdGlvbnMvb3BlcmF0aW9uLTE3ODEyMzYxMjI3MzMtNjU0MDY1YTViNGJlNC1iYWU1NDE2OS1jMzgwMDFhZQ {"name":"operations/cHJvamVjdHMvd2lmaWNvbnRlbnQtMTQzZGEvbG9jYXRpb25zL3VzLWNlbnRyYWwxL29wZXJhdGlvbnMvb3BlcmF0aW9uLTE3ODEyMzYxMjI3MzMtNjU0MDY1YTViNGJlNC1iYWU1NDE2OS1jMzgwMDFhZQ","metadata":{"@type":"type.googleapis.com/google.cloud.functions.v1.OperationMetadataV1","target":"projects/wificontent-143da/locations/us-central1/functions/api","type":"CREATE_FUNCTION","request":{"@type":"type.googleapis.com/google.cloud.functions.v1.CloudFunction","name":"projects/wificontent-143da/locations/us-central1/functions/api","httpsTrigger":{"securityLevel":"SECURE_ALWAYS"},"entryPoint":"api","updateTime":"1970-01-01T00:00:00Z","labels":{"deployment-tool":"cli-firebase","firebase-functions-hash":"f04f99181a37ddd0deea7a83159d393e6ce5c944"},"sourceUploadUrl":"https://storage.googleapis.com/uploads-692370461028.us-central1.cloudfunctions.appspot.com/e23b853a-3ed3-495c-879f-8ded39f92370.zip?GoogleAccessId=service-158237266758@gcf-admin-robot.iam.gserviceaccount.com&Expires=1781237922&Signature=d56zPuSwBjR02X%2BZwxa59MlRDmDLk1dBU5RvVAdR%2FnHRykAWesF3TGlaaC76rpUtkBw%2B35xCPMyKO%2F6VNxk2nYfUm8Ru0wX%2BXDXi55nu0%2Ba9x2hdOpxiZyjw7%2ByNdYnIhPAxJbwNY80qurlTtSw3Twj57GNfCIiMMz6Rn1ohcGTiFFGIPw5aVHFKd7fzBNGwx%2B7%2FzbbY9ueKH%2BhaQyTUg16guwy5W0EFBh4r%2FXHFB2XXIwnKoBywjTtXvYcTVzqVmKBSZMhpAgUJUrPCz4h%2FUgFmBCr%2Fg9R6YTnv91Bo4512UU20vfvh%2Fmct5wnrnABSTYR7akJ8qLJHBp1k0GfluQ%3D%3D","environmentVariables":{"FIREBASE_CONFIG":"{\"projectId\":\"wificontent-143da\",\"databaseURL\":\"https://wificontent-143da-default-rtdb.firebaseio.com\",\"storageBucket\":\"wificontent-143da.firebasestorage.app\"}","GCLOUD_PROJECT":"wificontent-143da","EVENTARC_CLOUD_EVENT_SOURCE":"projects/wificontent-143da/locations/us-central1/functions/api"},"runtime":"nodejs20","buildEnvironmentVariables":{"GOOGLE_NODE_RUN_SCRIPTS":""},"dockerRegistry":"ARTIFACT_REGISTRY"},"versionId":"1","updateTime":"2026-06-12T03:48:43.155166879Z","buildId":"b32c4fc2-9b93-4a4a-b7b3-6aaa45fe553c","buildName":"projects/158237266758/locations/us-central1/builds/b32c4fc2-9b93-4a4a-b7b3-6aaa45fe553c"}}
[debug] [2026-06-12T03:48:59.447Z] [update-default-us-central1-moderateMedia] Retrying task index 0
[debug] [2026-06-12T03:48:59.447Z] Checked if tokens are valid: true, expires at: 1781239710613
[debug] [2026-06-12T03:48:59.448Z] Checked if tokens are valid: true, expires at: 1781239710613
[debug] [2026-06-12T03:48:59.448Z] >>> [apiv2][query] GET https://cloudfunctions.googleapis.com/v1/operations/d2lmaWNvbnRlbnQtMTQzZGEvdXMtY2VudHJhbDEvbW9kZXJhdGVNZWRpYS93QW1PUUxiYnRocw [none]
[debug] [2026-06-12T03:48:59.644Z] [create-default-us-central1-api] Retrying task index 0
[debug] [2026-06-12T03:48:59.644Z] Checked if tokens are valid: true, expires at: 1781239710613
[debug] [2026-06-12T03:48:59.645Z] Checked if tokens are valid: true, expires at: 1781239710613
[debug] [2026-06-12T03:48:59.645Z] >>> [apiv2][query] GET https://cloudfunctions.googleapis.com/v1/operations/cHJvamVjdHMvd2lmaWNvbnRlbnQtMTQzZGEvbG9jYXRpb25zL3VzLWNlbnRyYWwxL29wZXJhdGlvbnMvb3BlcmF0aW9uLTE3ODEyMzYxMjI3MzMtNjU0MDY1YTViNGJlNC1iYWU1NDE2OS1jMzgwMDFhZQ [none]
[debug] [2026-06-12T03:48:59.648Z] <<< [apiv2][status] GET https://cloudfunctions.googleapis.com/v1/operations/d2lmaWNvbnRlbnQtMTQzZGEvdXMtY2VudHJhbDEvbW9kZXJhdGVNZWRpYS93QW1PUUxiYnRocw 200
[debug] [2026-06-12T03:48:59.649Z] <<< [apiv2][body] GET https://cloudfunctions.googleapis.com/v1/operations/d2lmaWNvbnRlbnQtMTQzZGEvdXMtY2VudHJhbDEvbW9kZXJhdGVNZWRpYS93QW1PUUxiYnRocw {"name":"operations/d2lmaWNvbnRlbnQtMTQzZGEvdXMtY2VudHJhbDEvbW9kZXJhdGVNZWRpYS93QW1PUUxiYnRocw","metadata":{"@type":"type.googleapis.com/google.cloud.functions.v1.OperationMetadataV1","target":"projects/wificontent-143da/locations/us-central1/functions/moderateMedia","type":"UPDATE_FUNCTION","request":{"@type":"type.googleapis.com/google.cloud.functions.v1.CloudFunction","name":"projects/wificontent-143da/locations/us-central1/functions/moderateMedia","httpsTrigger":{"url":"https://us-central1-wificontent-143da.cloudfunctions.net/moderateMedia","securityLevel":"SECURE_ALWAYS"},"status":"ACTIVE","entryPoint":"moderateMedia","timeout":"180s","availableMemoryMb":512,"updateTime":"2026-06-04T13:21:58.566Z","versionId":"11","labels":{"deployment-tool":"cli-firebase","deployment-callable":"true","firebase-functions-hash":"1cafcc6931136bc8fac1115b6732069a832ba6b1"},"sourceUploadUrl":"https://storage.googleapis.com/uploads-692370461028.us-central1.cloudfunctions.appspot.com/e23b853a-3ed3-495c-879f-8ded39f92370.zip?GoogleAccessId=service-158237266758@gcf-admin-robot.iam.gserviceaccount.com&Expires=1781237922&Signature=d56zPuSwBjR02X%2BZwxa59MlRDmDLk1dBU5RvVAdR%2FnHRykAWesF3TGlaaC76rpUtkBw%2B35xCPMyKO%2F6VNxk2nYfUm8Ru0wX%2BXDXi55nu0%2Ba9x2hdOpxiZyjw7%2ByNdYnIhPAxJbwNY80qurlTtSw3Twj57GNfCIiMMz6Rn1ohcGTiFFGIPw5aVHFKd7fzBNGwx%2B7%2FzbbY9ueKH%2BhaQyTUg16guwy5W0EFBh4r%2FXHFB2XXIwnKoBywjTtXvYcTVzqVmKBSZMhpAgUJUrPCz4h%2FUgFmBCr%2Fg9R6YTnv91Bo4512UU20vfvh%2Fmct5wnrnABSTYR7akJ8qLJHBp1k0GfluQ%3D%3D","environmentVariables":{"FIREBASE_CONFIG":"{\"projectId\":\"wificontent-143da\",\"databaseURL\":\"https://wificontent-143da-default-rtdb.firebaseio.com\",\"storageBucket\":\"wificontent-143da.firebasestorage.app\"}","GCLOUD_PROJECT":"wificontent-143da","EVENTARC_CLOUD_EVENT_SOURCE":"projects/wificontent-143da/locations/us-central1/functions/moderateMedia"},"runtime":"nodejs20","buildId":"131c799e-fb82-4468-b64c-2eaf28f8c7c1","buildEnvironmentVariables":{"GOOGLE_NODE_RUN_SCRIPTS":""},"secretEnvironmentVariables":[{"key":"VISION_SA_KEY","projectId":"wificontent-143da","secret":"VISION_SA_KEY","version":"1"}],"buildName":"projects/158237266758/locations/us-central1/builds/131c799e-fb82-4468-b64c-2eaf28f8c7c1","dockerRegistry":"ARTIFACT_REGISTRY","automaticUpdatePolicy":{},"buildServiceAccount":"projects/wificontent-143da/serviceAccounts/158237266758-compute@developer.gserviceaccount.com"},"versionId":"12","updateTime":"2026-06-12T03:48:43Z","buildId":"e5b8b7a5-04fc-4085-a1f1-2f89a3ea8697","buildName":"projects/158237266758/locations/us-central1/builds/e5b8b7a5-04fc-4085-a1f1-2f89a3ea8697"}}
[debug] [2026-06-12T03:48:59.857Z] <<< [apiv2][status] GET https://cloudfunctions.googleapis.com/v1/operations/cHJvamVjdHMvd2lmaWNvbnRlbnQtMTQzZGEvbG9jYXRpb25zL3VzLWNlbnRyYWwxL29wZXJhdGlvbnMvb3BlcmF0aW9uLTE3ODEyMzYxMjI3MzMtNjU0MDY1YTViNGJlNC1iYWU1NDE2OS1jMzgwMDFhZQ 200
[debug] [2026-06-12T03:48:59.857Z] <<< [apiv2][body] GET https://cloudfunctions.googleapis.com/v1/operations/cHJvamVjdHMvd2lmaWNvbnRlbnQtMTQzZGEvbG9jYXRpb25zL3VzLWNlbnRyYWwxL29wZXJhdGlvbnMvb3BlcmF0aW9uLTE3ODEyMzYxMjI3MzMtNjU0MDY1YTViNGJlNC1iYWU1NDE2OS1jMzgwMDFhZQ {"name":"operations/cHJvamVjdHMvd2lmaWNvbnRlbnQtMTQzZGEvbG9jYXRpb25zL3VzLWNlbnRyYWwxL29wZXJhdGlvbnMvb3BlcmF0aW9uLTE3ODEyMzYxMjI3MzMtNjU0MDY1YTViNGJlNC1iYWU1NDE2OS1jMzgwMDFhZQ","metadata":{"@type":"type.googleapis.com/google.cloud.functions.v1.OperationMetadataV1","target":"projects/wificontent-143da/locations/us-central1/functions/api","type":"CREATE_FUNCTION","request":{"@type":"type.googleapis.com/google.cloud.functions.v1.CloudFunction","name":"projects/wificontent-143da/locations/us-central1/functions/api","httpsTrigger":{"securityLevel":"SECURE_ALWAYS"},"entryPoint":"api","updateTime":"1970-01-01T00:00:00Z","labels":{"deployment-tool":"cli-firebase","firebase-functions-hash":"f04f99181a37ddd0deea7a83159d393e6ce5c944"},"sourceUploadUrl":"https://storage.googleapis.com/uploads-692370461028.us-central1.cloudfunctions.appspot.com/e23b853a-3ed3-495c-879f-8ded39f92370.zip?GoogleAccessId=service-158237266758@gcf-admin-robot.iam.gserviceaccount.com&Expires=1781237922&Signature=d56zPuSwBjR02X%2BZwxa59MlRDmDLk1dBU5RvVAdR%2FnHRykAWesF3TGlaaC76rpUtkBw%2B35xCPMyKO%2F6VNxk2nYfUm8Ru0wX%2BXDXi55nu0%2Ba9x2hdOpxiZyjw7%2ByNdYnIhPAxJbwNY80qurlTtSw3Twj57GNfCIiMMz6Rn1ohcGTiFFGIPw5aVHFKd7fzBNGwx%2B7%2FzbbY9ueKH%2BhaQyTUg16guwy5W0EFBh4r%2FXHFB2XXIwnKoBywjTtXvYcTVzqVmKBSZMhpAgUJUrPCz4h%2FUgFmBCr%2Fg9R6YTnv91Bo4512UU20vfvh%2Fmct5wnrnABSTYR7akJ8qLJHBp1k0GfluQ%3D%3D","environmentVariables":{"FIREBASE_CONFIG":"{\"projectId\":\"wificontent-143da\",\"databaseURL\":\"https://wificontent-143da-default-rtdb.firebaseio.com\",\"storageBucket\":\"wificontent-143da.firebasestorage.app\"}","GCLOUD_PROJECT":"wificontent-143da","EVENTARC_CLOUD_EVENT_SOURCE":"projects/wificontent-143da/locations/us-central1/functions/api"},"runtime":"nodejs20","buildEnvironmentVariables":{"GOOGLE_NODE_RUN_SCRIPTS":""},"dockerRegistry":"ARTIFACT_REGISTRY"},"versionId":"1","updateTime":"2026-06-12T03:48:43.155166879Z","buildId":"b32c4fc2-9b93-4a4a-b7b3-6aaa45fe553c","buildName":"projects/158237266758/locations/us-central1/builds/b32c4fc2-9b93-4a4a-b7b3-6aaa45fe553c"}}
[debug] [2026-06-12T03:49:09.650Z] [update-default-us-central1-moderateMedia] Retrying task index 0
[debug] [2026-06-12T03:49:09.651Z] Checked if tokens are valid: true, expires at: 1781239710613
[debug] [2026-06-12T03:49:09.651Z] Checked if tokens are valid: true, expires at: 1781239710613
[debug] [2026-06-12T03:49:09.651Z] >>> [apiv2][query] GET https://cloudfunctions.googleapis.com/v1/operations/d2lmaWNvbnRlbnQtMTQzZGEvdXMtY2VudHJhbDEvbW9kZXJhdGVNZWRpYS93QW1PUUxiYnRocw [none]
[debug] [2026-06-12T03:49:09.858Z] [create-default-us-central1-api] Retrying task index 0
[debug] [2026-06-12T03:49:09.858Z] Checked if tokens are valid: true, expires at: 1781239710613
[debug] [2026-06-12T03:49:09.858Z] Checked if tokens are valid: true, expires at: 1781239710613
[debug] [2026-06-12T03:49:09.858Z] >>> [apiv2][query] GET https://cloudfunctions.googleapis.com/v1/operations/cHJvamVjdHMvd2lmaWNvbnRlbnQtMTQzZGEvbG9jYXRpb25zL3VzLWNlbnRyYWwxL29wZXJhdGlvbnMvb3BlcmF0aW9uLTE3ODEyMzYxMjI3MzMtNjU0MDY1YTViNGJlNC1iYWU1NDE2OS1jMzgwMDFhZQ [none]
[debug] [2026-06-12T03:49:09.908Z] <<< [apiv2][status] GET https://cloudfunctions.googleapis.com/v1/operations/d2lmaWNvbnRlbnQtMTQzZGEvdXMtY2VudHJhbDEvbW9kZXJhdGVNZWRpYS93QW1PUUxiYnRocw 200
[debug] [2026-06-12T03:49:09.908Z] <<< [apiv2][body] GET https://cloudfunctions.googleapis.com/v1/operations/d2lmaWNvbnRlbnQtMTQzZGEvdXMtY2VudHJhbDEvbW9kZXJhdGVNZWRpYS93QW1PUUxiYnRocw {"name":"operations/d2lmaWNvbnRlbnQtMTQzZGEvdXMtY2VudHJhbDEvbW9kZXJhdGVNZWRpYS93QW1PUUxiYnRocw","metadata":{"@type":"type.googleapis.com/google.cloud.functions.v1.OperationMetadataV1","target":"projects/wificontent-143da/locations/us-central1/functions/moderateMedia","type":"UPDATE_FUNCTION","request":{"@type":"type.googleapis.com/google.cloud.functions.v1.CloudFunction","name":"projects/wificontent-143da/locations/us-central1/functions/moderateMedia","httpsTrigger":{"url":"https://us-central1-wificontent-143da.cloudfunctions.net/moderateMedia","securityLevel":"SECURE_ALWAYS"},"status":"ACTIVE","entryPoint":"moderateMedia","timeout":"180s","availableMemoryMb":512,"updateTime":"2026-06-04T13:21:58.566Z","versionId":"11","labels":{"deployment-tool":"cli-firebase","deployment-callable":"true","firebase-functions-hash":"1cafcc6931136bc8fac1115b6732069a832ba6b1"},"sourceUploadUrl":"https://storage.googleapis.com/uploads-692370461028.us-central1.cloudfunctions.appspot.com/e23b853a-3ed3-495c-879f-8ded39f92370.zip?GoogleAccessId=service-158237266758@gcf-admin-robot.iam.gserviceaccount.com&Expires=1781237922&Signature=d56zPuSwBjR02X%2BZwxa59MlRDmDLk1dBU5RvVAdR%2FnHRykAWesF3TGlaaC76rpUtkBw%2B35xCPMyKO%2F6VNxk2nYfUm8Ru0wX%2BXDXi55nu0%2Ba9x2hdOpxiZyjw7%2ByNdYnIhPAxJbwNY80qurlTtSw3Twj57GNfCIiMMz6Rn1ohcGTiFFGIPw5aVHFKd7fzBNGwx%2B7%2FzbbY9ueKH%2BhaQyTUg16guwy5W0EFBh4r%2FXHFB2XXIwnKoBywjTtXvYcTVzqVmKBSZMhpAgUJUrPCz4h%2FUgFmBCr%2Fg9R6YTnv91Bo4512UU20vfvh%2Fmct5wnrnABSTYR7akJ8qLJHBp1k0GfluQ%3D%3D","environmentVariables":{"FIREBASE_CONFIG":"{\"projectId\":\"wificontent-143da\",\"databaseURL\":\"https://wificontent-143da-default-rtdb.firebaseio.com\",\"storageBucket\":\"wificontent-143da.firebasestorage.app\"}","GCLOUD_PROJECT":"wificontent-143da","EVENTARC_CLOUD_EVENT_SOURCE":"projects/wificontent-143da/locations/us-central1/functions/moderateMedia"},"runtime":"nodejs20","buildId":"131c799e-fb82-4468-b64c-2eaf28f8c7c1","buildEnvironmentVariables":{"GOOGLE_NODE_RUN_SCRIPTS":""},"secretEnvironmentVariables":[{"key":"VISION_SA_KEY","projectId":"wificontent-143da","secret":"VISION_SA_KEY","version":"1"}],"buildName":"projects/158237266758/locations/us-central1/builds/131c799e-fb82-4468-b64c-2eaf28f8c7c1","dockerRegistry":"ARTIFACT_REGISTRY","automaticUpdatePolicy":{},"buildServiceAccount":"projects/wificontent-143da/serviceAccounts/158237266758-compute@developer.gserviceaccount.com"},"versionId":"12","updateTime":"2026-06-12T03:48:43Z","buildId":"e5b8b7a5-04fc-4085-a1f1-2f89a3ea8697","buildName":"projects/158237266758/locations/us-central1/builds/e5b8b7a5-04fc-4085-a1f1-2f89a3ea8697"}}
[debug] [2026-06-12T03:49:10.046Z] <<< [apiv2][status] GET https://cloudfunctions.googleapis.com/v1/operations/cHJvamVjdHMvd2lmaWNvbnRlbnQtMTQzZGEvbG9jYXRpb25zL3VzLWNlbnRyYWwxL29wZXJhdGlvbnMvb3BlcmF0aW9uLTE3ODEyMzYxMjI3MzMtNjU0MDY1YTViNGJlNC1iYWU1NDE2OS1jMzgwMDFhZQ 200
[debug] [2026-06-12T03:49:10.046Z] <<< [apiv2][body] GET https://cloudfunctions.googleapis.com/v1/operations/cHJvamVjdHMvd2lmaWNvbnRlbnQtMTQzZGEvbG9jYXRpb25zL3VzLWNlbnRyYWwxL29wZXJhdGlvbnMvb3BlcmF0aW9uLTE3ODEyMzYxMjI3MzMtNjU0MDY1YTViNGJlNC1iYWU1NDE2OS1jMzgwMDFhZQ {"name":"operations/cHJvamVjdHMvd2lmaWNvbnRlbnQtMTQzZGEvbG9jYXRpb25zL3VzLWNlbnRyYWwxL29wZXJhdGlvbnMvb3BlcmF0aW9uLTE3ODEyMzYxMjI3MzMtNjU0MDY1YTViNGJlNC1iYWU1NDE2OS1jMzgwMDFhZQ","metadata":{"@type":"type.googleapis.com/google.cloud.functions.v1.OperationMetadataV1","target":"projects/wificontent-143da/locations/us-central1/functions/api","type":"CREATE_FUNCTION","request":{"@type":"type.googleapis.com/google.cloud.functions.v1.CloudFunction","name":"projects/wificontent-143da/locations/us-central1/functions/api","httpsTrigger":{"securityLevel":"SECURE_ALWAYS"},"entryPoint":"api","updateTime":"1970-01-01T00:00:00Z","labels":{"deployment-tool":"cli-firebase","firebase-functions-hash":"f04f99181a37ddd0deea7a83159d393e6ce5c944"},"sourceUploadUrl":"https://storage.googleapis.com/uploads-692370461028.us-central1.cloudfunctions.appspot.com/e23b853a-3ed3-495c-879f-8ded39f92370.zip?GoogleAccessId=service-158237266758@gcf-admin-robot.iam.gserviceaccount.com&Expires=1781237922&Signature=d56zPuSwBjR02X%2BZwxa59MlRDmDLk1dBU5RvVAdR%2FnHRykAWesF3TGlaaC76rpUtkBw%2B35xCPMyKO%2F6VNxk2nYfUm8Ru0wX%2BXDXi55nu0%2Ba9x2hdOpxiZyjw7%2ByNdYnIhPAxJbwNY80qurlTtSw3Twj57GNfCIiMMz6Rn1ohcGTiFFGIPw5aVHFKd7fzBNGwx%2B7%2FzbbY9ueKH%2BhaQyTUg16guwy5W0EFBh4r%2FXHFB2XXIwnKoBywjTtXvYcTVzqVmKBSZMhpAgUJUrPCz4h%2FUgFmBCr%2Fg9R6YTnv91Bo4512UU20vfvh%2Fmct5wnrnABSTYR7akJ8qLJHBp1k0GfluQ%3D%3D","environmentVariables":{"FIREBASE_CONFIG":"{\"projectId\":\"wificontent-143da\",\"databaseURL\":\"https://wificontent-143da-default-rtdb.firebaseio.com\",\"storageBucket\":\"wificontent-143da.firebasestorage.app\"}","GCLOUD_PROJECT":"wificontent-143da","EVENTARC_CLOUD_EVENT_SOURCE":"projects/wificontent-143da/locations/us-central1/functions/api"},"runtime":"nodejs20","buildEnvironmentVariables":{"GOOGLE_NODE_RUN_SCRIPTS":""},"dockerRegistry":"ARTIFACT_REGISTRY"},"versionId":"1","updateTime":"2026-06-12T03:48:43.155166879Z","buildId":"b32c4fc2-9b93-4a4a-b7b3-6aaa45fe553c","buildName":"projects/158237266758/locations/us-central1/builds/b32c4fc2-9b93-4a4a-b7b3-6aaa45fe553c"}}
[debug] [2026-06-12T03:51:43.460Z] ----------------------------------------------------------------------
[debug] [2026-06-12T03:51:43.468Z] Command:       /usr/local/bin/node /usr/local/bin/firebase deploy --only functions --project=default
[debug] [2026-06-12T03:51:43.468Z] CLI Version:   15.4.0
[debug] [2026-06-12T03:51:43.468Z] Platform:      darwin
[debug] [2026-06-12T03:51:43.468Z] Node Version:  v24.13.0
[debug] [2026-06-12T03:51:43.468Z] Time:          Thu Jun 11 2026 20:51:43 GMT-0700 (Pacific Daylight Time)
[debug] [2026-06-12T03:51:43.468Z] ----------------------------------------------------------------------
[debug] 
[debug] [2026-06-12T03:51:44.316Z] > command requires scopes: ["email","openid","https://www.googleapis.com/auth/cloudplatformprojects.readonly","https://www.googleapis.com/auth/firebase","https://www.googleapis.com/auth/cloud-platform"]
[debug] [2026-06-12T03:51:44.317Z] > authorizing via signed-in user (francisdennisblack@gmail.com)
[debug] [2026-06-12T03:51:44.317Z] [iam] checking project wificontent-143da for permissions ["cloudfunctions.functions.create","cloudfunctions.functions.delete","cloudfunctions.functions.get","cloudfunctions.functions.list","cloudfunctions.functions.update","cloudfunctions.operations.get","firebase.projects.get"]
[debug] [2026-06-12T03:51:44.317Z] Checked if tokens are valid: true, expires at: 1781239710613
[debug] [2026-06-12T03:51:44.317Z] Checked if tokens are valid: true, expires at: 1781239710613
[debug] [2026-06-12T03:51:44.318Z] >>> [apiv2][query] POST https://cloudresourcemanager.googleapis.com/v1/projects/wificontent-143da:testIamPermissions [none]
[debug] [2026-06-12T03:51:44.318Z] >>> [apiv2][(partial)header] POST https://cloudresourcemanager.googleapis.com/v1/projects/wificontent-143da:testIamPermissions x-goog-quota-user=projects/wificontent-143da
[debug] [2026-06-12T03:51:44.318Z] >>> [apiv2][body] POST https://cloudresourcemanager.googleapis.com/v1/projects/wificontent-143da:testIamPermissions {"permissions":["cloudfunctions.functions.create","cloudfunctions.functions.delete","cloudfunctions.functions.get","cloudfunctions.functions.list","cloudfunctions.functions.update","cloudfunctions.operations.get","firebase.projects.get"]}
[debug] [2026-06-12T03:51:44.735Z] <<< [apiv2][status] POST https://cloudresourcemanager.googleapis.com/v1/projects/wificontent-143da:testIamPermissions 200
[debug] [2026-06-12T03:51:44.735Z] <<< [apiv2][body] POST https://cloudresourcemanager.googleapis.com/v1/projects/wificontent-143da:testIamPermissions {"permissions":["cloudfunctions.functions.create","cloudfunctions.functions.delete","cloudfunctions.functions.get","cloudfunctions.functions.list","cloudfunctions.functions.update","cloudfunctions.operations.get","firebase.projects.get"]}
[debug] [2026-06-12T03:51:44.735Z] Checked if tokens are valid: true, expires at: 1781239710613
[debug] [2026-06-12T03:51:44.735Z] Checked if tokens are valid: true, expires at: 1781239710613
[debug] [2026-06-12T03:51:44.735Z] >>> [apiv2][query] POST https://iam.googleapis.com/v1/projects/wificontent-143da/serviceAccounts/wificontent-143da@appspot.gserviceaccount.com:testIamPermissions [none]
[debug] [2026-06-12T03:51:44.735Z] >>> [apiv2][body] POST https://iam.googleapis.com/v1/projects/wificontent-143da/serviceAccounts/wificontent-143da@appspot.gserviceaccount.com:testIamPermissions {"permissions":["iam.serviceAccounts.actAs"]}
[debug] [2026-06-12T03:51:45.076Z] <<< [apiv2][status] POST https://iam.googleapis.com/v1/projects/wificontent-143da/serviceAccounts/wificontent-143da@appspot.gserviceaccount.com:testIamPermissions 200
[debug] [2026-06-12T03:51:45.076Z] <<< [apiv2][body] POST https://iam.googleapis.com/v1/projects/wificontent-143da/serviceAccounts/wificontent-143da@appspot.gserviceaccount.com:testIamPermissions {"permissions":["iam.serviceAccounts.actAs"]}
[info] 
[info] === Deploying to 'wificontent-143da'...
[info] 
[info] i  deploying functions 
[debug] [2026-06-12T03:51:45.080Z] Checked if tokens are valid: true, expires at: 1781239710613
[debug] [2026-06-12T03:51:45.080Z] Checked if tokens are valid: true, expires at: 1781239710613
[debug] [2026-06-12T03:51:45.080Z] >>> [apiv2][query] GET https://cloudresourcemanager.googleapis.com/v1/projects/wificontent-143da [none]
[debug] [2026-06-12T03:51:45.217Z] <<< [apiv2][status] GET https://cloudresourcemanager.googleapis.com/v1/projects/wificontent-143da 200
[debug] [2026-06-12T03:51:45.217Z] <<< [apiv2][body] GET https://cloudresourcemanager.googleapis.com/v1/projects/wificontent-143da {"projectNumber":"158237266758","projectId":"wificontent-143da","lifecycleState":"ACTIVE","name":"Wificontent","labels":{"firebase":"enabled","firebase-core":"disabled"},"createTime":"2026-05-22T05:41:11.551Z"}
[info] i  functions: preparing codebase default for deployment 
[info] i  functions: ensuring required API cloudfunctions.googleapis.com is enabled... 
[info] i  functions: ensuring required API cloudbuild.googleapis.com is enabled... 
[info] i  artifactregistry: ensuring required API artifactregistry.googleapis.com is enabled... 
[debug] [2026-06-12T03:51:45.219Z] Checked if tokens are valid: true, expires at: 1781239710613
[debug] [2026-06-12T03:51:45.220Z] Checked if tokens are valid: true, expires at: 1781239710613
[debug] [2026-06-12T03:51:45.220Z] >>> [apiv2][query] GET https://firebase.googleapis.com/v1beta1/projects/wificontent-143da/adminSdkConfig [none]
[debug] [2026-06-12T03:51:45.595Z] <<< [apiv2][status] GET https://firebase.googleapis.com/v1beta1/projects/wificontent-143da/adminSdkConfig 200
[debug] [2026-06-12T03:51:45.595Z] <<< [apiv2][body] GET https://firebase.googleapis.com/v1beta1/projects/wificontent-143da/adminSdkConfig {"projectId":"wificontent-143da","databaseURL":"https://wificontent-143da-default-rtdb.firebaseio.com","storageBucket":"wificontent-143da.firebasestorage.app"}
[debug] [2026-06-12T03:51:45.595Z] Checked if tokens are valid: true, expires at: 1781239710613
[debug] [2026-06-12T03:51:45.596Z] Checked if tokens are valid: true, expires at: 1781239710613
[debug] [2026-06-12T03:51:45.596Z] >>> [apiv2][query] GET https://runtimeconfig.googleapis.com/v1beta1/projects/wificontent-143da/configs [none]
[debug] [2026-06-12T03:51:46.121Z] <<< [apiv2][status] GET https://runtimeconfig.googleapis.com/v1beta1/projects/wificontent-143da/configs 200
[debug] [2026-06-12T03:51:46.122Z] <<< [apiv2][body] GET https://runtimeconfig.googleapis.com/v1beta1/projects/wificontent-143da/configs {"configs":[{"name":"projects/wificontent-143da/configs/stripe"}]}
[debug] [2026-06-12T03:51:46.122Z] Checked if tokens are valid: true, expires at: 1781239710613
[debug] [2026-06-12T03:51:46.122Z] Checked if tokens are valid: true, expires at: 1781239710613
[debug] [2026-06-12T03:51:46.122Z] >>> [apiv2][query] GET https://runtimeconfig.googleapis.com/v1beta1/projects/wificontent-143da/configs/stripe/variables [none]
[debug] [2026-06-12T03:51:46.297Z] <<< [apiv2][status] GET https://runtimeconfig.googleapis.com/v1beta1/projects/wificontent-143da/configs/stripe/variables 200
[debug] [2026-06-12T03:51:46.298Z] <<< [apiv2][body] GET https://runtimeconfig.googleapis.com/v1beta1/projects/wificontent-143da/configs/stripe/variables {"variables":[{"name":"projects/wificontent-143da/configs/stripe/variables/secret","updateTime":"2026-05-30T01:56:52.021784919Z"}]}
[debug] [2026-06-12T03:51:46.298Z] Checked if tokens are valid: true, expires at: 1781239710613
[debug] [2026-06-12T03:51:46.298Z] Checked if tokens are valid: true, expires at: 1781239710613
[debug] [2026-06-12T03:51:46.298Z] >>> [apiv2][query] GET https://runtimeconfig.googleapis.com/v1beta1/projects/wificontent-143da/configs/stripe/variables/secret [none]
[debug] [2026-06-12T03:51:46.549Z] <<< [apiv2][status] GET https://runtimeconfig.googleapis.com/v1beta1/projects/wificontent-143da/configs/stripe/variables/secret 200
[debug] [2026-06-12T03:51:46.549Z] <<< [apiv2][body] GET https://runtimeconfig.googleapis.com/v1beta1/projects/wificontent-143da/configs/stripe/variables/secret {"name":"projects/wificontent-143da/configs/stripe/variables/secret","updateTime":"2026-05-30T01:56:52.021784919Z","text":"sk_test_..."}
[debug] [2026-06-12T03:51:46.551Z] Validating nodejs source
[warn] ⚠  functions: Runtime Node.js 20 was deprecated on 2026-04-30 and will be decommissioned on 2026-10-30, after which you will not be able to deploy without upgrading. Consider upgrading now to avoid disruption. See https://cloud.google.com/functions/docs/runtime-support for full details on the lifecycle policy 
[warn] ⚠  functions: package.json indicates an outdated version of firebase-functions. Please upgrade using npm install --save firebase-functions@latest in your functions directory. 
[warn] ⚠  functions: Please note that there will be breaking changes when you upgrade. 
[debug] [2026-06-12T03:51:47.210Z] > [functions] package.json contents: {
  "name": "fedex-functions",
  "version": "1.0.0",
  "private": true,
  "engines": {
    "node": "20"
  },
  "dependencies": {
    "firebase-admin": "^11.0.0",
    "firebase-functions": "^4.0.0",
    "stripe": "^12.0.0",
    "express": "^4.18.2",
    "pg": "^8.11.0",
    "@google-cloud/vision": "^4.0.2",
    "@google-cloud/video-intelligence": "^5.0.1"
  }
}
[debug] [2026-06-12T03:51:47.210Z] Building nodejs source
[info] i  functions: Loading and analyzing source code for codebase default to determine what to deploy 
[info] i  functions: You are using a version of firebase-functions SDK (4.9.0) that does not have support for the newest Firebase Extensions features. Please update firebase-functions SDK to >=5.1.0 to use them correctly 
[debug] [2026-06-12T03:51:47.211Z] Could not find functions.yaml. Must use http discovery
[debug] [2026-06-12T03:51:47.216Z] Found firebase-functions binary at '/Users/francisblack/Downloads/Fedex/functions/node_modules/.bin/firebase-functions'
[info] Serving at port 8040

[debug] [2026-06-12T03:51:47.509Z] Got response from /__/functions.yaml {"endpoints":{"api":{"platform":"gcfv1","availableMemoryMb":null,"timeoutSeconds":null,"minInstances":null,"maxInstances":null,"ingressSettings":null,"serviceAccountEmail":null,"vpc":null,"httpsTrigger":{},"entryPoint":"api"},"enforceUserPostLimit":{"platform":"gcfv1","availableMemoryMb":null,"timeoutSeconds":null,"minInstances":null,"maxInstances":null,"ingressSettings":null,"serviceAccountEmail":null,"vpc":null,"eventTrigger":{"eventType":"providers/google.firebase.database/eventTypes/ref.create","eventFilters":{"resource":"projects/_/instances/wificontent-143da-default-rtdb/refs/posts/{postId}"},"retry":false},"labels":{},"entryPoint":"enforceUserPostLimit"},"postMetricsAggregator":{"platform":"gcfv1","availableMemoryMb":null,"timeoutSeconds":null,"minInstances":null,"maxInstances":null,"ingressSettings":null,"serviceAccountEmail":null,"vpc":null,"eventTrigger":{"eventType":"providers/google.firebase.database/eventTypes/ref.create","eventFilters":{"resource":"projects/_/instances/wificontent-143da-default-rtdb/refs/posts/{postId}"},"retry":false},"labels":{},"entryPoint":"postMetricsAggregator"},"consumeUserBadgeOnPostCreate":{"platform":"gcfv1","availableMemoryMb":null,"timeoutSeconds":null,"minInstances":null,"maxInstances":null,"ingressSettings":null,"serviceAccountEmail":null,"vpc":null,"eventTrigger":{"eventType":"providers/google.firebase.database/eventTypes/ref.create","eventFilters":{"resource":"projects/_/instances/wificontent-143da-default-rtdb/refs/posts/{postId}"},"retry":false},"labels":{},"entryPoint":"consumeUserBadgeOnPostCreate"},"cleanBadgesOnContentRemoval":{"platform":"gcfv1","availableMemoryMb":null,"timeoutSeconds":null,"minInstances":null,"maxInstances":null,"ingressSettings":null,"serviceAccountEmail":null,"vpc":null,"eventTrigger":{"eventType":"providers/google.firebase.database/eventTypes/ref.write","eventFilters":{"resource":"projects/_/instances/wificontent-143da-default-rtdb/refs/posts/{postId}/content"},"retry":false},"labels":{},"entryPoint":"cleanBadgesOnContentRemoval"},"createCheckoutSession":{"platform":"gcfv1","availableMemoryMb":null,"timeoutSeconds":null,"minInstances":null,"maxInstances":null,"ingressSettings":null,"serviceAccountEmail":null,"vpc":null,"secretEnvironmentVariables":[{"key":"STRIPE_SECRET"}],"httpsTrigger":{},"entryPoint":"createCheckoutSession"},"createCheckoutSessionCallable":{"platform":"gcfv1","labels":{},"availableMemoryMb":null,"timeoutSeconds":null,"minInstances":null,"maxInstances":null,"ingressSettings":null,"serviceAccountEmail":null,"vpc":null,"secretEnvironmentVariables":[{"key":"STRIPE_SECRET"}],"callableTrigger":{},"entryPoint":"createCheckoutSessionCallable"},"getCheckoutSessionResult":{"platform":"gcfv1","labels":{},"availableMemoryMb":null,"timeoutSeconds":null,"minInstances":null,"maxInstances":null,"ingressSettings":null,"serviceAccountEmail":null,"vpc":null,"secretEnvironmentVariables":[{"key":"STRIPE_SECRET"}],"callableTrigger":{},"entryPoint":"getCheckoutSessionResult"},"handleStripeWebhook":{"platform":"gcfv1","availableMemoryMb":null,"timeoutSeconds":null,"minInstances":null,"maxInstances":null,"ingressSettings":null,"serviceAccountEmail":null,"vpc":null,"secretEnvironmentVariables":[{"key":"STRIPE_SECRET"},{"key":"STRIPE_WEBHOOK_SECRET"}],"httpsTrigger":{},"entryPoint":"handleStripeWebhook"},"createPaymentIntent":{"platform":"gcfv1","labels":{},"availableMemoryMb":null,"timeoutSeconds":null,"minInstances":null,"maxInstances":null,"ingressSettings":null,"serviceAccountEmail":null,"vpc":null,"secretEnvironmentVariables":[{"key":"STRIPE_SECRET"}],"callableTrigger":{},"entryPoint":"createPaymentIntent"},"moderateMedia":{"platform":"gcfv1","labels":{},"availableMemoryMb":512,"timeoutSeconds":180,"minInstances":null,"maxInstances":null,"ingressSettings":null,"serviceAccountEmail":null,"vpc":null,"secretEnvironmentVariables":[{"key":"VISION_SA_KEY"}],"callableTrigger":{},"entryPoint":"moderateMedia"}},"specVersion":"v1alpha1","requiredAPIs":[],"params":[{"type":"secret","name":"STRIPE_SECRET"},{"type":"secret","name":"STRIPE_WEBHOOK_SECRET"},{"type":"secret","name":"VISION_SA_KEY"}]}
[debug] [2026-06-12T03:51:51.535Z] Checked if tokens are valid: true, expires at: 1781239710613
[debug] [2026-06-12T03:51:51.535Z] Checked if tokens are valid: true, expires at: 1781239710613
[debug] [2026-06-12T03:51:51.535Z] >>> [apiv2][query] GET https://secretmanager.googleapis.com/v1/projects/wificontent-143da/secrets/STRIPE_SECRET [none]
[debug] [2026-06-12T03:51:51.695Z] <<< [apiv2][status] GET https://secretmanager.googleapis.com/v1/projects/wificontent-143da/secrets/STRIPE_SECRET 200
[debug] [2026-06-12T03:51:51.695Z] <<< [apiv2][body] GET https://secretmanager.googleapis.com/v1/projects/wificontent-143da/secrets/STRIPE_SECRET {"name":"projects/158237266758/secrets/STRIPE_SECRET","replication":{"automatic":{}},"createTime":"2026-06-04T13:41:14.426698Z","labels":{"firebase-managed":"functions"},"etag":"\"16536db2b338e4\""}
[debug] [2026-06-12T03:51:51.695Z] Checked if tokens are valid: true, expires at: 1781239710613
[debug] [2026-06-12T03:51:51.695Z] Checked if tokens are valid: true, expires at: 1781239710613
[debug] [2026-06-12T03:51:51.696Z] >>> [apiv2][query] GET https://secretmanager.googleapis.com/v1/projects/wificontent-143da/secrets/STRIPE_SECRET/versions/latest [none]
[debug] [2026-06-12T03:51:51.793Z] <<< [apiv2][status] GET https://secretmanager.googleapis.com/v1/projects/wificontent-143da/secrets/STRIPE_SECRET/versions/latest 200
[debug] [2026-06-12T03:51:51.793Z] <<< [apiv2][body] GET https://secretmanager.googleapis.com/v1/projects/wificontent-143da/secrets/STRIPE_SECRET/versions/latest {"name":"projects/158237266758/secrets/STRIPE_SECRET/versions/1","createTime":"2026-06-04T13:41:15.469769Z","state":"ENABLED","replicationStatus":{"automatic":{}},"etag":"\"16536db2bbffc9\""}
[debug] [2026-06-12T03:51:51.793Z] Checked if tokens are valid: true, expires at: 1781239710613
[debug] [2026-06-12T03:51:51.793Z] Checked if tokens are valid: true, expires at: 1781239710613
[debug] [2026-06-12T03:51:51.793Z] >>> [apiv2][query] GET https://secretmanager.googleapis.com/v1/projects/wificontent-143da/secrets/STRIPE_WEBHOOK_SECRET [none]
[debug] [2026-06-12T03:51:51.890Z] <<< [apiv2][status] GET https://secretmanager.googleapis.com/v1/projects/wificontent-143da/secrets/STRIPE_WEBHOOK_SECRET 200
[debug] [2026-06-12T03:51:51.891Z] <<< [apiv2][body] GET https://secretmanager.googleapis.com/v1/projects/wificontent-143da/secrets/STRIPE_WEBHOOK_SECRET {"name":"projects/158237266758/secrets/STRIPE_WEBHOOK_SECRET","replication":{"automatic":{}},"createTime":"2026-06-04T13:41:42.844918Z","labels":{"firebase-managed":"functions"},"etag":"\"16536db462d81e\""}
[debug] [2026-06-12T03:51:51.891Z] Checked if tokens are valid: true, expires at: 1781239710613
[debug] [2026-06-12T03:51:51.891Z] Checked if tokens are valid: true, expires at: 1781239710613
[debug] [2026-06-12T03:51:51.891Z] >>> [apiv2][query] GET https://secretmanager.googleapis.com/v1/projects/wificontent-143da/secrets/STRIPE_WEBHOOK_SECRET/versions/latest [none]
[debug] [2026-06-12T03:51:51.992Z] <<< [apiv2][status] GET https://secretmanager.googleapis.com/v1/projects/wificontent-143da/secrets/STRIPE_WEBHOOK_SECRET/versions/latest 200
[debug] [2026-06-12T03:51:51.992Z] <<< [apiv2][body] GET https://secretmanager.googleapis.com/v1/projects/wificontent-143da/secrets/STRIPE_WEBHOOK_SECRET/versions/latest {"name":"projects/158237266758/secrets/STRIPE_WEBHOOK_SECRET/versions/1","createTime":"2026-06-04T13:41:43.823218Z","state":"ENABLED","replicationStatus":{"automatic":{}},"etag":"\"16536db46ca372\""}
[debug] [2026-06-12T03:51:51.993Z] Checked if tokens are valid: true, expires at: 1781239710613
[debug] [2026-06-12T03:51:51.993Z] Checked if tokens are valid: true, expires at: 1781239710613
[debug] [2026-06-12T03:51:51.993Z] >>> [apiv2][query] GET https://secretmanager.googleapis.com/v1/projects/wificontent-143da/secrets/VISION_SA_KEY [none]
[debug] [2026-06-12T03:51:52.103Z] <<< [apiv2][status] GET https://secretmanager.googleapis.com/v1/projects/wificontent-143da/secrets/VISION_SA_KEY 200
[debug] [2026-06-12T03:51:52.104Z] <<< [apiv2][body] GET https://secretmanager.googleapis.com/v1/projects/wificontent-143da/secrets/VISION_SA_KEY {"name":"projects/158237266758/secrets/VISION_SA_KEY","replication":{"automatic":{}},"createTime":"2026-06-03T23:43:25.500876Z","labels":{"firebase-managed":"functions"},"etag":"\"165361fe6e070d\""}
[debug] [2026-06-12T03:51:52.104Z] Checked if tokens are valid: true, expires at: 1781239710613
[debug] [2026-06-12T03:51:52.104Z] Checked if tokens are valid: true, expires at: 1781239710613
[debug] [2026-06-12T03:51:52.104Z] >>> [apiv2][query] GET https://secretmanager.googleapis.com/v1/projects/wificontent-143da/secrets/VISION_SA_KEY/versions/latest [none]
[debug] [2026-06-12T03:51:52.197Z] <<< [apiv2][status] GET https://secretmanager.googleapis.com/v1/projects/wificontent-143da/secrets/VISION_SA_KEY/versions/latest 200
[debug] [2026-06-12T03:51:52.198Z] <<< [apiv2][body] GET https://secretmanager.googleapis.com/v1/projects/wificontent-143da/secrets/VISION_SA_KEY/versions/latest {"name":"projects/158237266758/secrets/VISION_SA_KEY/versions/1","createTime":"2026-06-03T23:43:26.665002Z","state":"ENABLED","replicationStatus":{"automatic":{}},"etag":"\"165361fe7ae92a\""}
[info] i  functions: preparing functions directory for uploading... 
[info] i  functions: packaged /Users/francisblack/Downloads/Fedex/functions (61.51 KB) for uploading 
[debug] [2026-06-12T03:51:52.234Z] Checked if tokens are valid: true, expires at: 1781239710613
[debug] [2026-06-12T03:51:52.234Z] Checked if tokens are valid: true, expires at: 1781239710613
[debug] [2026-06-12T03:51:52.234Z] >>> [apiv2][query] GET https://cloudfunctions.googleapis.com/v1/projects/wificontent-143da/locations/-/functions [none]
[debug] [2026-06-12T03:51:52.841Z] <<< [apiv2][status] GET https://cloudfunctions.googleapis.com/v1/projects/wificontent-143da/locations/-/functions 200
[debug] [2026-06-12T03:51:52.841Z] <<< [apiv2][body] GET https://cloudfunctions.googleapis.com/v1/projects/wificontent-143da/locations/-/functions {"functions":[{"name":"projects/wificontent-143da/locations/us-central1/functions/createCheckoutSessionCallable","httpsTrigger":{"url":"https://us-central1-wificontent-143da.cloudfunctions.net/createCheckoutSessionCallable","securityLevel":"SECURE_ALWAYS"},"status":"ACTIVE","entryPoint":"createCheckoutSessionCallable","timeout":"60s","availableMemoryMb":256,"serviceAccountEmail":"wificontent-143da@appspot.gserviceaccount.com","updateTime":"2026-06-04T13:50:41.412868032Z","versionId":"1","labels":{"deployment-tool":"cli-firebase","deployment-callable":"true","firebase-functions-hash":"6ff1416a513b0a569cf7e39e5012de45372a7e2c"},"sourceUploadUrl":"https://storage.googleapis.com/uploads-692370461028.us-central1.cloudfunctions.appspot.com/38d152f6-cf3f-4a27-bca2-99ec22d21e79.zip","environmentVariables":{"FIREBASE_CONFIG":"{\"projectId\":\"wificontent-143da\",\"databaseURL\":\"https://wificontent-143da-default-rtdb.firebaseio.com\",\"storageBucket\":\"wificontent-143da.firebasestorage.app\"}","GCLOUD_PROJECT":"wificontent-143da","EVENTARC_CLOUD_EVENT_SOURCE":"projects/wificontent-143da/locations/us-central1/functions/createCheckoutSessionCallable"},"runtime":"nodejs20","ingressSettings":"ALLOW_ALL","buildId":"c96d8118-30a2-4795-9828-102257e4b186","buildEnvironmentVariables":{"GOOGLE_NODE_RUN_SCRIPTS":""},"secretEnvironmentVariables":[{"key":"STRIPE_SECRET","projectId":"158237266758","secret":"STRIPE_SECRET","version":"1"}],"buildName":"projects/158237266758/locations/us-central1/builds/c96d8118-30a2-4795-9828-102257e4b186","dockerRegistry":"ARTIFACT_REGISTRY","automaticUpdatePolicy":{},"buildServiceAccount":"projects/wificontent-143da/serviceAccounts/158237266758-compute@developer.gserviceaccount.com","satisfiesPzi":true},{"name":"projects/wificontent-143da/locations/us-central1/functions/getCheckoutSessionResult","httpsTrigger":{"url":"https://us-central1-wificontent-143da.cloudfunctions.net/getCheckoutSessionResult","securityLevel":"SECURE_ALWAYS"},"status":"ACTIVE","entryPoint":"getCheckoutSessionResult","timeout":"60s","availableMemoryMb":256,"serviceAccountEmail":"wificontent-143da@appspot.gserviceaccount.com","updateTime":"2026-06-04T13:50:40.765250254Z","versionId":"1","labels":{"deployment-tool":"cli-firebase","deployment-callable":"true","firebase-functions-hash":"6ff1416a513b0a569cf7e39e5012de45372a7e2c"},"sourceUploadUrl":"https://storage.googleapis.com/uploads-692370461028.us-central1.cloudfunctions.appspot.com/38d152f6-cf3f-4a27-bca2-99ec22d21e79.zip","environmentVariables":{"FIREBASE_CONFIG":"{\"projectId\":\"wificontent-143da\",\"databaseURL\":\"https://wificontent-143da-default-rtdb.firebaseio.com\",\"storageBucket\":\"wificontent-143da.firebasestorage.app\"}","GCLOUD_PROJECT":"wificontent-143da","EVENTARC_CLOUD_EVENT_SOURCE":"projects/wificontent-143da/locations/us-central1/functions/getCheckoutSessionResult"},"runtime":"nodejs20","ingressSettings":"ALLOW_ALL","buildId":"c96d8118-30a2-4795-9828-102257e4b186","buildEnvironmentVariables":{"GOOGLE_NODE_RUN_SCRIPTS":""},"secretEnvironmentVariables":[{"key":"STRIPE_SECRET","projectId":"158237266758","secret":"STRIPE_SECRET","version":"1"}],"buildName":"projects/158237266758/locations/us-central1/builds/c96d8118-30a2-4795-9828-102257e4b186","dockerRegistry":"ARTIFACT_REGISTRY","automaticUpdatePolicy":{},"buildServiceAccount":"projects/wificontent-143da/serviceAccounts/158237266758-compute@developer.gserviceaccount.com","satisfiesPzi":true},{"name":"projects/wificontent-143da/locations/us-central1/functions/moderateMedia","httpsTrigger":{"url":"https://us-central1-wificontent-143da.cloudfunctions.net/moderateMedia","securityLevel":"SECURE_ALWAYS"},"status":"ACTIVE","entryPoint":"moderateMedia","timeout":"180s","availableMemoryMb":512,"serviceAccountEmail":"wificontent-143da@appspot.gserviceaccount.com","updateTime":"2026-06-04T13:21:58.566Z","versionId":"11","labels":{"deployment-tool":"cli-firebase","deployment-callable":"true","firebase-functions-hash":"b49099bd00e252c557420ac3a31987a4b3ddb8ea"},"sourceUploadUrl":"https://storage.googleapis.com/uploads-692370461028.us-central1.cloudfunctions.appspot.com/161ff7e2-ef88-4fe8-9018-0b1da7835368.zip","environmentVariables":{"FIREBASE_CONFIG":"{\"projectId\":\"wificontent-143da\",\"databaseURL\":\"https://wificontent-143da-default-rtdb.firebaseio.com\",\"storageBucket\":\"wificontent-143da.firebasestorage.app\"}","GCLOUD_PROJECT":"wificontent-143da","EVENTARC_CLOUD_EVENT_SOURCE":"projects/wificontent-143da/locations/us-central1/functions/moderateMedia"},"runtime":"nodejs20","ingressSettings":"ALLOW_ALL","buildId":"131c799e-fb82-4468-b64c-2eaf28f8c7c1","buildEnvironmentVariables":{"GOOGLE_NODE_RUN_SCRIPTS":""},"secretEnvironmentVariables":[{"key":"VISION_SA_KEY","projectId":"158237266758","secret":"VISION_SA_KEY","version":"1"}],"buildName":"projects/158237266758/locations/us-central1/builds/131c799e-fb82-4468-b64c-2eaf28f8c7c1","dockerRegistry":"ARTIFACT_REGISTRY","automaticUpdatePolicy":{},"buildServiceAccount":"projects/wificontent-143da/serviceAccounts/158237266758-compute@developer.gserviceaccount.com","satisfiesPzi":true},{"name":"projects/wificontent-143da/locations/us-central1/functions/createPaymentIntent","httpsTrigger":{"url":"https://us-central1-wificontent-143da.cloudfunctions.net/createPaymentIntent","securityLevel":"SECURE_ALWAYS"},"status":"ACTIVE","entryPoint":"createPaymentIntent","timeout":"60s","availableMemoryMb":256,"serviceAccountEmail":"wificontent-143da@appspot.gserviceaccount.com","updateTime":"2026-06-04T14:26:15.364Z","versionId":"2","labels":{"deployment-tool":"cli-firebase","deployment-callable":"true","firebase-functions-hash":"cab3c33528d45ef37c9984f4eaba7ea86af4c742"},"sourceUploadUrl":"https://storage.googleapis.com/uploads-692370461028.us-central1.cloudfunctions.appspot.com/f8a16928-b85c-478a-ab5d-21fb641e87fe.zip","environmentVariables":{"FIREBASE_CONFIG":"{\"projectId\":\"wificontent-143da\",\"databaseURL\":\"https://wificontent-143da-default-rtdb.firebaseio.com\",\"storageBucket\":\"wificontent-143da.firebasestorage.app\"}","GCLOUD_PROJECT":"wificontent-143da","EVENTARC_CLOUD_EVENT_SOURCE":"projects/wificontent-143da/locations/us-central1/functions/createPaymentIntent"},"runtime":"nodejs20","ingressSettings":"ALLOW_ALL","buildId":"99ab3ad8-6f35-417c-8dbe-866afa72bb84","buildEnvironmentVariables":{"GOOGLE_NODE_RUN_SCRIPTS":""},"secretEnvironmentVariables":[{"key":"STRIPE_SECRET","projectId":"158237266758","secret":"STRIPE_SECRET","version":"1"}],"buildName":"projects/158237266758/locations/us-central1/builds/99ab3ad8-6f35-417c-8dbe-866afa72bb84","dockerRegistry":"ARTIFACT_REGISTRY","automaticUpdatePolicy":{},"buildServiceAccount":"projects/wificontent-143da/serviceAccounts/158237266758-compute@developer.gserviceaccount.com","satisfiesPzi":true},{"name":"projects/wificontent-143da/locations/us-central1/functions/api","httpsTrigger":{"url":"https://us-central1-wificontent-143da.cloudfunctions.net/api","securityLevel":"SECURE_ALWAYS"},"status":"OFFLINE","entryPoint":"api","timeout":"60s","availableMemoryMb":256,"serviceAccountEmail":"wificontent-143da@appspot.gserviceaccount.com","updateTime":"2026-06-12T03:49:17.130236809Z","versionId":"1","labels":{"firebase-functions-hash":"f04f99181a37ddd0deea7a83159d393e6ce5c944","deployment-tool":"cli-firebase"},"sourceUploadUrl":"https://storage.googleapis.com/uploads-692370461028.us-central1.cloudfunctions.appspot.com/e23b853a-3ed3-495c-879f-8ded39f92370.zip","environmentVariables":{"FIREBASE_CONFIG":"{\"projectId\":\"wificontent-143da\",\"databaseURL\":\"https://wificontent-143da-default-rtdb.firebaseio.com\",\"storageBucket\":\"wificontent-143da.firebasestorage.app\"}","GCLOUD_PROJECT":"wificontent-143da","EVENTARC_CLOUD_EVENT_SOURCE":"projects/wificontent-143da/locations/us-central1/functions/api"},"runtime":"nodejs20","ingressSettings":"ALLOW_ALL","buildId":"b32c4fc2-9b93-4a4a-b7b3-6aaa45fe553c","buildEnvironmentVariables":{"GOOGLE_NODE_RUN_SCRIPTS":""},"buildName":"projects/158237266758/locations/us-central1/builds/b32c4fc2-9b93-4a4a-b7b3-6aaa45fe553c","dockerRegistry":"ARTIFACT_REGISTRY","automaticUpdatePolicy":{},"buildServiceAccount":"projects/wificontent-143da/serviceAccounts/158237266758-compute@developer.gserviceaccount.com","satisfiesPzi":true},{"name":"projects/wificontent-143da/locations/us-central1/functions/createCheckoutSession","httpsTrigger":{"url":"https://us-central1-wificontent-143da.cloudfunctions.net/createCheckoutSession","securityLevel":"SECURE_ALWAYS"},"status":"ACTIVE","entryPoint":"createCheckoutSession","timeout":"60s","availableMemoryMb":256,"serviceAccountEmail":"wificontent-143da@appspot.gserviceaccount.com","updateTime":"2026-06-04T13:50:46.078816070Z","versionId":"1","labels":{"firebase-functions-hash":"6ff1416a513b0a569cf7e39e5012de45372a7e2c","deployment-tool":"cli-firebase"},"sourceUploadUrl":"https://storage.googleapis.com/uploads-692370461028.us-central1.cloudfunctions.appspot.com/38d152f6-cf3f-4a27-bca2-99ec22d21e79.zip","environmentVariables":{"FIREBASE_CONFIG":"{\"projectId\":\"wificontent-143da\",\"databaseURL\":\"https://wificontent-143da-default-rtdb.firebaseio.com\",\"storageBucket\":\"wificontent-143da.firebasestorage.app\"}","GCLOUD_PROJECT":"wificontent-143da","EVENTARC_CLOUD_EVENT_SOURCE":"projects/wificontent-143da/locations/us-central1/functions/createCheckoutSession"},"runtime":"nodejs20","ingressSettings":"ALLOW_ALL","buildId":"c96d8118-30a2-4795-9828-102257e4b186","buildEnvironmentVariables":{"GOOGLE_NODE_RUN_SCRIPTS":""},"secretEnvironmentVariables":[{"key":"STRIPE_SECRET","projectId":"158237266758","secret":"STRIPE_SECRET","version":"1"}],"buildName":"projects/158237266758/locations/us-central1/builds/c96d8118-30a2-4795-9828-102257e4b186","dockerRegistry":"ARTIFACT_REGISTRY","automaticUpdatePolicy":{},"buildServiceAccount":"projects/wificontent-143da/serviceAccounts/158237266758-compute@developer.gserviceaccount.com","satisfiesPzi":true},{"name":"projects/wificontent-143da/locations/us-central1/functions/handleStripeWebhook","httpsTrigger":{"url":"https://us-central1-wificontent-143da.cloudfunctions.net/handleStripeWebhook","securityLevel":"SECURE_ALWAYS"},"status":"ACTIVE","entryPoint":"handleStripeWebhook","timeout":"60s","availableMemoryMb":256,"serviceAccountEmail":"wificontent-143da@appspot.gserviceaccount.com","updateTime":"2026-06-04T14:26:15.472Z","versionId":"3","labels":{"deployment-tool":"cli-firebase","firebase-functions-hash":"e3590145405efb681dc2cc97e3ebcf2ebcc5e2d6"},"sourceUploadUrl":"https://storage.googleapis.com/uploads-692370461028.us-central1.cloudfunctions.appspot.com/f8a16928-b85c-478a-ab5d-21fb641e87fe.zip","environmentVariables":{"FIREBASE_CONFIG":"{\"projectId\":\"wificontent-143da\",\"databaseURL\":\"https://wificontent-143da-default-rtdb.firebaseio.com\",\"storageBucket\":\"wificontent-143da.firebasestorage.app\"}","GCLOUD_PROJECT":"wificontent-143da","EVENTARC_CLOUD_EVENT_SOURCE":"projects/wificontent-143da/locations/us-central1/functions/handleStripeWebhook"},"runtime":"nodejs20","ingressSettings":"ALLOW_ALL","buildId":"99ab3ad8-6f35-417c-8dbe-866afa72bb84","buildEnvironmentVariables":{"GOOGLE_NODE_RUN_SCRIPTS":""},"secretEnvironmentVariables":[{"key":"STRIPE_SECRET","projectId":"158237266758","secret":"STRIPE_SECRET","version":"1"},{"key":"STRIPE_WEBHOOK_SECRET","projectId":"158237266758","secret":"STRIPE_WEBHOOK_SECRET","version":"1"}],"buildName":"projects/158237266758/locations/us-central1/builds/99ab3ad8-6f35-417c-8dbe-866afa72bb84","dockerRegistry":"ARTIFACT_REGISTRY","automaticUpdatePolicy":{},"buildServiceAccount":"projects/wificontent-143da/serviceAccounts/158237266758-compute@developer.gserviceaccount.com","satisfiesPzi":true}]}
[debug] [2026-06-12T03:51:52.842Z] Checked if tokens are valid: true, expires at: 1781239710613
[debug] [2026-06-12T03:51:52.842Z] Checked if tokens are valid: true, expires at: 1781239710613
[debug] [2026-06-12T03:51:52.842Z] >>> [apiv2][query] GET https://cloudfunctions.googleapis.com/v2/projects/wificontent-143da/locations/-/functions filter=environment%3D%22GEN_2%22
[debug] [2026-06-12T03:51:53.464Z] <<< [apiv2][status] GET https://cloudfunctions.googleapis.com/v2/projects/wificontent-143da/locations/-/functions 200
[debug] [2026-06-12T03:51:53.464Z] <<< [apiv2][body] GET https://cloudfunctions.googleapis.com/v2/projects/wificontent-143da/locations/-/functions {}
[info] i  functions: ensuring required API secretmanager.googleapis.com is enabled... 
[debug] [2026-06-12T03:51:53.468Z] Checked if tokens are valid: true, expires at: 1781239710613
[debug] [2026-06-12T03:51:53.469Z] Checked if tokens are valid: true, expires at: 1781239710613
[debug] [2026-06-12T03:51:53.469Z] Checked if tokens are valid: true, expires at: 1781239710613
[debug] [2026-06-12T03:51:53.469Z] Checked if tokens are valid: true, expires at: 1781239710613
[debug] [2026-06-12T03:51:53.469Z] Checked if tokens are valid: true, expires at: 1781239710613
[debug] [2026-06-12T03:51:53.469Z] Checked if tokens are valid: true, expires at: 1781239710613
[debug] [2026-06-12T03:51:53.469Z] >>> [apiv2][query] GET https://secretmanager.googleapis.com/v1/projects/wificontent-143da/secrets/STRIPE_SECRET/versions/latest [none]
[debug] [2026-06-12T03:51:53.470Z] >>> [apiv2][query] GET https://secretmanager.googleapis.com/v1/projects/wificontent-143da/secrets/STRIPE_WEBHOOK_SECRET/versions/latest [none]
[debug] [2026-06-12T03:51:53.471Z] >>> [apiv2][query] GET https://secretmanager.googleapis.com/v1/projects/wificontent-143da/secrets/VISION_SA_KEY/versions/latest [none]
[debug] [2026-06-12T03:51:53.564Z] <<< [apiv2][status] GET https://secretmanager.googleapis.com/v1/projects/wificontent-143da/secrets/STRIPE_SECRET/versions/latest 200
[debug] [2026-06-12T03:51:53.564Z] <<< [apiv2][body] GET https://secretmanager.googleapis.com/v1/projects/wificontent-143da/secrets/STRIPE_SECRET/versions/latest {"name":"projects/158237266758/secrets/STRIPE_SECRET/versions/1","createTime":"2026-06-04T13:41:15.469769Z","state":"ENABLED","replicationStatus":{"automatic":{}},"etag":"\"16536db2bbffc9\""}
[debug] [2026-06-12T03:51:53.564Z] Resolved secret version of STRIPE_SECRET to 1.
[debug] [2026-06-12T03:51:53.619Z] <<< [apiv2][status] GET https://secretmanager.googleapis.com/v1/projects/wificontent-143da/secrets/VISION_SA_KEY/versions/latest 200
[debug] [2026-06-12T03:51:53.620Z] <<< [apiv2][body] GET https://secretmanager.googleapis.com/v1/projects/wificontent-143da/secrets/VISION_SA_KEY/versions/latest {"name":"projects/158237266758/secrets/VISION_SA_KEY/versions/1","createTime":"2026-06-03T23:43:26.665002Z","state":"ENABLED","replicationStatus":{"automatic":{}},"etag":"\"165361fe7ae92a\""}
[debug] [2026-06-12T03:51:53.620Z] Resolved secret version of VISION_SA_KEY to 1.
[debug] [2026-06-12T03:51:53.637Z] <<< [apiv2][status] GET https://secretmanager.googleapis.com/v1/projects/wificontent-143da/secrets/STRIPE_WEBHOOK_SECRET/versions/latest 200
[debug] [2026-06-12T03:51:53.637Z] <<< [apiv2][body] GET https://secretmanager.googleapis.com/v1/projects/wificontent-143da/secrets/STRIPE_WEBHOOK_SECRET/versions/latest {"name":"projects/158237266758/secrets/STRIPE_WEBHOOK_SECRET/versions/1","createTime":"2026-06-04T13:41:43.823218Z","state":"ENABLED","replicationStatus":{"automatic":{}},"etag":"\"16536db46ca372\""}
[debug] [2026-06-12T03:51:53.637Z] Resolved secret version of STRIPE_WEBHOOK_SECRET to 1.
[debug] [2026-06-12T03:51:53.638Z] Checked if tokens are valid: true, expires at: 1781239710613
[debug] [2026-06-12T03:51:53.638Z] Checked if tokens are valid: true, expires at: 1781239710613
[debug] [2026-06-12T03:51:53.638Z] >>> [apiv2][query] GET https://cloudresourcemanager.googleapis.com/v1/projects/wificontent-143da [none]
[debug] [2026-06-12T03:51:53.887Z] <<< [apiv2][status] GET https://cloudresourcemanager.googleapis.com/v1/projects/wificontent-143da 200
[debug] [2026-06-12T03:51:53.887Z] <<< [apiv2][body] GET https://cloudresourcemanager.googleapis.com/v1/projects/wificontent-143da {"projectNumber":"158237266758","projectId":"wificontent-143da","lifecycleState":"ACTIVE","name":"Wificontent","labels":{"firebase":"enabled","firebase-core":"disabled"},"createTime":"2026-05-22T05:41:11.551Z"}
[debug] [2026-06-12T03:51:53.889Z] Checked if tokens are valid: true, expires at: 1781239710613
[debug] [2026-06-12T03:51:53.889Z] Checked if tokens are valid: true, expires at: 1781239710613
[debug] [2026-06-12T03:51:53.889Z] >>> [apiv2][query] POST https://cloudfunctions.googleapis.com/v1/projects/wificontent-143da/locations/us-central1/functions:generateUploadUrl [none]
[debug] [2026-06-12T03:51:53.889Z] >>> [apiv2][body] POST https://cloudfunctions.googleapis.com/v1/projects/wificontent-143da/locations/us-central1/functions:generateUploadUrl {}
[debug] [2026-06-12T03:51:54.450Z] <<< [apiv2][status] POST https://cloudfunctions.googleapis.com/v1/projects/wificontent-143da/locations/us-central1/functions:generateUploadUrl 200
[debug] [2026-06-12T03:51:54.450Z] <<< [apiv2][body] POST https://cloudfunctions.googleapis.com/v1/projects/wificontent-143da/locations/us-central1/functions:generateUploadUrl {"uploadUrl":"https://storage.googleapis.com/uploads-692370461028.us-central1.cloudfunctions.appspot.com/4436f6aa-1e4b-40fa-8a94-60d055a1c725.zip?GoogleAccessId=service-158237266758@gcf-admin-robot.iam.gserviceaccount.com&Expires=1781238114&Signature=DkrHjDE%2BbtV6oKS1GQlRcqSOI%2B3VlYtP33tXN3kx%2Fav25M5%2FU3R0TaZubs8hZYXtSqWOv%2BqmoaBPVOTPaS1Ttfhk7LGEG74r6F2blyf%2FEH98MGik0ZfVMIbEIcnTK0tBP1PWAObrpPeJdrVgZvP7vGkQ%2BF0BgVAferQC93xeGbIz1xwySdqJjg94XXTyZOXKlbdSu8UPZxzL%2Br4%2Fn7p%2BZmJv5u6wtwTb6tS4wgGre4774xcNPaszeR5UkBMz85JsD%2FWpzoiFnbJQ4WY2jcWy5QjJlaUeO8R5hgnXqs6tuX8yvWiUU9%2BqFvK5hfuP%2BOPCxIMCKmfy5opSphpUy21zKw%3D%3D"}
[debug] [2026-06-12T03:51:54.451Z] >>> [apiv2][query] PUT https://storage.googleapis.com/uploads-692370461028.us-central1.cloudfunctions.appspot.com/4436f6aa-1e4b-40fa-8a94-60d055a1c725.zip GoogleAccessId=service-158237266758%40gcf-admin-robot.iam.gserviceaccount.com&Expires=1781238114&Signature=DkrHjDE%2BbtV6oKS1GQlRcqSOI%2B3VlYtP33tXN3kx%2Fav25M5%2FU3R0TaZubs8hZYXtSqWOv%2BqmoaBPVOTPaS1Ttfhk7LGEG74r6F2blyf%2FEH98MGik0ZfVMIbEIcnTK0tBP1PWAObrpPeJdrVgZvP7vGkQ%2BF0BgVAferQC93xeGbIz1xwySdqJjg94XXTyZOXKlbdSu8UPZxzL%2Br4%2Fn7p%2BZmJv5u6wtwTb6tS4wgGre4774xcNPaszeR5UkBMz85JsD%2FWpzoiFnbJQ4WY2jcWy5QjJlaUeO8R5hgnXqs6tuX8yvWiUU9%2BqFvK5hfuP%2BOPCxIMCKmfy5opSphpUy21zKw%3D%3D
[debug] [2026-06-12T03:51:54.452Z] >>> [apiv2][body] PUT https://storage.googleapis.com/uploads-692370461028.us-central1.cloudfunctions.appspot.com/4436f6aa-1e4b-40fa-8a94-60d055a1c725.zip [stream]
[debug] [2026-06-12T03:51:54.776Z] <<< [apiv2][status] PUT https://storage.googleapis.com/uploads-692370461028.us-central1.cloudfunctions.appspot.com/4436f6aa-1e4b-40fa-8a94-60d055a1c725.zip 200
[debug] [2026-06-12T03:51:54.777Z] <<< [apiv2][body] PUT https://storage.googleapis.com/uploads-692370461028.us-central1.cloudfunctions.appspot.com/4436f6aa-1e4b-40fa-8a94-60d055a1c725.zip [omitted]
[info] ✔  functions: functions source uploaded successfully 
[info] i  functions: creating Node.js 20 (1st Gen) function enforceUserPostLimit(us-central1)... 
[info] i  functions: creating Node.js 20 (1st Gen) function postMetricsAggregator(us-central1)... 
[info] i  functions: creating Node.js 20 (1st Gen) function consumeUserBadgeOnPostCreate(us-central1)... 
[info] i  functions: creating Node.js 20 (1st Gen) function cleanBadgesOnContentRemoval(us-central1)... 
[info] i  functions: updating Node.js 20 (1st Gen) function api(us-central1)... 
[info] i  functions: updating Node.js 20 (1st Gen) function createCheckoutSession(us-central1)... 
[info] i  functions: updating Node.js 20 (1st Gen) function createCheckoutSessionCallable(us-central1)... 
[info] i  functions: updating Node.js 20 (1st Gen) function getCheckoutSessionResult(us-central1)... 
[info] i  functions: updating Node.js 20 (1st Gen) function handleStripeWebhook(us-central1)... 
[info] i  functions: updating Node.js 20 (1st Gen) function createPaymentIntent(us-central1)... 
[info] i  functions: updating Node.js 20 (1st Gen) function moderateMedia(us-central1)... 
[debug] [2026-06-12T03:51:54.783Z] Checked if tokens are valid: true, expires at: 1781239710613
[debug] [2026-06-12T03:51:54.783Z] Checked if tokens are valid: true, expires at: 1781239710613
[debug] [2026-06-12T03:51:54.784Z] Checked if tokens are valid: true, expires at: 1781239710613
[debug] [2026-06-12T03:51:54.784Z] Checked if tokens are valid: true, expires at: 1781239710613
[debug] [2026-06-12T03:51:54.784Z] >>> [apiv2][query] POST https://cloudfunctions.googleapis.com/v1/projects/wificontent-143da/locations/us-central1/functions [none]
[debug] [2026-06-12T03:51:54.784Z] >>> [apiv2][body] POST https://cloudfunctions.googleapis.com/v1/projects/wificontent-143da/locations/us-central1/functions {"name":"projects/wificontent-143da/locations/us-central1/functions/enforceUserPostLimit","sourceUploadUrl":"https://storage.googleapis.com/uploads-692370461028.us-central1.cloudfunctions.appspot.com/4436f6aa-1e4b-40fa-8a94-60d055a1c725.zip?GoogleAccessId=service-158237266758@gcf-admin-robot.iam.gserviceaccount.com&Expires=1781238114&Signature=DkrHjDE%2BbtV6oKS1GQlRcqSOI%2B3VlYtP33tXN3kx%2Fav25M5%2FU3R0TaZubs8hZYXtSqWOv%2BqmoaBPVOTPaS1Ttfhk7LGEG74r6F2blyf%2FEH98MGik0ZfVMIbEIcnTK0tBP1PWAObrpPeJdrVgZvP7vGkQ%2BF0BgVAferQC93xeGbIz1xwySdqJjg94XXTyZOXKlbdSu8UPZxzL%2Br4%2Fn7p%2BZmJv5u6wtwTb6tS4wgGre4774xcNPaszeR5UkBMz85JsD%2FWpzoiFnbJQ4WY2jcWy5QjJlaUeO8R5hgnXqs6tuX8yvWiUU9%2BqFvK5hfuP%2BOPCxIMCKmfy5opSphpUy21zKw%3D%3D","entryPoint":"enforceUserPostLimit","runtime":"nodejs20","dockerRegistry":"ARTIFACT_REGISTRY","labels":{"deployment-tool":"cli-firebase","firebase-functions-hash":"f04f99181a37ddd0deea7a83159d393e6ce5c944"},"eventTrigger":{"eventType":"providers/google.firebase.database/eventTypes/ref.create","resource":"projects/_/instances/wificontent-143da-default-rtdb/refs/posts/{postId}"},"minInstances":null,"maxInstances":null,"ingressSettings":null,"environmentVariables":{"FIREBASE_CONFIG":"{\"projectId\":\"wificontent-143da\",\"databaseURL\":\"https://wificontent-143da-default-rtdb.firebaseio.com\",\"storageBucket\":\"wificontent-143da.firebasestorage.app\"}","GCLOUD_PROJECT":"wificontent-143da","EVENTARC_CLOUD_EVENT_SOURCE":"projects/wificontent-143da/locations/us-central1/functions/enforceUserPostLimit"},"serviceAccountEmail":null,"availableMemoryMb":null,"timeout":null,"vpcConnector":null,"vpcConnectorEgressSettings":null,"buildEnvironmentVariables":{"GOOGLE_NODE_RUN_SCRIPTS":""}}
[debug] [2026-06-12T03:51:54.784Z] >>> [apiv2][query] PATCH https://cloudfunctions.googleapis.com/v1/projects/wificontent-143da/locations/us-central1/functions/moderateMedia updateMask=name%2CsourceUploadUrl%2CentryPoint%2Cruntime%2CdockerRegistry%2Clabels%2ChttpsTrigger.securityLevel%2CminInstances%2CmaxInstances%2CingressSettings%2CenvironmentVariables%2CsecretEnvironmentVariables%2CserviceAccountEmail%2CavailableMemoryMb%2Ctimeout%2CvpcConnector%2CvpcConnectorEgressSettings%2CsourceToken%2CbuildEnvironmentVariables
[debug] [2026-06-12T03:51:54.784Z] >>> [apiv2][body] PATCH https://cloudfunctions.googleapis.com/v1/projects/wificontent-143da/locations/us-central1/functions/moderateMedia {"name":"projects/wificontent-143da/locations/us-central1/functions/moderateMedia","sourceUploadUrl":"https://storage.googleapis.com/uploads-692370461028.us-central1.cloudfunctions.appspot.com/4436f6aa-1e4b-40fa-8a94-60d055a1c725.zip?GoogleAccessId=service-158237266758@gcf-admin-robot.iam.gserviceaccount.com&Expires=1781238114&Signature=DkrHjDE%2BbtV6oKS1GQlRcqSOI%2B3VlYtP33tXN3kx%2Fav25M5%2FU3R0TaZubs8hZYXtSqWOv%2BqmoaBPVOTPaS1Ttfhk7LGEG74r6F2blyf%2FEH98MGik0ZfVMIbEIcnTK0tBP1PWAObrpPeJdrVgZvP7vGkQ%2BF0BgVAferQC93xeGbIz1xwySdqJjg94XXTyZOXKlbdSu8UPZxzL%2Br4%2Fn7p%2BZmJv5u6wtwTb6tS4wgGre4774xcNPaszeR5UkBMz85JsD%2FWpzoiFnbJQ4WY2jcWy5QjJlaUeO8R5hgnXqs6tuX8yvWiUU9%2BqFvK5hfuP%2BOPCxIMCKmfy5opSphpUy21zKw%3D%3D","entryPoint":"moderateMedia","runtime":"nodejs20","dockerRegistry":"ARTIFACT_REGISTRY","labels":{"deployment-tool":"cli-firebase","deployment-callable":"true","firebase-functions-hash":"1cafcc6931136bc8fac1115b6732069a832ba6b1"},"httpsTrigger":{"securityLevel":"SECURE_ALWAYS"},"minInstances":null,"maxInstances":null,"ingressSettings":null,"environmentVariables":{"FIREBASE_CONFIG":"{\"projectId\":\"wificontent-143da\",\"databaseURL\":\"https://wificontent-143da-default-rtdb.firebaseio.com\",\"storageBucket\":\"wificontent-143da.firebasestorage.app\"}","GCLOUD_PROJECT":"wificontent-143da","EVENTARC_CLOUD_EVENT_SOURCE":"projects/wificontent-143da/locations/us-central1/functions/moderateMedia"},"secretEnvironmentVariables":[{"key":"VISION_SA_KEY","secret":"VISION_SA_KEY","projectId":"wificontent-143da","version":"1"}],"serviceAccountEmail":null,"availableMemoryMb":512,"timeout":"180s","vpcConnector":null,"vpcConnectorEgressSettings":null,"buildEnvironmentVariables":{"GOOGLE_NODE_RUN_SCRIPTS":""}}
[debug] [2026-06-12T03:51:55.356Z] <<< [apiv2][status] POST https://cloudfunctions.googleapis.com/v1/projects/wificontent-143da/locations/us-central1/functions 200
[debug] [2026-06-12T03:51:55.356Z] <<< [apiv2][body] POST https://cloudfunctions.googleapis.com/v1/projects/wificontent-143da/locations/us-central1/functions {"name":"operations/cHJvamVjdHMvd2lmaWNvbnRlbnQtMTQzZGEvbG9jYXRpb25zL3VzLWNlbnRyYWwxL29wZXJhdGlvbnMvb3BlcmF0aW9uLTE3ODEyMzYzMTQ5MTAtNjU0MDY2NWNmYWY5ZS02NWYxMGIyZS1jMDAzNzcxOQ","metadata":{"@type":"type.googleapis.com/google.cloud.functions.v1.OperationMetadataV1","target":"projects/wificontent-143da/locations/us-central1/functions/enforceUserPostLimit","updateTime":"2026-06-12T03:51:55.311877300Z"}}
[debug] [2026-06-12T03:51:55.357Z] Checked if tokens are valid: true, expires at: 1781239710613
[debug] [2026-06-12T03:51:55.357Z] Checked if tokens are valid: true, expires at: 1781239710613
[debug] [2026-06-12T03:51:55.357Z] >>> [apiv2][query] GET https://cloudfunctions.googleapis.com/v1/operations/cHJvamVjdHMvd2lmaWNvbnRlbnQtMTQzZGEvbG9jYXRpb25zL3VzLWNlbnRyYWwxL29wZXJhdGlvbnMvb3BlcmF0aW9uLTE3ODEyMzYzMTQ5MTAtNjU0MDY2NWNmYWY5ZS02NWYxMGIyZS1jMDAzNzcxOQ [none]
[debug] [2026-06-12T03:51:55.498Z] <<< [apiv2][status] GET https://cloudfunctions.googleapis.com/v1/operations/cHJvamVjdHMvd2lmaWNvbnRlbnQtMTQzZGEvbG9jYXRpb25zL3VzLWNlbnRyYWwxL29wZXJhdGlvbnMvb3BlcmF0aW9uLTE3ODEyMzYzMTQ5MTAtNjU0MDY2NWNmYWY5ZS02NWYxMGIyZS1jMDAzNzcxOQ 200
[debug] [2026-06-12T03:51:55.498Z] <<< [apiv2][body] GET https://cloudfunctions.googleapis.com/v1/operations/cHJvamVjdHMvd2lmaWNvbnRlbnQtMTQzZGEvbG9jYXRpb25zL3VzLWNlbnRyYWwxL29wZXJhdGlvbnMvb3BlcmF0aW9uLTE3ODEyMzYzMTQ5MTAtNjU0MDY2NWNmYWY5ZS02NWYxMGIyZS1jMDAzNzcxOQ {"name":"operations/cHJvamVjdHMvd2lmaWNvbnRlbnQtMTQzZGEvbG9jYXRpb25zL3VzLWNlbnRyYWwxL29wZXJhdGlvbnMvb3BlcmF0aW9uLTE3ODEyMzYzMTQ5MTAtNjU0MDY2NWNmYWY5ZS02NWYxMGIyZS1jMDAzNzcxOQ","metadata":{"@type":"type.googleapis.com/google.cloud.functions.v1.OperationMetadataV1","target":"projects/wificontent-143da/locations/us-central1/functions/enforceUserPostLimit","updateTime":"2026-06-12T03:51:55.311877300Z"}}
[debug] [2026-06-12T03:51:55.557Z] <<< [apiv2][status] PATCH https://cloudfunctions.googleapis.com/v1/projects/wificontent-143da/locations/us-central1/functions/moderateMedia 200
[debug] [2026-06-12T03:51:55.557Z] <<< [apiv2][body] PATCH https://cloudfunctions.googleapis.com/v1/projects/wificontent-143da/locations/us-central1/functions/moderateMedia {"name":"operations/d2lmaWNvbnRlbnQtMTQzZGEvdXMtY2VudHJhbDEvbW9kZXJhdGVNZWRpYS9uc1JjOTRjYXRnYw","metadata":{"@type":"type.googleapis.com/google.cloud.functions.v1.OperationMetadataV1","target":"projects/wificontent-143da/locations/us-central1/functions/moderateMedia","type":"UPDATE_FUNCTION","request":{"@type":"type.googleapis.com/google.cloud.functions.v1.CloudFunction","name":"projects/wificontent-143da/locations/us-central1/functions/moderateMedia","httpsTrigger":{"url":"https://us-central1-wificontent-143da.cloudfunctions.net/moderateMedia","securityLevel":"SECURE_ALWAYS"},"status":"ACTIVE","entryPoint":"moderateMedia","timeout":"180s","availableMemoryMb":512,"updateTime":"2026-06-04T13:21:58.566Z","versionId":"11","labels":{"deployment-tool":"cli-firebase","deployment-callable":"true","firebase-functions-hash":"1cafcc6931136bc8fac1115b6732069a832ba6b1"},"sourceUploadUrl":"https://storage.googleapis.com/uploads-692370461028.us-central1.cloudfunctions.appspot.com/4436f6aa-1e4b-40fa-8a94-60d055a1c725.zip?GoogleAccessId=service-158237266758@gcf-admin-robot.iam.gserviceaccount.com&Expires=1781238114&Signature=DkrHjDE%2BbtV6oKS1GQlRcqSOI%2B3VlYtP33tXN3kx%2Fav25M5%2FU3R0TaZubs8hZYXtSqWOv%2BqmoaBPVOTPaS1Ttfhk7LGEG74r6F2blyf%2FEH98MGik0ZfVMIbEIcnTK0tBP1PWAObrpPeJdrVgZvP7vGkQ%2BF0BgVAferQC93xeGbIz1xwySdqJjg94XXTyZOXKlbdSu8UPZxzL%2Br4%2Fn7p%2BZmJv5u6wtwTb6tS4wgGre4774xcNPaszeR5UkBMz85JsD%2FWpzoiFnbJQ4WY2jcWy5QjJlaUeO8R5hgnXqs6tuX8yvWiUU9%2BqFvK5hfuP%2BOPCxIMCKmfy5opSphpUy21zKw%3D%3D","environmentVariables":{"FIREBASE_CONFIG":"{\"projectId\":\"wificontent-143da\",\"databaseURL\":\"https://wificontent-143da-default-rtdb.firebaseio.com\",\"storageBucket\":\"wificontent-143da.firebasestorage.app\"}","GCLOUD_PROJECT":"wificontent-143da","EVENTARC_CLOUD_EVENT_SOURCE":"projects/wificontent-143da/locations/us-central1/functions/moderateMedia"},"runtime":"nodejs20","buildId":"131c799e-fb82-4468-b64c-2eaf28f8c7c1","buildEnvironmentVariables":{"GOOGLE_NODE_RUN_SCRIPTS":""},"secretEnvironmentVariables":[{"key":"VISION_SA_KEY","projectId":"wificontent-143da","secret":"VISION_SA_KEY","version":"1"}],"buildName":"projects/158237266758/locations/us-central1/builds/131c799e-fb82-4468-b64c-2eaf28f8c7c1","dockerRegistry":"ARTIFACT_REGISTRY","automaticUpdatePolicy":{},"buildServiceAccount":"projects/wificontent-143da/serviceAccounts/158237266758-compute@developer.gserviceaccount.com"},"versionId":"13","updateTime":"2026-06-12T03:51:55Z"}}
[debug] [2026-06-12T03:51:55.557Z] Checked if tokens are valid: true, expires at: 1781239710613
[debug] [2026-06-12T03:51:55.557Z] Checked if tokens are valid: true, expires at: 1781239710613
[debug] [2026-06-12T03:51:55.557Z] >>> [apiv2][query] GET https://cloudfunctions.googleapis.com/v1/operations/d2lmaWNvbnRlbnQtMTQzZGEvdXMtY2VudHJhbDEvbW9kZXJhdGVNZWRpYS9uc1JjOTRjYXRnYw [none]
[debug] [2026-06-12T03:51:55.706Z] <<< [apiv2][status] GET https://cloudfunctions.googleapis.com/v1/operations/d2lmaWNvbnRlbnQtMTQzZGEvdXMtY2VudHJhbDEvbW9kZXJhdGVNZWRpYS9uc1JjOTRjYXRnYw 200
[debug] [2026-06-12T03:51:55.706Z] <<< [apiv2][body] GET https://cloudfunctions.googleapis.com/v1/operations/d2lmaWNvbnRlbnQtMTQzZGEvdXMtY2VudHJhbDEvbW9kZXJhdGVNZWRpYS9uc1JjOTRjYXRnYw {"name":"operations/d2lmaWNvbnRlbnQtMTQzZGEvdXMtY2VudHJhbDEvbW9kZXJhdGVNZWRpYS9uc1JjOTRjYXRnYw","metadata":{"@type":"type.googleapis.com/google.cloud.functions.v1.OperationMetadataV1","target":"projects/wificontent-143da/locations/us-central1/functions/moderateMedia","type":"UPDATE_FUNCTION","request":{"@type":"type.googleapis.com/google.cloud.functions.v1.CloudFunction","name":"projects/wificontent-143da/locations/us-central1/functions/moderateMedia","httpsTrigger":{"url":"https://us-central1-wificontent-143da.cloudfunctions.net/moderateMedia","securityLevel":"SECURE_ALWAYS"},"status":"ACTIVE","entryPoint":"moderateMedia","timeout":"180s","availableMemoryMb":512,"updateTime":"2026-06-04T13:21:58.566Z","versionId":"11","labels":{"deployment-tool":"cli-firebase","deployment-callable":"true","firebase-functions-hash":"1cafcc6931136bc8fac1115b6732069a832ba6b1"},"sourceUploadUrl":"https://storage.googleapis.com/uploads-692370461028.us-central1.cloudfunctions.appspot.com/4436f6aa-1e4b-40fa-8a94-60d055a1c725.zip?GoogleAccessId=service-158237266758@gcf-admin-robot.iam.gserviceaccount.com&Expires=1781238114&Signature=DkrHjDE%2BbtV6oKS1GQlRcqSOI%2B3VlYtP33tXN3kx%2Fav25M5%2FU3R0TaZubs8hZYXtSqWOv%2BqmoaBPVOTPaS1Ttfhk7LGEG74r6F2blyf%2FEH98MGik0ZfVMIbEIcnTK0tBP1PWAObrpPeJdrVgZvP7vGkQ%2BF0BgVAferQC93xeGbIz1xwySdqJjg94XXTyZOXKlbdSu8UPZxzL%2Br4%2Fn7p%2BZmJv5u6wtwTb6tS4wgGre4774xcNPaszeR5UkBMz85JsD%2FWpzoiFnbJQ4WY2jcWy5QjJlaUeO8R5hgnXqs6tuX8yvWiUU9%2BqFvK5hfuP%2BOPCxIMCKmfy5opSphpUy21zKw%3D%3D","environmentVariables":{"FIREBASE_CONFIG":"{\"projectId\":\"wificontent-143da\",\"databaseURL\":\"https://wificontent-143da-default-rtdb.firebaseio.com\",\"storageBucket\":\"wificontent-143da.firebasestorage.app\"}","GCLOUD_PROJECT":"wificontent-143da","EVENTARC_CLOUD_EVENT_SOURCE":"projects/wificontent-143da/locations/us-central1/functions/moderateMedia"},"runtime":"nodejs20","buildId":"131c799e-fb82-4468-b64c-2eaf28f8c7c1","buildEnvironmentVariables":{"GOOGLE_NODE_RUN_SCRIPTS":""},"secretEnvironmentVariables":[{"key":"VISION_SA_KEY","projectId":"wificontent-143da","secret":"VISION_SA_KEY","version":"1"}],"buildName":"projects/158237266758/locations/us-central1/builds/131c799e-fb82-4468-b64c-2eaf28f8c7c1","dockerRegistry":"ARTIFACT_REGISTRY","automaticUpdatePolicy":{},"buildServiceAccount":"projects/wificontent-143da/serviceAccounts/158237266758-compute@developer.gserviceaccount.com"},"versionId":"13","updateTime":"2026-06-12T03:51:55Z"}}
[debug] [2026-06-12T03:51:56.000Z] [create-default-us-central1-enforceUserPostLimit] Retrying task index 0
[debug] [2026-06-12T03:51:56.000Z] Checked if tokens are valid: true, expires at: 1781239710613
[debug] [2026-06-12T03:51:56.000Z] Checked if tokens are valid: true, expires at: 1781239710613
[debug] [2026-06-12T03:51:56.000Z] >>> [apiv2][query] GET https://cloudfunctions.googleapis.com/v1/operations/cHJvamVjdHMvd2lmaWNvbnRlbnQtMTQzZGEvbG9jYXRpb25zL3VzLWNlbnRyYWwxL29wZXJhdGlvbnMvb3BlcmF0aW9uLTE3ODEyMzYzMTQ5MTAtNjU0MDY2NWNmYWY5ZS02NWYxMGIyZS1jMDAzNzcxOQ [none]
[debug] [2026-06-12T03:51:56.125Z] <<< [apiv2][status] GET https://cloudfunctions.googleapis.com/v1/operations/cHJvamVjdHMvd2lmaWNvbnRlbnQtMTQzZGEvbG9jYXRpb25zL3VzLWNlbnRyYWwxL29wZXJhdGlvbnMvb3BlcmF0aW9uLTE3ODEyMzYzMTQ5MTAtNjU0MDY2NWNmYWY5ZS02NWYxMGIyZS1jMDAzNzcxOQ 200
[debug] [2026-06-12T03:51:56.125Z] <<< [apiv2][body] GET https://cloudfunctions.googleapis.com/v1/operations/cHJvamVjdHMvd2lmaWNvbnRlbnQtMTQzZGEvbG9jYXRpb25zL3VzLWNlbnRyYWwxL29wZXJhdGlvbnMvb3BlcmF0aW9uLTE3ODEyMzYzMTQ5MTAtNjU0MDY2NWNmYWY5ZS02NWYxMGIyZS1jMDAzNzcxOQ {"name":"operations/cHJvamVjdHMvd2lmaWNvbnRlbnQtMTQzZGEvbG9jYXRpb25zL3VzLWNlbnRyYWwxL29wZXJhdGlvbnMvb3BlcmF0aW9uLTE3ODEyMzYzMTQ5MTAtNjU0MDY2NWNmYWY5ZS02NWYxMGIyZS1jMDAzNzcxOQ","metadata":{"@type":"type.googleapis.com/google.cloud.functions.v1.OperationMetadataV1","target":"projects/wificontent-143da/locations/us-central1/functions/enforceUserPostLimit","type":"CREATE_FUNCTION","request":{"@type":"type.googleapis.com/google.cloud.functions.v1.CloudFunction","name":"projects/wificontent-143da/locations/us-central1/functions/enforceUserPostLimit","eventTrigger":{"eventType":"providers/google.firebase.database/eventTypes/ref.create","resource":"projects/_/instances/wificontent-143da-default-rtdb/refs/posts/{postId}","failurePolicy":{}},"entryPoint":"enforceUserPostLimit","updateTime":"1970-01-01T00:00:00Z","labels":{"deployment-tool":"cli-firebase","firebase-functions-hash":"f04f99181a37ddd0deea7a83159d393e6ce5c944"},"sourceUploadUrl":"https://storage.googleapis.com/uploads-692370461028.us-central1.cloudfunctions.appspot.com/4436f6aa-1e4b-40fa-8a94-60d055a1c725.zip?GoogleAccessId=service-158237266758@gcf-admin-robot.iam.gserviceaccount.com&Expires=1781238114&Signature=DkrHjDE%2BbtV6oKS1GQlRcqSOI%2B3VlYtP33tXN3kx%2Fav25M5%2FU3R0TaZubs8hZYXtSqWOv%2BqmoaBPVOTPaS1Ttfhk7LGEG74r6F2blyf%2FEH98MGik0ZfVMIbEIcnTK0tBP1PWAObrpPeJdrVgZvP7vGkQ%2BF0BgVAferQC93xeGbIz1xwySdqJjg94XXTyZOXKlbdSu8UPZxzL%2Br4%2Fn7p%2BZmJv5u6wtwTb6tS4wgGre4774xcNPaszeR5UkBMz85JsD%2FWpzoiFnbJQ4WY2jcWy5QjJlaUeO8R5hgnXqs6tuX8yvWiUU9%2BqFvK5hfuP%2BOPCxIMCKmfy5opSphpUy21zKw%3D%3D","environmentVariables":{"FIREBASE_CONFIG":"{\"projectId\":\"wificontent-143da\",\"databaseURL\":\"https://wificontent-143da-default-rtdb.firebaseio.com\",\"storageBucket\":\"wificontent-143da.firebasestorage.app\"}","GCLOUD_PROJECT":"wificontent-143da","EVENTARC_CLOUD_EVENT_SOURCE":"projects/wificontent-143da/locations/us-central1/functions/enforceUserPostLimit"},"runtime":"nodejs20","buildEnvironmentVariables":{"GOOGLE_NODE_RUN_SCRIPTS":""},"dockerRegistry":"ARTIFACT_REGISTRY"},"updateTime":"2026-06-12T03:51:55.311877300Z"}}
[debug] [2026-06-12T03:51:56.206Z] [update-default-us-central1-moderateMedia] Retrying task index 0
[debug] [2026-06-12T03:51:56.206Z] Checked if tokens are valid: true, expires at: 1781239710613
[debug] [2026-06-12T03:51:56.207Z] Checked if tokens are valid: true, expires at: 1781239710613
[debug] [2026-06-12T03:51:56.207Z] >>> [apiv2][query] GET https://cloudfunctions.googleapis.com/v1/operations/d2lmaWNvbnRlbnQtMTQzZGEvdXMtY2VudHJhbDEvbW9kZXJhdGVNZWRpYS9uc1JjOTRjYXRnYw [none]
[debug] [2026-06-12T03:51:56.329Z] <<< [apiv2][status] GET https://cloudfunctions.googleapis.com/v1/operations/d2lmaWNvbnRlbnQtMTQzZGEvdXMtY2VudHJhbDEvbW9kZXJhdGVNZWRpYS9uc1JjOTRjYXRnYw 200
[debug] [2026-06-12T03:51:56.329Z] <<< [apiv2][body] GET https://cloudfunctions.googleapis.com/v1/operations/d2lmaWNvbnRlbnQtMTQzZGEvdXMtY2VudHJhbDEvbW9kZXJhdGVNZWRpYS9uc1JjOTRjYXRnYw {"name":"operations/d2lmaWNvbnRlbnQtMTQzZGEvdXMtY2VudHJhbDEvbW9kZXJhdGVNZWRpYS9uc1JjOTRjYXRnYw","metadata":{"@type":"type.googleapis.com/google.cloud.functions.v1.OperationMetadataV1","target":"projects/wificontent-143da/locations/us-central1/functions/moderateMedia","type":"UPDATE_FUNCTION","request":{"@type":"type.googleapis.com/google.cloud.functions.v1.CloudFunction","name":"projects/wificontent-143da/locations/us-central1/functions/moderateMedia","httpsTrigger":{"url":"https://us-central1-wificontent-143da.cloudfunctions.net/moderateMedia","securityLevel":"SECURE_ALWAYS"},"status":"ACTIVE","entryPoint":"moderateMedia","timeout":"180s","availableMemoryMb":512,"updateTime":"2026-06-04T13:21:58.566Z","versionId":"11","labels":{"deployment-tool":"cli-firebase","deployment-callable":"true","firebase-functions-hash":"1cafcc6931136bc8fac1115b6732069a832ba6b1"},"sourceUploadUrl":"https://storage.googleapis.com/uploads-692370461028.us-central1.cloudfunctions.appspot.com/4436f6aa-1e4b-40fa-8a94-60d055a1c725.zip?GoogleAccessId=service-158237266758@gcf-admin-robot.iam.gserviceaccount.com&Expires=1781238114&Signature=DkrHjDE%2BbtV6oKS1GQlRcqSOI%2B3VlYtP33tXN3kx%2Fav25M5%2FU3R0TaZubs8hZYXtSqWOv%2BqmoaBPVOTPaS1Ttfhk7LGEG74r6F2blyf%2FEH98MGik0ZfVMIbEIcnTK0tBP1PWAObrpPeJdrVgZvP7vGkQ%2BF0BgVAferQC93xeGbIz1xwySdqJjg94XXTyZOXKlbdSu8UPZxzL%2Br4%2Fn7p%2BZmJv5u6wtwTb6tS4wgGre4774xcNPaszeR5UkBMz85JsD%2FWpzoiFnbJQ4WY2jcWy5QjJlaUeO8R5hgnXqs6tuX8yvWiUU9%2BqFvK5hfuP%2BOPCxIMCKmfy5opSphpUy21zKw%3D%3D","environmentVariables":{"FIREBASE_CONFIG":"{\"projectId\":\"wificontent-143da\",\"databaseURL\":\"https://wificontent-143da-default-rtdb.firebaseio.com\",\"storageBucket\":\"wificontent-143da.firebasestorage.app\"}","GCLOUD_PROJECT":"wificontent-143da","EVENTARC_CLOUD_EVENT_SOURCE":"projects/wificontent-143da/locations/us-central1/functions/moderateMedia"},"runtime":"nodejs20","buildId":"131c799e-fb82-4468-b64c-2eaf28f8c7c1","buildEnvironmentVariables":{"GOOGLE_NODE_RUN_SCRIPTS":""},"secretEnvironmentVariables":[{"key":"VISION_SA_KEY","projectId":"wificontent-143da","secret":"VISION_SA_KEY","version":"1"}],"buildName":"projects/158237266758/locations/us-central1/builds/131c799e-fb82-4468-b64c-2eaf28f8c7c1","dockerRegistry":"ARTIFACT_REGISTRY","automaticUpdatePolicy":{},"buildServiceAccount":"projects/wificontent-143da/serviceAccounts/158237266758-compute@developer.gserviceaccount.com"},"versionId":"13","updateTime":"2026-06-12T03:51:55Z"}}
[debug] [2026-06-12T03:51:57.127Z] [create-default-us-central1-enforceUserPostLimit] Retrying task index 0
[debug] [2026-06-12T03:51:57.131Z] Checked if tokens are valid: true, expires at: 1781239710613
[debug] [2026-06-12T03:51:57.131Z] Checked if tokens are valid: true, expires at: 1781239710613
[debug] [2026-06-12T03:51:57.134Z] >>> [apiv2][query] GET https://cloudfunctions.googleapis.com/v1/operations/cHJvamVjdHMvd2lmaWNvbnRlbnQtMTQzZGEvbG9jYXRpb25zL3VzLWNlbnRyYWwxL29wZXJhdGlvbnMvb3BlcmF0aW9uLTE3ODEyMzYzMTQ5MTAtNjU0MDY2NWNmYWY5ZS02NWYxMGIyZS1jMDAzNzcxOQ [none]
[debug] [2026-06-12T03:51:57.251Z] <<< [apiv2][status] GET https://cloudfunctions.googleapis.com/v1/operations/cHJvamVjdHMvd2lmaWNvbnRlbnQtMTQzZGEvbG9jYXRpb25zL3VzLWNlbnRyYWwxL29wZXJhdGlvbnMvb3BlcmF0aW9uLTE3ODEyMzYzMTQ5MTAtNjU0MDY2NWNmYWY5ZS02NWYxMGIyZS1jMDAzNzcxOQ 200
[debug] [2026-06-12T03:51:57.251Z] <<< [apiv2][body] GET https://cloudfunctions.googleapis.com/v1/operations/cHJvamVjdHMvd2lmaWNvbnRlbnQtMTQzZGEvbG9jYXRpb25zL3VzLWNlbnRyYWwxL29wZXJhdGlvbnMvb3BlcmF0aW9uLTE3ODEyMzYzMTQ5MTAtNjU0MDY2NWNmYWY5ZS02NWYxMGIyZS1jMDAzNzcxOQ {"name":"operations/cHJvamVjdHMvd2lmaWNvbnRlbnQtMTQzZGEvbG9jYXRpb25zL3VzLWNlbnRyYWwxL29wZXJhdGlvbnMvb3BlcmF0aW9uLTE3ODEyMzYzMTQ5MTAtNjU0MDY2NWNmYWY5ZS02NWYxMGIyZS1jMDAzNzcxOQ","metadata":{"@type":"type.googleapis.com/google.cloud.functions.v1.OperationMetadataV1","target":"projects/wificontent-143da/locations/us-central1/functions/enforceUserPostLimit","type":"CREATE_FUNCTION","request":{"@type":"type.googleapis.com/google.cloud.functions.v1.CloudFunction","name":"projects/wificontent-143da/locations/us-central1/functions/enforceUserPostLimit","eventTrigger":{"eventType":"providers/google.firebase.database/eventTypes/ref.create","resource":"projects/_/instances/wificontent-143da-default-rtdb/refs/posts/{postId}","failurePolicy":{}},"entryPoint":"enforceUserPostLimit","updateTime":"1970-01-01T00:00:00Z","labels":{"deployment-tool":"cli-firebase","firebase-functions-hash":"f04f99181a37ddd0deea7a83159d393e6ce5c944"},"sourceUploadUrl":"https://storage.googleapis.com/uploads-692370461028.us-central1.cloudfunctions.appspot.com/4436f6aa-1e4b-40fa-8a94-60d055a1c725.zip?GoogleAccessId=service-158237266758@gcf-admin-robot.iam.gserviceaccount.com&Expires=1781238114&Signature=DkrHjDE%2BbtV6oKS1GQlRcqSOI%2B3VlYtP33tXN3kx%2Fav25M5%2FU3R0TaZubs8hZYXtSqWOv%2BqmoaBPVOTPaS1Ttfhk7LGEG74r6F2blyf%2FEH98MGik0ZfVMIbEIcnTK0tBP1PWAObrpPeJdrVgZvP7vGkQ%2BF0BgVAferQC93xeGbIz1xwySdqJjg94XXTyZOXKlbdSu8UPZxzL%2Br4%2Fn7p%2BZmJv5u6wtwTb6tS4wgGre4774xcNPaszeR5UkBMz85JsD%2FWpzoiFnbJQ4WY2jcWy5QjJlaUeO8R5hgnXqs6tuX8yvWiUU9%2BqFvK5hfuP%2BOPCxIMCKmfy5opSphpUy21zKw%3D%3D","environmentVariables":{"FIREBASE_CONFIG":"{\"projectId\":\"wificontent-143da\",\"databaseURL\":\"https://wificontent-143da-default-rtdb.firebaseio.com\",\"storageBucket\":\"wificontent-143da.firebasestorage.app\"}","GCLOUD_PROJECT":"wificontent-143da","EVENTARC_CLOUD_EVENT_SOURCE":"projects/wificontent-143da/locations/us-central1/functions/enforceUserPostLimit"},"runtime":"nodejs20","buildEnvironmentVariables":{"GOOGLE_NODE_RUN_SCRIPTS":""},"dockerRegistry":"ARTIFACT_REGISTRY"},"versionId":"1","updateTime":"2026-06-12T03:51:55.311877300Z"}}
[debug] [2026-06-12T03:51:57.331Z] [update-default-us-central1-moderateMedia] Retrying task index 0
[debug] [2026-06-12T03:51:57.331Z] Checked if tokens are valid: true, expires at: 1781239710613
[debug] [2026-06-12T03:51:57.331Z] Checked if tokens are valid: true, expires at: 1781239710613
[debug] [2026-06-12T03:51:57.332Z] >>> [apiv2][query] GET https://cloudfunctions.googleapis.com/v1/operations/d2lmaWNvbnRlbnQtMTQzZGEvdXMtY2VudHJhbDEvbW9kZXJhdGVNZWRpYS9uc1JjOTRjYXRnYw [none]
[debug] [2026-06-12T03:51:57.453Z] <<< [apiv2][status] GET https://cloudfunctions.googleapis.com/v1/operations/d2lmaWNvbnRlbnQtMTQzZGEvdXMtY2VudHJhbDEvbW9kZXJhdGVNZWRpYS9uc1JjOTRjYXRnYw 200
[debug] [2026-06-12T03:51:57.453Z] <<< [apiv2][body] GET https://cloudfunctions.googleapis.com/v1/operations/d2lmaWNvbnRlbnQtMTQzZGEvdXMtY2VudHJhbDEvbW9kZXJhdGVNZWRpYS9uc1JjOTRjYXRnYw {"name":"operations/d2lmaWNvbnRlbnQtMTQzZGEvdXMtY2VudHJhbDEvbW9kZXJhdGVNZWRpYS9uc1JjOTRjYXRnYw","metadata":{"@type":"type.googleapis.com/google.cloud.functions.v1.OperationMetadataV1","target":"projects/wificontent-143da/locations/us-central1/functions/moderateMedia","type":"UPDATE_FUNCTION","request":{"@type":"type.googleapis.com/google.cloud.functions.v1.CloudFunction","name":"projects/wificontent-143da/locations/us-central1/functions/moderateMedia","httpsTrigger":{"url":"https://us-central1-wificontent-143da.cloudfunctions.net/moderateMedia","securityLevel":"SECURE_ALWAYS"},"status":"ACTIVE","entryPoint":"moderateMedia","timeout":"180s","availableMemoryMb":512,"updateTime":"2026-06-04T13:21:58.566Z","versionId":"11","labels":{"deployment-tool":"cli-firebase","deployment-callable":"true","firebase-functions-hash":"1cafcc6931136bc8fac1115b6732069a832ba6b1"},"sourceUploadUrl":"https://storage.googleapis.com/uploads-692370461028.us-central1.cloudfunctions.appspot.com/4436f6aa-1e4b-40fa-8a94-60d055a1c725.zip?GoogleAccessId=service-158237266758@gcf-admin-robot.iam.gserviceaccount.com&Expires=1781238114&Signature=DkrHjDE%2BbtV6oKS1GQlRcqSOI%2B3VlYtP33tXN3kx%2Fav25M5%2FU3R0TaZubs8hZYXtSqWOv%2BqmoaBPVOTPaS1Ttfhk7LGEG74r6F2blyf%2FEH98MGik0ZfVMIbEIcnTK0tBP1PWAObrpPeJdrVgZvP7vGkQ%2BF0BgVAferQC93xeGbIz1xwySdqJjg94XXTyZOXKlbdSu8UPZxzL%2Br4%2Fn7p%2BZmJv5u6wtwTb6tS4wgGre4774xcNPaszeR5UkBMz85JsD%2FWpzoiFnbJQ4WY2jcWy5QjJlaUeO8R5hgnXqs6tuX8yvWiUU9%2BqFvK5hfuP%2BOPCxIMCKmfy5opSphpUy21zKw%3D%3D","environmentVariables":{"FIREBASE_CONFIG":"{\"projectId\":\"wificontent-143da\",\"databaseURL\":\"https://wificontent-143da-default-rtdb.firebaseio.com\",\"storageBucket\":\"wificontent-143da.firebasestorage.app\"}","GCLOUD_PROJECT":"wificontent-143da","EVENTARC_CLOUD_EVENT_SOURCE":"projects/wificontent-143da/locations/us-central1/functions/moderateMedia"},"runtime":"nodejs20","buildId":"131c799e-fb82-4468-b64c-2eaf28f8c7c1","buildEnvironmentVariables":{"GOOGLE_NODE_RUN_SCRIPTS":""},"secretEnvironmentVariables":[{"key":"VISION_SA_KEY","projectId":"wificontent-143da","secret":"VISION_SA_KEY","version":"1"}],"buildName":"projects/158237266758/locations/us-central1/builds/131c799e-fb82-4468-b64c-2eaf28f8c7c1","dockerRegistry":"ARTIFACT_REGISTRY","automaticUpdatePolicy":{},"buildServiceAccount":"projects/wificontent-143da/serviceAccounts/158237266758-compute@developer.gserviceaccount.com"},"versionId":"13","updateTime":"2026-06-12T03:51:55Z","buildId":"58bc944e-b0b2-4d48-b663-ec11a34bf4de","buildName":"projects/158237266758/locations/us-central1/builds/58bc944e-b0b2-4d48-b663-ec11a34bf4de"}}
[debug] [2026-06-12T03:51:59.252Z] [create-default-us-central1-enforceUserPostLimit] Retrying task index 0
[debug] [2026-06-12T03:51:59.252Z] Checked if tokens are valid: true, expires at: 1781239710613
[debug] [2026-06-12T03:51:59.252Z] Checked if tokens are valid: true, expires at: 1781239710613
[debug] [2026-06-12T03:51:59.253Z] >>> [apiv2][query] GET https://cloudfunctions.googleapis.com/v1/operations/cHJvamVjdHMvd2lmaWNvbnRlbnQtMTQzZGEvbG9jYXRpb25zL3VzLWNlbnRyYWwxL29wZXJhdGlvbnMvb3BlcmF0aW9uLTE3ODEyMzYzMTQ5MTAtNjU0MDY2NWNmYWY5ZS02NWYxMGIyZS1jMDAzNzcxOQ [none]
[debug] [2026-06-12T03:51:59.370Z] <<< [apiv2][status] GET https://cloudfunctions.googleapis.com/v1/operations/cHJvamVjdHMvd2lmaWNvbnRlbnQtMTQzZGEvbG9jYXRpb25zL3VzLWNlbnRyYWwxL29wZXJhdGlvbnMvb3BlcmF0aW9uLTE3ODEyMzYzMTQ5MTAtNjU0MDY2NWNmYWY5ZS02NWYxMGIyZS1jMDAzNzcxOQ 200
[debug] [2026-06-12T03:51:59.371Z] <<< [apiv2][body] GET https://cloudfunctions.googleapis.com/v1/operations/cHJvamVjdHMvd2lmaWNvbnRlbnQtMTQzZGEvbG9jYXRpb25zL3VzLWNlbnRyYWwxL29wZXJhdGlvbnMvb3BlcmF0aW9uLTE3ODEyMzYzMTQ5MTAtNjU0MDY2NWNmYWY5ZS02NWYxMGIyZS1jMDAzNzcxOQ {"name":"operations/cHJvamVjdHMvd2lmaWNvbnRlbnQtMTQzZGEvbG9jYXRpb25zL3VzLWNlbnRyYWwxL29wZXJhdGlvbnMvb3BlcmF0aW9uLTE3ODEyMzYzMTQ5MTAtNjU0MDY2NWNmYWY5ZS02NWYxMGIyZS1jMDAzNzcxOQ","metadata":{"@type":"type.googleapis.com/google.cloud.functions.v1.OperationMetadataV1","target":"projects/wificontent-143da/locations/us-central1/functions/enforceUserPostLimit","type":"CREATE_FUNCTION","request":{"@type":"type.googleapis.com/google.cloud.functions.v1.CloudFunction","name":"projects/wificontent-143da/locations/us-central1/functions/enforceUserPostLimit","eventTrigger":{"eventType":"providers/google.firebase.database/eventTypes/ref.create","resource":"projects/_/instances/wificontent-143da-default-rtdb/refs/posts/{postId}","failurePolicy":{}},"entryPoint":"enforceUserPostLimit","updateTime":"1970-01-01T00:00:00Z","labels":{"deployment-tool":"cli-firebase","firebase-functions-hash":"f04f99181a37ddd0deea7a83159d393e6ce5c944"},"sourceUploadUrl":"https://storage.googleapis.com/uploads-692370461028.us-central1.cloudfunctions.appspot.com/4436f6aa-1e4b-40fa-8a94-60d055a1c725.zip?GoogleAccessId=service-158237266758@gcf-admin-robot.iam.gserviceaccount.com&Expires=1781238114&Signature=DkrHjDE%2BbtV6oKS1GQlRcqSOI%2B3VlYtP33tXN3kx%2Fav25M5%2FU3R0TaZubs8hZYXtSqWOv%2BqmoaBPVOTPaS1Ttfhk7LGEG74r6F2blyf%2FEH98MGik0ZfVMIbEIcnTK0tBP1PWAObrpPeJdrVgZvP7vGkQ%2BF0BgVAferQC93xeGbIz1xwySdqJjg94XXTyZOXKlbdSu8UPZxzL%2Br4%2Fn7p%2BZmJv5u6wtwTb6tS4wgGre4774xcNPaszeR5UkBMz85JsD%2FWpzoiFnbJQ4WY2jcWy5QjJlaUeO8R5hgnXqs6tuX8yvWiUU9%2BqFvK5hfuP%2BOPCxIMCKmfy5opSphpUy21zKw%3D%3D","environmentVariables":{"FIREBASE_CONFIG":"{\"projectId\":\"wificontent-143da\",\"databaseURL\":\"https://wificontent-143da-default-rtdb.firebaseio.com\",\"storageBucket\":\"wificontent-143da.firebasestorage.app\"}","GCLOUD_PROJECT":"wificontent-143da","EVENTARC_CLOUD_EVENT_SOURCE":"projects/wificontent-143da/locations/us-central1/functions/enforceUserPostLimit"},"runtime":"nodejs20","buildEnvironmentVariables":{"GOOGLE_NODE_RUN_SCRIPTS":""},"dockerRegistry":"ARTIFACT_REGISTRY"},"versionId":"1","updateTime":"2026-06-12T03:51:55.311877300Z","buildId":"b3842d93-17f5-4b30-acc1-808b50349c0b","buildName":"projects/158237266758/locations/us-central1/builds/b3842d93-17f5-4b30-acc1-808b50349c0b"}}
[debug] [2026-06-12T03:51:59.455Z] [update-default-us-central1-moderateMedia] Retrying task index 0
[debug] [2026-06-12T03:51:59.455Z] Checked if tokens are valid: true, expires at: 1781239710613
[debug] [2026-06-12T03:51:59.455Z] Checked if tokens are valid: true, expires at: 1781239710613
[debug] [2026-06-12T03:51:59.455Z] >>> [apiv2][query] GET https://cloudfunctions.googleapis.com/v1/operations/d2lmaWNvbnRlbnQtMTQzZGEvdXMtY2VudHJhbDEvbW9kZXJhdGVNZWRpYS9uc1JjOTRjYXRnYw [none]
[debug] [2026-06-12T03:51:59.650Z] <<< [apiv2][status] GET https://cloudfunctions.googleapis.com/v1/operations/d2lmaWNvbnRlbnQtMTQzZGEvdXMtY2VudHJhbDEvbW9kZXJhdGVNZWRpYS9uc1JjOTRjYXRnYw 200
[debug] [2026-06-12T03:51:59.650Z] <<< [apiv2][body] GET https://cloudfunctions.googleapis.com/v1/operations/d2lmaWNvbnRlbnQtMTQzZGEvdXMtY2VudHJhbDEvbW9kZXJhdGVNZWRpYS9uc1JjOTRjYXRnYw {"name":"operations/d2lmaWNvbnRlbnQtMTQzZGEvdXMtY2VudHJhbDEvbW9kZXJhdGVNZWRpYS9uc1JjOTRjYXRnYw","metadata":{"@type":"type.googleapis.com/google.cloud.functions.v1.OperationMetadataV1","target":"projects/wificontent-143da/locations/us-central1/functions/moderateMedia","type":"UPDATE_FUNCTION","request":{"@type":"type.googleapis.com/google.cloud.functions.v1.CloudFunction","name":"projects/wificontent-143da/locations/us-central1/functions/moderateMedia","httpsTrigger":{"url":"https://us-central1-wificontent-143da.cloudfunctions.net/moderateMedia","securityLevel":"SECURE_ALWAYS"},"status":"ACTIVE","entryPoint":"moderateMedia","timeout":"180s","availableMemoryMb":512,"updateTime":"2026-06-04T13:21:58.566Z","versionId":"11","labels":{"deployment-tool":"cli-firebase","deployment-callable":"true","firebase-functions-hash":"1cafcc6931136bc8fac1115b6732069a832ba6b1"},"sourceUploadUrl":"https://storage.googleapis.com/uploads-692370461028.us-central1.cloudfunctions.appspot.com/4436f6aa-1e4b-40fa-8a94-60d055a1c725.zip?GoogleAccessId=service-158237266758@gcf-admin-robot.iam.gserviceaccount.com&Expires=1781238114&Signature=DkrHjDE%2BbtV6oKS1GQlRcqSOI%2B3VlYtP33tXN3kx%2Fav25M5%2FU3R0TaZubs8hZYXtSqWOv%2BqmoaBPVOTPaS1Ttfhk7LGEG74r6F2blyf%2FEH98MGik0ZfVMIbEIcnTK0tBP1PWAObrpPeJdrVgZvP7vGkQ%2BF0BgVAferQC93xeGbIz1xwySdqJjg94XXTyZOXKlbdSu8UPZxzL%2Br4%2Fn7p%2BZmJv5u6wtwTb6tS4wgGre4774xcNPaszeR5UkBMz85JsD%2FWpzoiFnbJQ4WY2jcWy5QjJlaUeO8R5hgnXqs6tuX8yvWiUU9%2BqFvK5hfuP%2BOPCxIMCKmfy5opSphpUy21zKw%3D%3D","environmentVariables":{"FIREBASE_CONFIG":"{\"projectId\":\"wificontent-143da\",\"databaseURL\":\"https://wificontent-143da-default-rtdb.firebaseio.com\",\"storageBucket\":\"wificontent-143da.firebasestorage.app\"}","GCLOUD_PROJECT":"wificontent-143da","EVENTARC_CLOUD_EVENT_SOURCE":"projects/wificontent-143da/locations/us-central1/functions/moderateMedia"},"runtime":"nodejs20","buildId":"131c799e-fb82-4468-b64c-2eaf28f8c7c1","buildEnvironmentVariables":{"GOOGLE_NODE_RUN_SCRIPTS":""},"secretEnvironmentVariables":[{"key":"VISION_SA_KEY","projectId":"wificontent-143da","secret":"VISION_SA_KEY","version":"1"}],"buildName":"projects/158237266758/locations/us-central1/builds/131c799e-fb82-4468-b64c-2eaf28f8c7c1","dockerRegistry":"ARTIFACT_REGISTRY","automaticUpdatePolicy":{},"buildServiceAccount":"projects/wificontent-143da/serviceAccounts/158237266758-compute@developer.gserviceaccount.com"},"versionId":"13","updateTime":"2026-06-12T03:51:55Z","buildId":"58bc944e-b0b2-4d48-b663-ec11a34bf4de","buildName":"projects/158237266758/locations/us-central1/builds/58bc944e-b0b2-4d48-b663-ec11a34bf4de"}}
[debug] [2026-06-12T03:52:03.371Z] [create-default-us-central1-enforceUserPostLimit] Retrying task index 0
[debug] [2026-06-12T03:52:03.372Z] Checked if tokens are valid: true, expires at: 1781239710613
[debug] [2026-06-12T03:52:03.372Z] Checked if tokens are valid: true, expires at: 1781239710613
[debug] [2026-06-12T03:52:03.372Z] >>> [apiv2][query] GET https://cloudfunctions.googleapis.com/v1/operations/cHJvamVjdHMvd2lmaWNvbnRlbnQtMTQzZGEvbG9jYXRpb25zL3VzLWNlbnRyYWwxL29wZXJhdGlvbnMvb3BlcmF0aW9uLTE3ODEyMzYzMTQ5MTAtNjU0MDY2NWNmYWY5ZS02NWYxMGIyZS1jMDAzNzcxOQ [none]
[debug] [2026-06-12T03:52:03.500Z] <<< [apiv2][status] GET https://cloudfunctions.googleapis.com/v1/operations/cHJvamVjdHMvd2lmaWNvbnRlbnQtMTQzZGEvbG9jYXRpb25zL3VzLWNlbnRyYWwxL29wZXJhdGlvbnMvb3BlcmF0aW9uLTE3ODEyMzYzMTQ5MTAtNjU0MDY2NWNmYWY5ZS02NWYxMGIyZS1jMDAzNzcxOQ 200
[debug] [2026-06-12T03:52:03.500Z] <<< [apiv2][body] GET https://cloudfunctions.googleapis.com/v1/operations/cHJvamVjdHMvd2lmaWNvbnRlbnQtMTQzZGEvbG9jYXRpb25zL3VzLWNlbnRyYWwxL29wZXJhdGlvbnMvb3BlcmF0aW9uLTE3ODEyMzYzMTQ5MTAtNjU0MDY2NWNmYWY5ZS02NWYxMGIyZS1jMDAzNzcxOQ {"name":"operations/cHJvamVjdHMvd2lmaWNvbnRlbnQtMTQzZGEvbG9jYXRpb25zL3VzLWNlbnRyYWwxL29wZXJhdGlvbnMvb3BlcmF0aW9uLTE3ODEyMzYzMTQ5MTAtNjU0MDY2NWNmYWY5ZS02NWYxMGIyZS1jMDAzNzcxOQ","metadata":{"@type":"type.googleapis.com/google.cloud.functions.v1.OperationMetadataV1","target":"projects/wificontent-143da/locations/us-central1/functions/enforceUserPostLimit","type":"CREATE_FUNCTION","request":{"@type":"type.googleapis.com/google.cloud.functions.v1.CloudFunction","name":"projects/wificontent-143da/locations/us-central1/functions/enforceUserPostLimit","eventTrigger":{"eventType":"providers/google.firebase.database/eventTypes/ref.create","resource":"projects/_/instances/wificontent-143da-default-rtdb/refs/posts/{postId}","failurePolicy":{}},"entryPoint":"enforceUserPostLimit","updateTime":"1970-01-01T00:00:00Z","labels":{"deployment-tool":"cli-firebase","firebase-functions-hash":"f04f99181a37ddd0deea7a83159d393e6ce5c944"},"sourceUploadUrl":"https://storage.googleapis.com/uploads-692370461028.us-central1.cloudfunctions.appspot.com/4436f6aa-1e4b-40fa-8a94-60d055a1c725.zip?GoogleAccessId=service-158237266758@gcf-admin-robot.iam.gserviceaccount.com&Expires=1781238114&Signature=DkrHjDE%2BbtV6oKS1GQlRcqSOI%2B3VlYtP33tXN3kx%2Fav25M5%2FU3R0TaZubs8hZYXtSqWOv%2BqmoaBPVOTPaS1Ttfhk7LGEG74r6F2blyf%2FEH98MGik0ZfVMIbEIcnTK0tBP1PWAObrpPeJdrVgZvP7vGkQ%2BF0BgVAferQC93xeGbIz1xwySdqJjg94XXTyZOXKlbdSu8UPZxzL%2Br4%2Fn7p%2BZmJv5u6wtwTb6tS4wgGre4774xcNPaszeR5UkBMz85JsD%2FWpzoiFnbJQ4WY2jcWy5QjJlaUeO8R5hgnXqs6tuX8yvWiUU9%2BqFvK5hfuP%2BOPCxIMCKmfy5opSphpUy21zKw%3D%3D","environmentVariables":{"FIREBASE_CONFIG":"{\"projectId\":\"wificontent-143da\",\"databaseURL\":\"https://wificontent-143da-default-rtdb.firebaseio.com\",\"storageBucket\":\"wificontent-143da.firebasestorage.app\"}","GCLOUD_PROJECT":"wificontent-143da","EVENTARC_CLOUD_EVENT_SOURCE":"projects/wificontent-143da/locations/us-central1/functions/enforceUserPostLimit"},"runtime":"nodejs20","buildEnvironmentVariables":{"GOOGLE_NODE_RUN_SCRIPTS":""},"dockerRegistry":"ARTIFACT_REGISTRY"},"versionId":"1","updateTime":"2026-06-12T03:51:55.311877300Z","buildId":"b3842d93-17f5-4b30-acc1-808b50349c0b","buildName":"projects/158237266758/locations/us-central1/builds/b3842d93-17f5-4b30-acc1-808b50349c0b"}}
[debug] [2026-06-12T03:52:03.652Z] [update-default-us-central1-moderateMedia] Retrying task index 0
[debug] [2026-06-12T03:52:03.652Z] Checked if tokens are valid: true, expires at: 1781239710613
[debug] [2026-06-12T03:52:03.652Z] Checked if tokens are valid: true, expires at: 1781239710613
[debug] [2026-06-12T03:52:03.652Z] >>> [apiv2][query] GET https://cloudfunctions.googleapis.com/v1/operations/d2lmaWNvbnRlbnQtMTQzZGEvdXMtY2VudHJhbDEvbW9kZXJhdGVNZWRpYS9uc1JjOTRjYXRnYw [none]
[debug] [2026-06-12T03:52:03.843Z] <<< [apiv2][status] GET https://cloudfunctions.googleapis.com/v1/operations/d2lmaWNvbnRlbnQtMTQzZGEvdXMtY2VudHJhbDEvbW9kZXJhdGVNZWRpYS9uc1JjOTRjYXRnYw 200
[debug] [2026-06-12T03:52:03.843Z] <<< [apiv2][body] GET https://cloudfunctions.googleapis.com/v1/operations/d2lmaWNvbnRlbnQtMTQzZGEvdXMtY2VudHJhbDEvbW9kZXJhdGVNZWRpYS9uc1JjOTRjYXRnYw {"name":"operations/d2lmaWNvbnRlbnQtMTQzZGEvdXMtY2VudHJhbDEvbW9kZXJhdGVNZWRpYS9uc1JjOTRjYXRnYw","metadata":{"@type":"type.googleapis.com/google.cloud.functions.v1.OperationMetadataV1","target":"projects/wificontent-143da/locations/us-central1/functions/moderateMedia","type":"UPDATE_FUNCTION","request":{"@type":"type.googleapis.com/google.cloud.functions.v1.CloudFunction","name":"projects/wificontent-143da/locations/us-central1/functions/moderateMedia","httpsTrigger":{"url":"https://us-central1-wificontent-143da.cloudfunctions.net/moderateMedia","securityLevel":"SECURE_ALWAYS"},"status":"ACTIVE","entryPoint":"moderateMedia","timeout":"180s","availableMemoryMb":512,"updateTime":"2026-06-04T13:21:58.566Z","versionId":"11","labels":{"deployment-tool":"cli-firebase","deployment-callable":"true","firebase-functions-hash":"1cafcc6931136bc8fac1115b6732069a832ba6b1"},"sourceUploadUrl":"https://storage.googleapis.com/uploads-692370461028.us-central1.cloudfunctions.appspot.com/4436f6aa-1e4b-40fa-8a94-60d055a1c725.zip?GoogleAccessId=service-158237266758@gcf-admin-robot.iam.gserviceaccount.com&Expires=1781238114&Signature=DkrHjDE%2BbtV6oKS1GQlRcqSOI%2B3VlYtP33tXN3kx%2Fav25M5%2FU3R0TaZubs8hZYXtSqWOv%2BqmoaBPVOTPaS1Ttfhk7LGEG74r6F2blyf%2FEH98MGik0ZfVMIbEIcnTK0tBP1PWAObrpPeJdrVgZvP7vGkQ%2BF0BgVAferQC93xeGbIz1xwySdqJjg94XXTyZOXKlbdSu8UPZxzL%2Br4%2Fn7p%2BZmJv5u6wtwTb6tS4wgGre4774xcNPaszeR5UkBMz85JsD%2FWpzoiFnbJQ4WY2jcWy5QjJlaUeO8R5hgnXqs6tuX8yvWiUU9%2BqFvK5hfuP%2BOPCxIMCKmfy5opSphpUy21zKw%3D%3D","environmentVariables":{"FIREBASE_CONFIG":"{\"projectId\":\"wificontent-143da\",\"databaseURL\":\"https://wificontent-143da-default-rtdb.firebaseio.com\",\"storageBucket\":\"wificontent-143da.firebasestorage.app\"}","GCLOUD_PROJECT":"wificontent-143da","EVENTARC_CLOUD_EVENT_SOURCE":"projects/wificontent-143da/locations/us-central1/functions/moderateMedia"},"runtime":"nodejs20","buildId":"131c799e-fb82-4468-b64c-2eaf28f8c7c1","buildEnvironmentVariables":{"GOOGLE_NODE_RUN_SCRIPTS":""},"secretEnvironmentVariables":[{"key":"VISION_SA_KEY","projectId":"wificontent-143da","secret":"VISION_SA_KEY","version":"1"}],"buildName":"projects/158237266758/locations/us-central1/builds/131c799e-fb82-4468-b64c-2eaf28f8c7c1","dockerRegistry":"ARTIFACT_REGISTRY","automaticUpdatePolicy":{},"buildServiceAccount":"projects/wificontent-143da/serviceAccounts/158237266758-compute@developer.gserviceaccount.com"},"versionId":"13","updateTime":"2026-06-12T03:51:55Z","buildId":"58bc944e-b0b2-4d48-b663-ec11a34bf4de","buildName":"projects/158237266758/locations/us-central1/builds/58bc944e-b0b2-4d48-b663-ec11a34bf4de"}}
[debug] [2026-06-12T03:52:11.501Z] [create-default-us-central1-enforceUserPostLimit] Retrying task index 0
[debug] [2026-06-12T03:52:11.501Z] Checked if tokens are valid: true, expires at: 1781239710613
[debug] [2026-06-12T03:52:11.501Z] Checked if tokens are valid: true, expires at: 1781239710613
[debug] [2026-06-12T03:52:11.502Z] >>> [apiv2][query] GET https://cloudfunctions.googleapis.com/v1/operations/cHJvamVjdHMvd2lmaWNvbnRlbnQtMTQzZGEvbG9jYXRpb25zL3VzLWNlbnRyYWwxL29wZXJhdGlvbnMvb3BlcmF0aW9uLTE3ODEyMzYzMTQ5MTAtNjU0MDY2NWNmYWY5ZS02NWYxMGIyZS1jMDAzNzcxOQ [none]
[debug] [2026-06-12T03:52:11.715Z] <<< [apiv2][status] GET https://cloudfunctions.googleapis.com/v1/operations/cHJvamVjdHMvd2lmaWNvbnRlbnQtMTQzZGEvbG9jYXRpb25zL3VzLWNlbnRyYWwxL29wZXJhdGlvbnMvb3BlcmF0aW9uLTE3ODEyMzYzMTQ5MTAtNjU0MDY2NWNmYWY5ZS02NWYxMGIyZS1jMDAzNzcxOQ 200
[debug] [2026-06-12T03:52:11.715Z] <<< [apiv2][body] GET https://cloudfunctions.googleapis.com/v1/operations/cHJvamVjdHMvd2lmaWNvbnRlbnQtMTQzZGEvbG9jYXRpb25zL3VzLWNlbnRyYWwxL29wZXJhdGlvbnMvb3BlcmF0aW9uLTE3ODEyMzYzMTQ5MTAtNjU0MDY2NWNmYWY5ZS02NWYxMGIyZS1jMDAzNzcxOQ {"name":"operations/cHJvamVjdHMvd2lmaWNvbnRlbnQtMTQzZGEvbG9jYXRpb25zL3VzLWNlbnRyYWwxL29wZXJhdGlvbnMvb3BlcmF0aW9uLTE3ODEyMzYzMTQ5MTAtNjU0MDY2NWNmYWY5ZS02NWYxMGIyZS1jMDAzNzcxOQ","metadata":{"@type":"type.googleapis.com/google.cloud.functions.v1.OperationMetadataV1","target":"projects/wificontent-143da/locations/us-central1/functions/enforceUserPostLimit","type":"CREATE_FUNCTION","request":{"@type":"type.googleapis.com/google.cloud.functions.v1.CloudFunction","name":"projects/wificontent-143da/locations/us-central1/functions/enforceUserPostLimit","eventTrigger":{"eventType":"providers/google.firebase.database/eventTypes/ref.create","resource":"projects/_/instances/wificontent-143da-default-rtdb/refs/posts/{postId}","failurePolicy":{}},"entryPoint":"enforceUserPostLimit","updateTime":"1970-01-01T00:00:00Z","labels":{"deployment-tool":"cli-firebase","firebase-functions-hash":"f04f99181a37ddd0deea7a83159d393e6ce5c944"},"sourceUploadUrl":"https://storage.googleapis.com/uploads-692370461028.us-central1.cloudfunctions.appspot.com/4436f6aa-1e4b-40fa-8a94-60d055a1c725.zip?GoogleAccessId=service-158237266758@gcf-admin-robot.iam.gserviceaccount.com&Expires=1781238114&Signature=DkrHjDE%2BbtV6oKS1GQlRcqSOI%2B3VlYtP33tXN3kx%2Fav25M5%2FU3R0TaZubs8hZYXtSqWOv%2BqmoaBPVOTPaS1Ttfhk7LGEG74r6F2blyf%2FEH98MGik0ZfVMIbEIcnTK0tBP1PWAObrpPeJdrVgZvP7vGkQ%2BF0BgVAferQC93xeGbIz1xwySdqJjg94XXTyZOXKlbdSu8UPZxzL%2Br4%2Fn7p%2BZmJv5u6wtwTb6tS4wgGre4774xcNPaszeR5UkBMz85JsD%2FWpzoiFnbJQ4WY2jcWy5QjJlaUeO8R5hgnXqs6tuX8yvWiUU9%2BqFvK5hfuP%2BOPCxIMCKmfy5opSphpUy21zKw%3D%3D","environmentVariables":{"FIREBASE_CONFIG":"{\"projectId\":\"wificontent-143da\",\"databaseURL\":\"https://wificontent-143da-default-rtdb.firebaseio.com\",\"storageBucket\":\"wificontent-143da.firebasestorage.app\"}","GCLOUD_PROJECT":"wificontent-143da","EVENTARC_CLOUD_EVENT_SOURCE":"projects/wificontent-143da/locations/us-central1/functions/enforceUserPostLimit"},"runtime":"nodejs20","buildEnvironmentVariables":{"GOOGLE_NODE_RUN_SCRIPTS":""},"dockerRegistry":"ARTIFACT_REGISTRY"},"versionId":"1","updateTime":"2026-06-12T03:51:55.311877300Z","buildId":"b3842d93-17f5-4b30-acc1-808b50349c0b","buildName":"projects/158237266758/locations/us-central1/builds/b3842d93-17f5-4b30-acc1-808b50349c0b"}}
[debug] [2026-06-12T03:52:11.845Z] [update-default-us-central1-moderateMedia] Retrying task index 0
[debug] [2026-06-12T03:52:11.845Z] Checked if tokens are valid: true, expires at: 1781239710613
[debug] [2026-06-12T03:52:11.845Z] Checked if tokens are valid: true, expires at: 1781239710613
[debug] [2026-06-12T03:52:11.845Z] >>> [apiv2][query] GET https://cloudfunctions.googleapis.com/v1/operations/d2lmaWNvbnRlbnQtMTQzZGEvdXMtY2VudHJhbDEvbW9kZXJhdGVNZWRpYS9uc1JjOTRjYXRnYw [none]
[debug] [2026-06-12T03:52:12.036Z] <<< [apiv2][status] GET https://cloudfunctions.googleapis.com/v1/operations/d2lmaWNvbnRlbnQtMTQzZGEvdXMtY2VudHJhbDEvbW9kZXJhdGVNZWRpYS9uc1JjOTRjYXRnYw 200
[debug] [2026-06-12T03:52:12.037Z] <<< [apiv2][body] GET https://cloudfunctions.googleapis.com/v1/operations/d2lmaWNvbnRlbnQtMTQzZGEvdXMtY2VudHJhbDEvbW9kZXJhdGVNZWRpYS9uc1JjOTRjYXRnYw {"name":"operations/d2lmaWNvbnRlbnQtMTQzZGEvdXMtY2VudHJhbDEvbW9kZXJhdGVNZWRpYS9uc1JjOTRjYXRnYw","metadata":{"@type":"type.googleapis.com/google.cloud.functions.v1.OperationMetadataV1","target":"projects/wificontent-143da/locations/us-central1/functions/moderateMedia","type":"UPDATE_FUNCTION","request":{"@type":"type.googleapis.com/google.cloud.functions.v1.CloudFunction","name":"projects/wificontent-143da/locations/us-central1/functions/moderateMedia","httpsTrigger":{"url":"https://us-central1-wificontent-143da.cloudfunctions.net/moderateMedia","securityLevel":"SECURE_ALWAYS"},"status":"ACTIVE","entryPoint":"moderateMedia","timeout":"180s","availableMemoryMb":512,"updateTime":"2026-06-04T13:21:58.566Z","versionId":"11","labels":{"deployment-tool":"cli-firebase","deployment-callable":"true","firebase-functions-hash":"1cafcc6931136bc8fac1115b6732069a832ba6b1"},"sourceUploadUrl":"https://storage.googleapis.com/uploads-692370461028.us-central1.cloudfunctions.appspot.com/4436f6aa-1e4b-40fa-8a94-60d055a1c725.zip?GoogleAccessId=service-158237266758@gcf-admin-robot.iam.gserviceaccount.com&Expires=1781238114&Signature=DkrHjDE%2BbtV6oKS1GQlRcqSOI%2B3VlYtP33tXN3kx%2Fav25M5%2FU3R0TaZubs8hZYXtSqWOv%2BqmoaBPVOTPaS1Ttfhk7LGEG74r6F2blyf%2FEH98MGik0ZfVMIbEIcnTK0tBP1PWAObrpPeJdrVgZvP7vGkQ%2BF0BgVAferQC93xeGbIz1xwySdqJjg94XXTyZOXKlbdSu8UPZxzL%2Br4%2Fn7p%2BZmJv5u6wtwTb6tS4wgGre4774xcNPaszeR5UkBMz85JsD%2FWpzoiFnbJQ4WY2jcWy5QjJlaUeO8R5hgnXqs6tuX8yvWiUU9%2BqFvK5hfuP%2BOPCxIMCKmfy5opSphpUy21zKw%3D%3D","environmentVariables":{"FIREBASE_CONFIG":"{\"projectId\":\"wificontent-143da\",\"databaseURL\":\"https://wificontent-143da-default-rtdb.firebaseio.com\",\"storageBucket\":\"wificontent-143da.firebasestorage.app\"}","GCLOUD_PROJECT":"wificontent-143da","EVENTARC_CLOUD_EVENT_SOURCE":"projects/wificontent-143da/locations/us-central1/functions/moderateMedia"},"runtime":"nodejs20","buildId":"131c799e-fb82-4468-b64c-2eaf28f8c7c1","buildEnvironmentVariables":{"GOOGLE_NODE_RUN_SCRIPTS":""},"secretEnvironmentVariables":[{"key":"VISION_SA_KEY","projectId":"wificontent-143da","secret":"VISION_SA_KEY","version":"1"}],"buildName":"projects/158237266758/locations/us-central1/builds/131c799e-fb82-4468-b64c-2eaf28f8c7c1","dockerRegistry":"ARTIFACT_REGISTRY","automaticUpdatePolicy":{},"buildServiceAccount":"projects/wificontent-143da/serviceAccounts/158237266758-compute@developer.gserviceaccount.com"},"versionId":"13","updateTime":"2026-06-12T03:51:55Z","buildId":"58bc944e-b0b2-4d48-b663-ec11a34bf4de","buildName":"projects/158237266758/locations/us-central1/builds/58bc944e-b0b2-4d48-b663-ec11a34bf4de"}}
[debug] [2026-06-12T03:52:21.716Z] [create-default-us-central1-enforceUserPostLimit] Retrying task index 0
[debug] [2026-06-12T03:52:21.717Z] Checked if tokens are valid: true, expires at: 1781239710613
[debug] [2026-06-12T03:52:21.717Z] Checked if tokens are valid: true, expires at: 1781239710613
[debug] [2026-06-12T03:52:21.717Z] >>> [apiv2][query] GET https://cloudfunctions.googleapis.com/v1/operations/cHJvamVjdHMvd2lmaWNvbnRlbnQtMTQzZGEvbG9jYXRpb25zL3VzLWNlbnRyYWwxL29wZXJhdGlvbnMvb3BlcmF0aW9uLTE3ODEyMzYzMTQ5MTAtNjU0MDY2NWNmYWY5ZS02NWYxMGIyZS1jMDAzNzcxOQ [none]
[debug] [2026-06-12T03:52:21.888Z] <<< [apiv2][status] GET https://cloudfunctions.googleapis.com/v1/operations/cHJvamVjdHMvd2lmaWNvbnRlbnQtMTQzZGEvbG9jYXRpb25zL3VzLWNlbnRyYWwxL29wZXJhdGlvbnMvb3BlcmF0aW9uLTE3ODEyMzYzMTQ5MTAtNjU0MDY2NWNmYWY5ZS02NWYxMGIyZS1jMDAzNzcxOQ 200
[debug] [2026-06-12T03:52:21.889Z] <<< [apiv2][body] GET https://cloudfunctions.googleapis.com/v1/operations/cHJvamVjdHMvd2lmaWNvbnRlbnQtMTQzZGEvbG9jYXRpb25zL3VzLWNlbnRyYWwxL29wZXJhdGlvbnMvb3BlcmF0aW9uLTE3ODEyMzYzMTQ5MTAtNjU0MDY2NWNmYWY5ZS02NWYxMGIyZS1jMDAzNzcxOQ {"name":"operations/cHJvamVjdHMvd2lmaWNvbnRlbnQtMTQzZGEvbG9jYXRpb25zL3VzLWNlbnRyYWwxL29wZXJhdGlvbnMvb3BlcmF0aW9uLTE3ODEyMzYzMTQ5MTAtNjU0MDY2NWNmYWY5ZS02NWYxMGIyZS1jMDAzNzcxOQ","metadata":{"@type":"type.googleapis.com/google.cloud.functions.v1.OperationMetadataV1","target":"projects/wificontent-143da/locations/us-central1/functions/enforceUserPostLimit","type":"CREATE_FUNCTION","request":{"@type":"type.googleapis.com/google.cloud.functions.v1.CloudFunction","name":"projects/wificontent-143da/locations/us-central1/functions/enforceUserPostLimit","eventTrigger":{"eventType":"providers/google.firebase.database/eventTypes/ref.create","resource":"projects/_/instances/wificontent-143da-default-rtdb/refs/posts/{postId}","failurePolicy":{}},"entryPoint":"enforceUserPostLimit","updateTime":"1970-01-01T00:00:00Z","labels":{"deployment-tool":"cli-firebase","firebase-functions-hash":"f04f99181a37ddd0deea7a83159d393e6ce5c944"},"sourceUploadUrl":"https://storage.googleapis.com/uploads-692370461028.us-central1.cloudfunctions.appspot.com/4436f6aa-1e4b-40fa-8a94-60d055a1c725.zip?GoogleAccessId=service-158237266758@gcf-admin-robot.iam.gserviceaccount.com&Expires=1781238114&Signature=DkrHjDE%2BbtV6oKS1GQlRcqSOI%2B3VlYtP33tXN3kx%2Fav25M5%2FU3R0TaZubs8hZYXtSqWOv%2BqmoaBPVOTPaS1Ttfhk7LGEG74r6F2blyf%2FEH98MGik0ZfVMIbEIcnTK0tBP1PWAObrpPeJdrVgZvP7vGkQ%2BF0BgVAferQC93xeGbIz1xwySdqJjg94XXTyZOXKlbdSu8UPZxzL%2Br4%2Fn7p%2BZmJv5u6wtwTb6tS4wgGre4774xcNPaszeR5UkBMz85JsD%2FWpzoiFnbJQ4WY2jcWy5QjJlaUeO8R5hgnXqs6tuX8yvWiUU9%2BqFvK5hfuP%2BOPCxIMCKmfy5opSphpUy21zKw%3D%3D","environmentVariables":{"FIREBASE_CONFIG":"{\"projectId\":\"wificontent-143da\",\"databaseURL\":\"https://wificontent-143da-default-rtdb.firebaseio.com\",\"storageBucket\":\"wificontent-143da.firebasestorage.app\"}","GCLOUD_PROJECT":"wificontent-143da","EVENTARC_CLOUD_EVENT_SOURCE":"projects/wificontent-143da/locations/us-central1/functions/enforceUserPostLimit"},"runtime":"nodejs20","buildEnvironmentVariables":{"GOOGLE_NODE_RUN_SCRIPTS":""},"dockerRegistry":"ARTIFACT_REGISTRY"},"versionId":"1","updateTime":"2026-06-12T03:51:55.311877300Z","buildId":"b3842d93-17f5-4b30-acc1-808b50349c0b","buildName":"projects/158237266758/locations/us-central1/builds/b3842d93-17f5-4b30-acc1-808b50349c0b"}}
[debug] [2026-06-12T03:52:22.037Z] [update-default-us-central1-moderateMedia] Retrying task index 0
[debug] [2026-06-12T03:52:22.037Z] Checked if tokens are valid: true, expires at: 1781239710613
[debug] [2026-06-12T03:52:22.037Z] Checked if tokens are valid: true, expires at: 1781239710613
[debug] [2026-06-12T03:52:22.038Z] >>> [apiv2][query] GET https://cloudfunctions.googleapis.com/v1/operations/d2lmaWNvbnRlbnQtMTQzZGEvdXMtY2VudHJhbDEvbW9kZXJhdGVNZWRpYS9uc1JjOTRjYXRnYw [none]
[debug] [2026-06-12T03:52:22.200Z] <<< [apiv2][status] GET https://cloudfunctions.googleapis.com/v1/operations/d2lmaWNvbnRlbnQtMTQzZGEvdXMtY2VudHJhbDEvbW9kZXJhdGVNZWRpYS9uc1JjOTRjYXRnYw 200
[debug] [2026-06-12T03:52:22.201Z] <<< [apiv2][body] GET https://cloudfunctions.googleapis.com/v1/operations/d2lmaWNvbnRlbnQtMTQzZGEvdXMtY2VudHJhbDEvbW9kZXJhdGVNZWRpYS9uc1JjOTRjYXRnYw {"name":"operations/d2lmaWNvbnRlbnQtMTQzZGEvdXMtY2VudHJhbDEvbW9kZXJhdGVNZWRpYS9uc1JjOTRjYXRnYw","metadata":{"@type":"type.googleapis.com/google.cloud.functions.v1.OperationMetadataV1","target":"projects/wificontent-143da/locations/us-central1/functions/moderateMedia","type":"UPDATE_FUNCTION","request":{"@type":"type.googleapis.com/google.cloud.functions.v1.CloudFunction","name":"projects/wificontent-143da/locations/us-central1/functions/moderateMedia","httpsTrigger":{"url":"https://us-central1-wificontent-143da.cloudfunctions.net/moderateMedia","securityLevel":"SECURE_ALWAYS"},"status":"ACTIVE","entryPoint":"moderateMedia","timeout":"180s","availableMemoryMb":512,"updateTime":"2026-06-04T13:21:58.566Z","versionId":"11","labels":{"deployment-tool":"cli-firebase","deployment-callable":"true","firebase-functions-hash":"1cafcc6931136bc8fac1115b6732069a832ba6b1"},"sourceUploadUrl":"https://storage.googleapis.com/uploads-692370461028.us-central1.cloudfunctions.appspot.com/4436f6aa-1e4b-40fa-8a94-60d055a1c725.zip?GoogleAccessId=service-158237266758@gcf-admin-robot.iam.gserviceaccount.com&Expires=1781238114&Signature=DkrHjDE%2BbtV6oKS1GQlRcqSOI%2B3VlYtP33tXN3kx%2Fav25M5%2FU3R0TaZubs8hZYXtSqWOv%2BqmoaBPVOTPaS1Ttfhk7LGEG74r6F2blyf%2FEH98MGik0ZfVMIbEIcnTK0tBP1PWAObrpPeJdrVgZvP7vGkQ%2BF0BgVAferQC93xeGbIz1xwySdqJjg94XXTyZOXKlbdSu8UPZxzL%2Br4%2Fn7p%2BZmJv5u6wtwTb6tS4wgGre4774xcNPaszeR5UkBMz85JsD%2FWpzoiFnbJQ4WY2jcWy5QjJlaUeO8R5hgnXqs6tuX8yvWiUU9%2BqFvK5hfuP%2BOPCxIMCKmfy5opSphpUy21zKw%3D%3D","environmentVariables":{"FIREBASE_CONFIG":"{\"projectId\":\"wificontent-143da\",\"databaseURL\":\"https://wificontent-143da-default-rtdb.firebaseio.com\",\"storageBucket\":\"wificontent-143da.firebasestorage.app\"}","GCLOUD_PROJECT":"wificontent-143da","EVENTARC_CLOUD_EVENT_SOURCE":"projects/wificontent-143da/locations/us-central1/functions/moderateMedia"},"runtime":"nodejs20","buildId":"131c799e-fb82-4468-b64c-2eaf28f8c7c1","buildEnvironmentVariables":{"GOOGLE_NODE_RUN_SCRIPTS":""},"secretEnvironmentVariables":[{"key":"VISION_SA_KEY","projectId":"wificontent-143da","secret":"VISION_SA_KEY","version":"1"}],"buildName":"projects/158237266758/locations/us-central1/builds/131c799e-fb82-4468-b64c-2eaf28f8c7c1","dockerRegistry":"ARTIFACT_REGISTRY","automaticUpdatePolicy":{},"buildServiceAccount":"projects/wificontent-143da/serviceAccounts/158237266758-compute@developer.gserviceaccount.com"},"versionId":"13","updateTime":"2026-06-12T03:51:55Z","buildId":"58bc944e-b0b2-4d48-b663-ec11a34bf4de","buildName":"projects/158237266758/locations/us-central1/builds/58bc944e-b0b2-4d48-b663-ec11a34bf4de"}}
[debug] [2026-06-12T03:52:31.890Z] [create-default-us-central1-enforceUserPostLimit] Retrying task index 0
[debug] [2026-06-12T03:52:31.891Z] Checked if tokens are valid: true, expires at: 1781239710613
[debug] [2026-06-12T03:52:31.891Z] Checked if tokens are valid: true, expires at: 1781239710613
[debug] [2026-06-12T03:52:31.891Z] >>> [apiv2][query] GET https://cloudfunctions.googleapis.com/v1/operations/cHJvamVjdHMvd2lmaWNvbnRlbnQtMTQzZGEvbG9jYXRpb25zL3VzLWNlbnRyYWwxL29wZXJhdGlvbnMvb3BlcmF0aW9uLTE3ODEyMzYzMTQ5MTAtNjU0MDY2NWNmYWY5ZS02NWYxMGIyZS1jMDAzNzcxOQ [none]
[debug] [2026-06-12T03:52:32.067Z] <<< [apiv2][status] GET https://cloudfunctions.googleapis.com/v1/operations/cHJvamVjdHMvd2lmaWNvbnRlbnQtMTQzZGEvbG9jYXRpb25zL3VzLWNlbnRyYWwxL29wZXJhdGlvbnMvb3BlcmF0aW9uLTE3ODEyMzYzMTQ5MTAtNjU0MDY2NWNmYWY5ZS02NWYxMGIyZS1jMDAzNzcxOQ 200
[debug] [2026-06-12T03:52:32.067Z] <<< [apiv2][body] GET https://cloudfunctions.googleapis.com/v1/operations/cHJvamVjdHMvd2lmaWNvbnRlbnQtMTQzZGEvbG9jYXRpb25zL3VzLWNlbnRyYWwxL29wZXJhdGlvbnMvb3BlcmF0aW9uLTE3ODEyMzYzMTQ5MTAtNjU0MDY2NWNmYWY5ZS02NWYxMGIyZS1jMDAzNzcxOQ {"name":"operations/cHJvamVjdHMvd2lmaWNvbnRlbnQtMTQzZGEvbG9jYXRpb25zL3VzLWNlbnRyYWwxL29wZXJhdGlvbnMvb3BlcmF0aW9uLTE3ODEyMzYzMTQ5MTAtNjU0MDY2NWNmYWY5ZS02NWYxMGIyZS1jMDAzNzcxOQ","metadata":{"@type":"type.googleapis.com/google.cloud.functions.v1.OperationMetadataV1","target":"projects/wificontent-143da/locations/us-central1/functions/enforceUserPostLimit","type":"CREATE_FUNCTION","request":{"@type":"type.googleapis.com/google.cloud.functions.v1.CloudFunction","name":"projects/wificontent-143da/locations/us-central1/functions/enforceUserPostLimit","eventTrigger":{"eventType":"providers/google.firebase.database/eventTypes/ref.create","resource":"projects/_/instances/wificontent-143da-default-rtdb/refs/posts/{postId}","failurePolicy":{}},"entryPoint":"enforceUserPostLimit","updateTime":"1970-01-01T00:00:00Z","labels":{"deployment-tool":"cli-firebase","firebase-functions-hash":"f04f99181a37ddd0deea7a83159d393e6ce5c944"},"sourceUploadUrl":"https://storage.googleapis.com/uploads-692370461028.us-central1.cloudfunctions.appspot.com/4436f6aa-1e4b-40fa-8a94-60d055a1c725.zip?GoogleAccessId=service-158237266758@gcf-admin-robot.iam.gserviceaccount.com&Expires=1781238114&Signature=DkrHjDE%2BbtV6oKS1GQlRcqSOI%2B3VlYtP33tXN3kx%2Fav25M5%2FU3R0TaZubs8hZYXtSqWOv%2BqmoaBPVOTPaS1Ttfhk7LGEG74r6F2blyf%2FEH98MGik0ZfVMIbEIcnTK0tBP1PWAObrpPeJdrVgZvP7vGkQ%2BF0BgVAferQC93xeGbIz1xwySdqJjg94XXTyZOXKlbdSu8UPZxzL%2Br4%2Fn7p%2BZmJv5u6wtwTb6tS4wgGre4774xcNPaszeR5UkBMz85JsD%2FWpzoiFnbJQ4WY2jcWy5QjJlaUeO8R5hgnXqs6tuX8yvWiUU9%2BqFvK5hfuP%2BOPCxIMCKmfy5opSphpUy21zKw%3D%3D","environmentVariables":{"FIREBASE_CONFIG":"{\"projectId\":\"wificontent-143da\",\"databaseURL\":\"https://wificontent-143da-default-rtdb.firebaseio.com\",\"storageBucket\":\"wificontent-143da.firebasestorage.app\"}","GCLOUD_PROJECT":"wificontent-143da","EVENTARC_CLOUD_EVENT_SOURCE":"projects/wificontent-143da/locations/us-central1/functions/enforceUserPostLimit"},"runtime":"nodejs20","buildEnvironmentVariables":{"GOOGLE_NODE_RUN_SCRIPTS":""},"dockerRegistry":"ARTIFACT_REGISTRY"},"versionId":"1","updateTime":"2026-06-12T03:51:55.311877300Z","buildId":"b3842d93-17f5-4b30-acc1-808b50349c0b","buildName":"projects/158237266758/locations/us-central1/builds/b3842d93-17f5-4b30-acc1-808b50349c0b"}}
[debug] [2026-06-12T03:52:32.202Z] [update-default-us-central1-moderateMedia] Retrying task index 0
[debug] [2026-06-12T03:52:32.202Z] Checked if tokens are valid: true, expires at: 1781239710613
[debug] [2026-06-12T03:52:32.202Z] Checked if tokens are valid: true, expires at: 1781239710613
[debug] [2026-06-12T03:52:32.202Z] >>> [apiv2][query] GET https://cloudfunctions.googleapis.com/v1/operations/d2lmaWNvbnRlbnQtMTQzZGEvdXMtY2VudHJhbDEvbW9kZXJhdGVNZWRpYS9uc1JjOTRjYXRnYw [none]
[debug] [2026-06-12T03:52:32.324Z] <<< [apiv2][status] GET https://cloudfunctions.googleapis.com/v1/operations/d2lmaWNvbnRlbnQtMTQzZGEvdXMtY2VudHJhbDEvbW9kZXJhdGVNZWRpYS9uc1JjOTRjYXRnYw 200
[debug] [2026-06-12T03:52:32.324Z] <<< [apiv2][body] GET https://cloudfunctions.googleapis.com/v1/operations/d2lmaWNvbnRlbnQtMTQzZGEvdXMtY2VudHJhbDEvbW9kZXJhdGVNZWRpYS9uc1JjOTRjYXRnYw {"name":"operations/d2lmaWNvbnRlbnQtMTQzZGEvdXMtY2VudHJhbDEvbW9kZXJhdGVNZWRpYS9uc1JjOTRjYXRnYw","metadata":{"@type":"type.googleapis.com/google.cloud.functions.v1.OperationMetadataV1","target":"projects/wificontent-143da/locations/us-central1/functions/moderateMedia","type":"UPDATE_FUNCTION","request":{"@type":"type.googleapis.com/google.cloud.functions.v1.CloudFunction","name":"projects/wificontent-143da/locations/us-central1/functions/moderateMedia","httpsTrigger":{"url":"https://us-central1-wificontent-143da.cloudfunctions.net/moderateMedia","securityLevel":"SECURE_ALWAYS"},"status":"ACTIVE","entryPoint":"moderateMedia","timeout":"180s","availableMemoryMb":512,"updateTime":"2026-06-04T13:21:58.566Z","versionId":"11","labels":{"deployment-tool":"cli-firebase","deployment-callable":"true","firebase-functions-hash":"1cafcc6931136bc8fac1115b6732069a832ba6b1"},"sourceUploadUrl":"https://storage.googleapis.com/uploads-692370461028.us-central1.cloudfunctions.appspot.com/4436f6aa-1e4b-40fa-8a94-60d055a1c725.zip?GoogleAccessId=service-158237266758@gcf-admin-robot.iam.gserviceaccount.com&Expires=1781238114&Signature=DkrHjDE%2BbtV6oKS1GQlRcqSOI%2B3VlYtP33tXN3kx%2Fav25M5%2FU3R0TaZubs8hZYXtSqWOv%2BqmoaBPVOTPaS1Ttfhk7LGEG74r6F2blyf%2FEH98MGik0ZfVMIbEIcnTK0tBP1PWAObrpPeJdrVgZvP7vGkQ%2BF0BgVAferQC93xeGbIz1xwySdqJjg94XXTyZOXKlbdSu8UPZxzL%2Br4%2Fn7p%2BZmJv5u6wtwTb6tS4wgGre4774xcNPaszeR5UkBMz85JsD%2FWpzoiFnbJQ4WY2jcWy5QjJlaUeO8R5hgnXqs6tuX8yvWiUU9%2BqFvK5hfuP%2BOPCxIMCKmfy5opSphpUy21zKw%3D%3D","environmentVariables":{"FIREBASE_CONFIG":"{\"projectId\":\"wificontent-143da\",\"databaseURL\":\"https://wificontent-143da-default-rtdb.firebaseio.com\",\"storageBucket\":\"wificontent-143da.firebasestorage.app\"}","GCLOUD_PROJECT":"wificontent-143da","EVENTARC_CLOUD_EVENT_SOURCE":"projects/wificontent-143da/locations/us-central1/functions/moderateMedia"},"runtime":"nodejs20","buildId":"131c799e-fb82-4468-b64c-2eaf28f8c7c1","buildEnvironmentVariables":{"GOOGLE_NODE_RUN_SCRIPTS":""},"secretEnvironmentVariables":[{"key":"VISION_SA_KEY","projectId":"wificontent-143da","secret":"VISION_SA_KEY","version":"1"}],"buildName":"projects/158237266758/locations/us-central1/builds/131c799e-fb82-4468-b64c-2eaf28f8c7c1","dockerRegistry":"ARTIFACT_REGISTRY","automaticUpdatePolicy":{},"buildServiceAccount":"projects/wificontent-143da/serviceAccounts/158237266758-compute@developer.gserviceaccount.com"},"versionId":"13","updateTime":"2026-06-12T03:52:24Z","buildId":"58bc944e-b0b2-4d48-b663-ec11a34bf4de","buildName":"projects/158237266758/locations/us-central1/builds/58bc944e-b0b2-4d48-b663-ec11a34bf4de"},"done":true,"error":{"code":3,"message":"Build failed: npm error code EUSAGE\nnpm error\nnpm error `npm ci` can only install packages when your package.json and package-lock.json or npm-shrinkwrap.json are in sync. Please update your lock file with `npm install` before continuing.\nnpm error\nnpm error Missing: acorn@8.17.0 from lock file\nnpm error Missing: @types/markdown-it@14.1.2 from lock file\nnpm error Missing: markdown-it@14.2.0 from lock file\nnpm error\nnpm error Clean install a project\nnpm error\nnpm error Usage:\nnpm error npm ci\nnpm error\nnpm error Options:\nnpm error [--install-strategy <hoisted|nested|shallow|linked>] [--legacy-bundling]\nnpm error [--global-style] [--omit <dev|optional|peer> [--omit <dev|optional|peer> ...]]\nnpm error [--include <prod|dev|optional|peer> [--include <prod|dev|optional|peer> ...]]\nnpm error [--strict-peer-deps] [--foreground-scripts] [--ignore-scripts] [--no-audit]\nnpm error [--no-bin-links] [--no-fund] [--dry-run]\nnpm error [-w|--workspace <workspace-name> [-w|--workspace <workspace-name> ...]]\nnpm error [-ws|--workspaces] [--include-workspace-root] [--install-links]\nnpm error\nnpm error aliases: clean-install, ic, install-clean, isntall-clean\nnpm error\nnpm error Run \"npm help ci\" for more info\nnpm error A complete log of this run can be found in: /www-data-home/.npm/_logs/2026-06-12T03_52_10_471Z-debug-0.log; Error ID: 7fa33aaa"}}
[debug] [2026-06-12T03:52:32.324Z] Got source token undefined for region us-central1
[error] Build failed: npm error code EUSAGE
npm error
npm error `npm ci` can only install packages when your package.json and package-lock.json or npm-shrinkwrap.json are in sync. Please update your lock file with `npm install` before continuing.
npm error
npm error Missing: acorn@8.17.0 from lock file
npm error Missing: @types/markdown-it@14.1.2 from lock file
npm error Missing: markdown-it@14.2.0 from lock file
npm error
npm error Clean install a project
npm error
npm error Usage:
npm error npm ci
npm error
npm error Options:
npm error [--install-strategy <hoisted|nested|shallow|linked>] [--legacy-bundling]
npm error [--global-style] [--omit <dev|optional|peer> [--omit <dev|optional|peer> ...]]
npm error [--include <prod|dev|optional|peer> [--include <prod|dev|optional|peer> ...]]
npm error [--strict-peer-deps] [--foreground-scripts] [--ignore-scripts] [--no-audit]
npm error [--no-bin-links] [--no-fund] [--dry-run]
npm error [-w|--workspace <workspace-name> [-w|--workspace <workspace-name> ...]]
npm error [-ws|--workspaces] [--include-workspace-root] [--install-links]
npm error
npm error aliases: clean-install, ic, install-clean, isntall-clean
npm error
npm error Run "npm help ci" for more info
npm error A complete log of this run can be found in: /www-data-home/.npm/_logs/2026-06-12T03_52_10_471Z-debug-0.log; Error ID: 7fa33aaa
[debug] [2026-06-12T03:52:42.068Z] [create-default-us-central1-enforceUserPostLimit] Retrying task index 0
[debug] [2026-06-12T03:52:42.069Z] Checked if tokens are valid: true, expires at: 1781239710613
[debug] [2026-06-12T03:52:42.069Z] Checked if tokens are valid: true, expires at: 1781239710613
[debug] [2026-06-12T03:52:42.069Z] >>> [apiv2][query] GET https://cloudfunctions.googleapis.com/v1/operations/cHJvamVjdHMvd2lmaWNvbnRlbnQtMTQzZGEvbG9jYXRpb25zL3VzLWNlbnRyYWwxL29wZXJhdGlvbnMvb3BlcmF0aW9uLTE3ODEyMzYzMTQ5MTAtNjU0MDY2NWNmYWY5ZS02NWYxMGIyZS1jMDAzNzcxOQ [none]
[debug] [2026-06-12T03:52:42.293Z] <<< [apiv2][status] GET https://cloudfunctions.googleapis.com/v1/operations/cHJvamVjdHMvd2lmaWNvbnRlbnQtMTQzZGEvbG9jYXRpb25zL3VzLWNlbnRyYWwxL29wZXJhdGlvbnMvb3BlcmF0aW9uLTE3ODEyMzYzMTQ5MTAtNjU0MDY2NWNmYWY5ZS02NWYxMGIyZS1jMDAzNzcxOQ 200
[debug] [2026-06-12T03:52:42.293Z] <<< [apiv2][body] GET https://cloudfunctions.googleapis.com/v1/operations/cHJvamVjdHMvd2lmaWNvbnRlbnQtMTQzZGEvbG9jYXRpb25zL3VzLWNlbnRyYWwxL29wZXJhdGlvbnMvb3BlcmF0aW9uLTE3ODEyMzYzMTQ5MTAtNjU0MDY2NWNmYWY5ZS02NWYxMGIyZS1jMDAzNzcxOQ {"name":"operations/cHJvamVjdHMvd2lmaWNvbnRlbnQtMTQzZGEvbG9jYXRpb25zL3VzLWNlbnRyYWwxL29wZXJhdGlvbnMvb3BlcmF0aW9uLTE3ODEyMzYzMTQ5MTAtNjU0MDY2NWNmYWY5ZS02NWYxMGIyZS1jMDAzNzcxOQ","metadata":{"@type":"type.googleapis.com/google.cloud.functions.v1.OperationMetadataV1","target":"projects/wificontent-143da/locations/us-central1/functions/enforceUserPostLimit","type":"CREATE_FUNCTION","request":{"@type":"type.googleapis.com/google.cloud.functions.v1.CloudFunction","name":"projects/wificontent-143da/locations/us-central1/functions/enforceUserPostLimit","eventTrigger":{"eventType":"providers/google.firebase.database/eventTypes/ref.create","resource":"projects/_/instances/wificontent-143da-default-rtdb/refs/posts/{postId}","failurePolicy":{}},"entryPoint":"enforceUserPostLimit","updateTime":"1970-01-01T00:00:00Z","labels":{"deployment-tool":"cli-firebase","firebase-functions-hash":"f04f99181a37ddd0deea7a83159d393e6ce5c944"},"sourceUploadUrl":"https://storage.googleapis.com/uploads-692370461028.us-central1.cloudfunctions.appspot.com/4436f6aa-1e4b-40fa-8a94-60d055a1c725.zip?GoogleAccessId=service-158237266758@gcf-admin-robot.iam.gserviceaccount.com&Expires=1781238114&Signature=DkrHjDE%2BbtV6oKS1GQlRcqSOI%2B3VlYtP33tXN3kx%2Fav25M5%2FU3R0TaZubs8hZYXtSqWOv%2BqmoaBPVOTPaS1Ttfhk7LGEG74r6F2blyf%2FEH98MGik0ZfVMIbEIcnTK0tBP1PWAObrpPeJdrVgZvP7vGkQ%2BF0BgVAferQC93xeGbIz1xwySdqJjg94XXTyZOXKlbdSu8UPZxzL%2Br4%2Fn7p%2BZmJv5u6wtwTb6tS4wgGre4774xcNPaszeR5UkBMz85JsD%2FWpzoiFnbJQ4WY2jcWy5QjJlaUeO8R5hgnXqs6tuX8yvWiUU9%2BqFvK5hfuP%2BOPCxIMCKmfy5opSphpUy21zKw%3D%3D","environmentVariables":{"FIREBASE_CONFIG":"{\"projectId\":\"wificontent-143da\",\"databaseURL\":\"https://wificontent-143da-default-rtdb.firebaseio.com\",\"storageBucket\":\"wificontent-143da.firebasestorage.app\"}","GCLOUD_PROJECT":"wificontent-143da","EVENTARC_CLOUD_EVENT_SOURCE":"projects/wificontent-143da/locations/us-central1/functions/enforceUserPostLimit"},"runtime":"nodejs20","buildEnvironmentVariables":{"GOOGLE_NODE_RUN_SCRIPTS":""},"dockerRegistry":"ARTIFACT_REGISTRY"},"versionId":"1","updateTime":"2026-06-12T03:52:35.381193249Z","buildId":"b3842d93-17f5-4b30-acc1-808b50349c0b","buildName":"projects/158237266758/locations/us-central1/builds/b3842d93-17f5-4b30-acc1-808b50349c0b"},"done":true,"error":{"code":3,"message":"Gen1 operation for function projects/wificontent-143da/locations/us-central1/functions/enforceUserPostLimit failed: Build failed: npm error code EUSAGE\nnpm error\nnpm error `npm ci` can only install packages when your package.json and package-lock.json or npm-shrinkwrap.json are in sync. Please update your lock file with `npm install` before continuing.\nnpm error\nnpm error Missing: acorn@8.17.0 from lock file\nnpm error Missing: @types/markdown-it@14.1.2 from lock file\nnpm error Missing: markdown-it@14.2.0 from lock file\nnpm error\nnpm error Clean install a project\nnpm error\nnpm error Usage:\nnpm error npm ci\nnpm error\nnpm error Options:\nnpm error [--install-strategy <hoisted|nested|shallow|linked>] [--legacy-bundling]\nnpm error [--global-style] [--omit <dev|optional|peer> [--omit <dev|optional|peer> ...]]\nnpm error [--include <prod|dev|optional|peer> [--include <prod|dev|optional|peer> ...]]\nnpm error [--strict-peer-deps] [--foreground-scripts] [--ignore-scripts] [--no-audit]\nnpm error [--no-bin-links] [--no-fund] [--dry-run]\nnpm error [-w|--workspace <workspace-name> [-w|--workspace <workspace-name> ...]]\nnpm error [-ws|--workspaces] [--include-workspace-root] [--install-links]\nnpm error\nnpm error aliases: clean-install, ic, install-clean, isntall-clean\nnpm error\nnpm error Run \"npm help ci\" for more info\nnpm error A complete log of this run can be found in: /www-data-home/.npm/_logs/2026-06-12T03_52_13_454Z-debug-0.log; Error ID: 7fa33aaa."}}
[debug] [2026-06-12T03:52:42.293Z] Got source token undefined for region us-central1
[debug] [2026-06-12T03:52:42.293Z] Checked if tokens are valid: true, expires at: 1781239710613
[debug] [2026-06-12T03:52:42.293Z] Checked if tokens are valid: true, expires at: 1781239710613
[debug] [2026-06-12T03:52:42.293Z] Checked if tokens are valid: true, expires at: 1781239710613
[debug] [2026-06-12T03:52:42.293Z] Checked if tokens are valid: true, expires at: 1781239710613
[debug] [2026-06-12T03:52:42.293Z] Checked if tokens are valid: true, expires at: 1781239710613
[debug] [2026-06-12T03:52:42.293Z] Checked if tokens are valid: true, expires at: 1781239710613
[debug] [2026-06-12T03:52:42.294Z] Checked if tokens are valid: true, expires at: 1781239710613
[debug] [2026-06-12T03:52:42.294Z] Checked if tokens are valid: true, expires at: 1781239710613
[debug] [2026-06-12T03:52:42.294Z] Checked if tokens are valid: true, expires at: 1781239710613
[debug] [2026-06-12T03:52:42.294Z] Checked if tokens are valid: true, expires at: 1781239710613
[debug] [2026-06-12T03:52:42.294Z] Checked if tokens are valid: true, expires at: 1781239710613
[debug] [2026-06-12T03:52:42.294Z] Checked if tokens are valid: true, expires at: 1781239710613
[debug] [2026-06-12T03:52:42.294Z] Checked if tokens are valid: true, expires at: 1781239710613
[debug] [2026-06-12T03:52:42.294Z] Checked if tokens are valid: true, expires at: 1781239710613
[debug] [2026-06-12T03:52:42.294Z] Checked if tokens are valid: true, expires at: 1781239710613
[debug] [2026-06-12T03:52:42.294Z] Checked if tokens are valid: true, expires at: 1781239710613
[debug] [2026-06-12T03:52:42.294Z] Checked if tokens are valid: true, expires at: 1781239710613
[debug] [2026-06-12T03:52:42.294Z] Checked if tokens are valid: true, expires at: 1781239710613
[debug] [2026-06-12T03:52:42.295Z] >>> [apiv2][query] POST https://cloudfunctions.googleapis.com/v1/projects/wificontent-143da/locations/us-central1/functions [none]
[debug] [2026-06-12T03:52:42.295Z] >>> [apiv2][body] POST https://cloudfunctions.googleapis.com/v1/projects/wificontent-143da/locations/us-central1/functions {"name":"projects/wificontent-143da/locations/us-central1/functions/postMetricsAggregator","sourceUploadUrl":"https://storage.googleapis.com/uploads-692370461028.us-central1.cloudfunctions.appspot.com/4436f6aa-1e4b-40fa-8a94-60d055a1c725.zip?GoogleAccessId=service-158237266758@gcf-admin-robot.iam.gserviceaccount.com&Expires=1781238114&Signature=DkrHjDE%2BbtV6oKS1GQlRcqSOI%2B3VlYtP33tXN3kx%2Fav25M5%2FU3R0TaZubs8hZYXtSqWOv%2BqmoaBPVOTPaS1Ttfhk7LGEG74r6F2blyf%2FEH98MGik0ZfVMIbEIcnTK0tBP1PWAObrpPeJdrVgZvP7vGkQ%2BF0BgVAferQC93xeGbIz1xwySdqJjg94XXTyZOXKlbdSu8UPZxzL%2Br4%2Fn7p%2BZmJv5u6wtwTb6tS4wgGre4774xcNPaszeR5UkBMz85JsD%2FWpzoiFnbJQ4WY2jcWy5QjJlaUeO8R5hgnXqs6tuX8yvWiUU9%2BqFvK5hfuP%2BOPCxIMCKmfy5opSphpUy21zKw%3D%3D","entryPoint":"postMetricsAggregator","runtime":"nodejs20","dockerRegistry":"ARTIFACT_REGISTRY","labels":{"deployment-tool":"cli-firebase","firebase-functions-hash":"f04f99181a37ddd0deea7a83159d393e6ce5c944"},"eventTrigger":{"eventType":"providers/google.firebase.database/eventTypes/ref.create","resource":"projects/_/instances/wificontent-143da-default-rtdb/refs/posts/{postId}"},"minInstances":null,"maxInstances":null,"ingressSettings":null,"environmentVariables":{"FIREBASE_CONFIG":"{\"projectId\":\"wificontent-143da\",\"databaseURL\":\"https://wificontent-143da-default-rtdb.firebaseio.com\",\"storageBucket\":\"wificontent-143da.firebasestorage.app\"}","GCLOUD_PROJECT":"wificontent-143da","EVENTARC_CLOUD_EVENT_SOURCE":"projects/wificontent-143da/locations/us-central1/functions/postMetricsAggregator"},"serviceAccountEmail":null,"availableMemoryMb":null,"timeout":null,"vpcConnector":null,"vpcConnectorEgressSettings":null,"buildEnvironmentVariables":{"GOOGLE_NODE_RUN_SCRIPTS":""}}
[debug] [2026-06-12T03:52:42.295Z] >>> [apiv2][query] POST https://cloudfunctions.googleapis.com/v1/projects/wificontent-143da/locations/us-central1/functions [none]
[debug] [2026-06-12T03:52:42.295Z] >>> [apiv2][body] POST https://cloudfunctions.googleapis.com/v1/projects/wificontent-143da/locations/us-central1/functions {"name":"projects/wificontent-143da/locations/us-central1/functions/consumeUserBadgeOnPostCreate","sourceUploadUrl":"https://storage.googleapis.com/uploads-692370461028.us-central1.cloudfunctions.appspot.com/4436f6aa-1e4b-40fa-8a94-60d055a1c725.zip?GoogleAccessId=service-158237266758@gcf-admin-robot.iam.gserviceaccount.com&Expires=1781238114&Signature=DkrHjDE%2BbtV6oKS1GQlRcqSOI%2B3VlYtP33tXN3kx%2Fav25M5%2FU3R0TaZubs8hZYXtSqWOv%2BqmoaBPVOTPaS1Ttfhk7LGEG74r6F2blyf%2FEH98MGik0ZfVMIbEIcnTK0tBP1PWAObrpPeJdrVgZvP7vGkQ%2BF0BgVAferQC93xeGbIz1xwySdqJjg94XXTyZOXKlbdSu8UPZxzL%2Br4%2Fn7p%2BZmJv5u6wtwTb6tS4wgGre4774xcNPaszeR5UkBMz85JsD%2FWpzoiFnbJQ4WY2jcWy5QjJlaUeO8R5hgnXqs6tuX8yvWiUU9%2BqFvK5hfuP%2BOPCxIMCKmfy5opSphpUy21zKw%3D%3D","entryPoint":"consumeUserBadgeOnPostCreate","runtime":"nodejs20","dockerRegistry":"ARTIFACT_REGISTRY","labels":{"deployment-tool":"cli-firebase","firebase-functions-hash":"f04f99181a37ddd0deea7a83159d393e6ce5c944"},"eventTrigger":{"eventType":"providers/google.firebase.database/eventTypes/ref.create","resource":"projects/_/instances/wificontent-143da-default-rtdb/refs/posts/{postId}"},"minInstances":null,"maxInstances":null,"ingressSettings":null,"environmentVariables":{"FIREBASE_CONFIG":"{\"projectId\":\"wificontent-143da\",\"databaseURL\":\"https://wificontent-143da-default-rtdb.firebaseio.com\",\"storageBucket\":\"wificontent-143da.firebasestorage.app\"}","GCLOUD_PROJECT":"wificontent-143da","EVENTARC_CLOUD_EVENT_SOURCE":"projects/wificontent-143da/locations/us-central1/functions/consumeUserBadgeOnPostCreate"},"serviceAccountEmail":null,"availableMemoryMb":null,"timeout":null,"vpcConnector":null,"vpcConnectorEgressSettings":null,"buildEnvironmentVariables":{"GOOGLE_NODE_RUN_SCRIPTS":""}}
[debug] [2026-06-12T03:52:42.296Z] >>> [apiv2][query] POST https://cloudfunctions.googleapis.com/v1/projects/wificontent-143da/locations/us-central1/functions [none]
[debug] [2026-06-12T03:52:42.296Z] >>> [apiv2][body] POST https://cloudfunctions.googleapis.com/v1/projects/wificontent-143da/locations/us-central1/functions {"name":"projects/wificontent-143da/locations/us-central1/functions/cleanBadgesOnContentRemoval","sourceUploadUrl":"https://storage.googleapis.com/uploads-692370461028.us-central1.cloudfunctions.appspot.com/4436f6aa-1e4b-40fa-8a94-60d055a1c725.zip?GoogleAccessId=service-158237266758@gcf-admin-robot.iam.gserviceaccount.com&Expires=1781238114&Signature=DkrHjDE%2BbtV6oKS1GQlRcqSOI%2B3VlYtP33tXN3kx%2Fav25M5%2FU3R0TaZubs8hZYXtSqWOv%2BqmoaBPVOTPaS1Ttfhk7LGEG74r6F2blyf%2FEH98MGik0ZfVMIbEIcnTK0tBP1PWAObrpPeJdrVgZvP7vGkQ%2BF0BgVAferQC93xeGbIz1xwySdqJjg94XXTyZOXKlbdSu8UPZxzL%2Br4%2Fn7p%2BZmJv5u6wtwTb6tS4wgGre4774xcNPaszeR5UkBMz85JsD%2FWpzoiFnbJQ4WY2jcWy5QjJlaUeO8R5hgnXqs6tuX8yvWiUU9%2BqFvK5hfuP%2BOPCxIMCKmfy5opSphpUy21zKw%3D%3D","entryPoint":"cleanBadgesOnContentRemoval","runtime":"nodejs20","dockerRegistry":"ARTIFACT_REGISTRY","labels":{"deployment-tool":"cli-firebase","firebase-functions-hash":"f04f99181a37ddd0deea7a83159d393e6ce5c944"},"eventTrigger":{"eventType":"providers/google.firebase.database/eventTypes/ref.write","resource":"projects/_/instances/wificontent-143da-default-rtdb/refs/posts/{postId}/content"},"minInstances":null,"maxInstances":null,"ingressSettings":null,"environmentVariables":{"FIREBASE_CONFIG":"{\"projectId\":\"wificontent-143da\",\"databaseURL\":\"https://wificontent-143da-default-rtdb.firebaseio.com\",\"storageBucket\":\"wificontent-143da.firebasestorage.app\"}","GCLOUD_PROJECT":"wificontent-143da","EVENTARC_CLOUD_EVENT_SOURCE":"projects/wificontent-143da/locations/us-central1/functions/cleanBadgesOnContentRemoval"},"serviceAccountEmail":null,"availableMemoryMb":null,"timeout":null,"vpcConnector":null,"vpcConnectorEgressSettings":null,"buildEnvironmentVariables":{"GOOGLE_NODE_RUN_SCRIPTS":""}}
[debug] [2026-06-12T03:52:42.298Z] >>> [apiv2][query] PATCH https://cloudfunctions.googleapis.com/v1/projects/wificontent-143da/locations/us-central1/functions/api updateMask=name%2CsourceUploadUrl%2CentryPoint%2Cruntime%2CdockerRegistry%2Clabels%2ChttpsTrigger.securityLevel%2CminInstances%2CmaxInstances%2CingressSettings%2CenvironmentVariables%2CserviceAccountEmail%2CavailableMemoryMb%2Ctimeout%2CvpcConnector%2CvpcConnectorEgressSettings%2CsourceToken%2CbuildEnvironmentVariables
[debug] [2026-06-12T03:52:42.298Z] >>> [apiv2][body] PATCH https://cloudfunctions.googleapis.com/v1/projects/wificontent-143da/locations/us-central1/functions/api {"name":"projects/wificontent-143da/locations/us-central1/functions/api","sourceUploadUrl":"https://storage.googleapis.com/uploads-692370461028.us-central1.cloudfunctions.appspot.com/4436f6aa-1e4b-40fa-8a94-60d055a1c725.zip?GoogleAccessId=service-158237266758@gcf-admin-robot.iam.gserviceaccount.com&Expires=1781238114&Signature=DkrHjDE%2BbtV6oKS1GQlRcqSOI%2B3VlYtP33tXN3kx%2Fav25M5%2FU3R0TaZubs8hZYXtSqWOv%2BqmoaBPVOTPaS1Ttfhk7LGEG74r6F2blyf%2FEH98MGik0ZfVMIbEIcnTK0tBP1PWAObrpPeJdrVgZvP7vGkQ%2BF0BgVAferQC93xeGbIz1xwySdqJjg94XXTyZOXKlbdSu8UPZxzL%2Br4%2Fn7p%2BZmJv5u6wtwTb6tS4wgGre4774xcNPaszeR5UkBMz85JsD%2FWpzoiFnbJQ4WY2jcWy5QjJlaUeO8R5hgnXqs6tuX8yvWiUU9%2BqFvK5hfuP%2BOPCxIMCKmfy5opSphpUy21zKw%3D%3D","entryPoint":"api","runtime":"nodejs20","dockerRegistry":"ARTIFACT_REGISTRY","labels":{"deployment-tool":"cli-firebase","firebase-functions-hash":"f04f99181a37ddd0deea7a83159d393e6ce5c944"},"httpsTrigger":{"securityLevel":"SECURE_ALWAYS"},"minInstances":null,"maxInstances":null,"ingressSettings":null,"environmentVariables":{"FIREBASE_CONFIG":"{\"projectId\":\"wificontent-143da\",\"databaseURL\":\"https://wificontent-143da-default-rtdb.firebaseio.com\",\"storageBucket\":\"wificontent-143da.firebasestorage.app\"}","GCLOUD_PROJECT":"wificontent-143da","EVENTARC_CLOUD_EVENT_SOURCE":"projects/wificontent-143da/locations/us-central1/functions/api"},"serviceAccountEmail":null,"availableMemoryMb":null,"timeout":null,"vpcConnector":null,"vpcConnectorEgressSettings":null,"buildEnvironmentVariables":{"GOOGLE_NODE_RUN_SCRIPTS":""}}
[debug] [2026-06-12T03:52:42.301Z] >>> [apiv2][query] PATCH https://cloudfunctions.googleapis.com/v1/projects/wificontent-143da/locations/us-central1/functions/createCheckoutSession updateMask=name%2CsourceUploadUrl%2CentryPoint%2Cruntime%2CdockerRegistry%2Clabels%2ChttpsTrigger.securityLevel%2CminInstances%2CmaxInstances%2CingressSettings%2CenvironmentVariables%2CsecretEnvironmentVariables%2CserviceAccountEmail%2CavailableMemoryMb%2Ctimeout%2CvpcConnector%2CvpcConnectorEgressSettings%2CsourceToken%2CbuildEnvironmentVariables
[debug] [2026-06-12T03:52:42.301Z] >>> [apiv2][body] PATCH https://cloudfunctions.googleapis.com/v1/projects/wificontent-143da/locations/us-central1/functions/createCheckoutSession {"name":"projects/wificontent-143da/locations/us-central1/functions/createCheckoutSession","sourceUploadUrl":"https://storage.googleapis.com/uploads-692370461028.us-central1.cloudfunctions.appspot.com/4436f6aa-1e4b-40fa-8a94-60d055a1c725.zip?GoogleAccessId=service-158237266758@gcf-admin-robot.iam.gserviceaccount.com&Expires=1781238114&Signature=DkrHjDE%2BbtV6oKS1GQlRcqSOI%2B3VlYtP33tXN3kx%2Fav25M5%2FU3R0TaZubs8hZYXtSqWOv%2BqmoaBPVOTPaS1Ttfhk7LGEG74r6F2blyf%2FEH98MGik0ZfVMIbEIcnTK0tBP1PWAObrpPeJdrVgZvP7vGkQ%2BF0BgVAferQC93xeGbIz1xwySdqJjg94XXTyZOXKlbdSu8UPZxzL%2Br4%2Fn7p%2BZmJv5u6wtwTb6tS4wgGre4774xcNPaszeR5UkBMz85JsD%2FWpzoiFnbJQ4WY2jcWy5QjJlaUeO8R5hgnXqs6tuX8yvWiUU9%2BqFvK5hfuP%2BOPCxIMCKmfy5opSphpUy21zKw%3D%3D","entryPoint":"createCheckoutSession","runtime":"nodejs20","dockerRegistry":"ARTIFACT_REGISTRY","labels":{"deployment-tool":"cli-firebase","firebase-functions-hash":"16c76575d73ded68adb989e0bab01fa6f6fd5eab"},"httpsTrigger":{"securityLevel":"SECURE_ALWAYS"},"minInstances":null,"maxInstances":null,"ingressSettings":null,"environmentVariables":{"FIREBASE_CONFIG":"{\"projectId\":\"wificontent-143da\",\"databaseURL\":\"https://wificontent-143da-default-rtdb.firebaseio.com\",\"storageBucket\":\"wificontent-143da.firebasestorage.app\"}","GCLOUD_PROJECT":"wificontent-143da","EVENTARC_CLOUD_EVENT_SOURCE":"projects/wificontent-143da/locations/us-central1/functions/createCheckoutSession"},"secretEnvironmentVariables":[{"key":"STRIPE_SECRET","secret":"STRIPE_SECRET","projectId":"wificontent-143da","version":"1"}],"serviceAccountEmail":null,"availableMemoryMb":null,"timeout":null,"vpcConnector":null,"vpcConnectorEgressSettings":null,"buildEnvironmentVariables":{"GOOGLE_NODE_RUN_SCRIPTS":""}}
[debug] [2026-06-12T03:52:42.303Z] >>> [apiv2][query] PATCH https://cloudfunctions.googleapis.com/v1/projects/wificontent-143da/locations/us-central1/functions/createCheckoutSessionCallable updateMask=name%2CsourceUploadUrl%2CentryPoint%2Cruntime%2CdockerRegistry%2Clabels%2ChttpsTrigger.securityLevel%2CminInstances%2CmaxInstances%2CingressSettings%2CenvironmentVariables%2CsecretEnvironmentVariables%2CserviceAccountEmail%2CavailableMemoryMb%2Ctimeout%2CvpcConnector%2CvpcConnectorEgressSettings%2CsourceToken%2CbuildEnvironmentVariables
[debug] [2026-06-12T03:52:42.303Z] >>> [apiv2][body] PATCH https://cloudfunctions.googleapis.com/v1/projects/wificontent-143da/locations/us-central1/functions/createCheckoutSessionCallable {"name":"projects/wificontent-143da/locations/us-central1/functions/createCheckoutSessionCallable","sourceUploadUrl":"https://storage.googleapis.com/uploads-692370461028.us-central1.cloudfunctions.appspot.com/4436f6aa-1e4b-40fa-8a94-60d055a1c725.zip?GoogleAccessId=service-158237266758@gcf-admin-robot.iam.gserviceaccount.com&Expires=1781238114&Signature=DkrHjDE%2BbtV6oKS1GQlRcqSOI%2B3VlYtP33tXN3kx%2Fav25M5%2FU3R0TaZubs8hZYXtSqWOv%2BqmoaBPVOTPaS1Ttfhk7LGEG74r6F2blyf%2FEH98MGik0ZfVMIbEIcnTK0tBP1PWAObrpPeJdrVgZvP7vGkQ%2BF0BgVAferQC93xeGbIz1xwySdqJjg94XXTyZOXKlbdSu8UPZxzL%2Br4%2Fn7p%2BZmJv5u6wtwTb6tS4wgGre4774xcNPaszeR5UkBMz85JsD%2FWpzoiFnbJQ4WY2jcWy5QjJlaUeO8R5hgnXqs6tuX8yvWiUU9%2BqFvK5hfuP%2BOPCxIMCKmfy5opSphpUy21zKw%3D%3D","entryPoint":"createCheckoutSessionCallable","runtime":"nodejs20","dockerRegistry":"ARTIFACT_REGISTRY","labels":{"deployment-tool":"cli-firebase","deployment-callable":"true","firebase-functions-hash":"16c76575d73ded68adb989e0bab01fa6f6fd5eab"},"httpsTrigger":{"securityLevel":"SECURE_ALWAYS"},"minInstances":null,"maxInstances":null,"ingressSettings":null,"environmentVariables":{"FIREBASE_CONFIG":"{\"projectId\":\"wificontent-143da\",\"databaseURL\":\"https://wificontent-143da-default-rtdb.firebaseio.com\",\"storageBucket\":\"wificontent-143da.firebasestorage.app\"}","GCLOUD_PROJECT":"wificontent-143da","EVENTARC_CLOUD_EVENT_SOURCE":"projects/wificontent-143da/locations/us-central1/functions/createCheckoutSessionCallable"},"secretEnvironmentVariables":[{"key":"STRIPE_SECRET","secret":"STRIPE_SECRET","projectId":"wificontent-143da","version":"1"}],"serviceAccountEmail":null,"availableMemoryMb":null,"timeout":null,"vpcConnector":null,"vpcConnectorEgressSettings":null,"buildEnvironmentVariables":{"GOOGLE_NODE_RUN_SCRIPTS":""}}
[debug] [2026-06-12T03:52:42.304Z] >>> [apiv2][query] PATCH https://cloudfunctions.googleapis.com/v1/projects/wificontent-143da/locations/us-central1/functions/getCheckoutSessionResult updateMask=name%2CsourceUploadUrl%2CentryPoint%2Cruntime%2CdockerRegistry%2Clabels%2ChttpsTrigger.securityLevel%2CminInstances%2CmaxInstances%2CingressSettings%2CenvironmentVariables%2CsecretEnvironmentVariables%2CserviceAccountEmail%2CavailableMemoryMb%2Ctimeout%2CvpcConnector%2CvpcConnectorEgressSettings%2CsourceToken%2CbuildEnvironmentVariables
[debug] [2026-06-12T03:52:42.304Z] >>> [apiv2][body] PATCH https://cloudfunctions.googleapis.com/v1/projects/wificontent-143da/locations/us-central1/functions/getCheckoutSessionResult {"name":"projects/wificontent-143da/locations/us-central1/functions/getCheckoutSessionResult","sourceUploadUrl":"https://storage.googleapis.com/uploads-692370461028.us-central1.cloudfunctions.appspot.com/4436f6aa-1e4b-40fa-8a94-60d055a1c725.zip?GoogleAccessId=service-158237266758@gcf-admin-robot.iam.gserviceaccount.com&Expires=1781238114&Signature=DkrHjDE%2BbtV6oKS1GQlRcqSOI%2B3VlYtP33tXN3kx%2Fav25M5%2FU3R0TaZubs8hZYXtSqWOv%2BqmoaBPVOTPaS1Ttfhk7LGEG74r6F2blyf%2FEH98MGik0ZfVMIbEIcnTK0tBP1PWAObrpPeJdrVgZvP7vGkQ%2BF0BgVAferQC93xeGbIz1xwySdqJjg94XXTyZOXKlbdSu8UPZxzL%2Br4%2Fn7p%2BZmJv5u6wtwTb6tS4wgGre4774xcNPaszeR5UkBMz85JsD%2FWpzoiFnbJQ4WY2jcWy5QjJlaUeO8R5hgnXqs6tuX8yvWiUU9%2BqFvK5hfuP%2BOPCxIMCKmfy5opSphpUy21zKw%3D%3D","entryPoint":"getCheckoutSessionResult","runtime":"nodejs20","dockerRegistry":"ARTIFACT_REGISTRY","labels":{"deployment-tool":"cli-firebase","deployment-callable":"true","firebase-functions-hash":"16c76575d73ded68adb989e0bab01fa6f6fd5eab"},"httpsTrigger":{"securityLevel":"SECURE_ALWAYS"},"minInstances":null,"maxInstances":null,"ingressSettings":null,"environmentVariables":{"FIREBASE_CONFIG":"{\"projectId\":\"wificontent-143da\",\"databaseURL\":\"https://wificontent-143da-default-rtdb.firebaseio.com\",\"storageBucket\":\"wificontent-143da.firebasestorage.app\"}","GCLOUD_PROJECT":"wificontent-143da","EVENTARC_CLOUD_EVENT_SOURCE":"projects/wificontent-143da/locations/us-central1/functions/getCheckoutSessionResult"},"secretEnvironmentVariables":[{"key":"STRIPE_SECRET","secret":"STRIPE_SECRET","projectId":"wificontent-143da","version":"1"}],"serviceAccountEmail":null,"availableMemoryMb":null,"timeout":null,"vpcConnector":null,"vpcConnectorEgressSettings":null,"buildEnvironmentVariables":{"GOOGLE_NODE_RUN_SCRIPTS":""}}
[debug] [2026-06-12T03:52:42.305Z] >>> [apiv2][query] PATCH https://cloudfunctions.googleapis.com/v1/projects/wificontent-143da/locations/us-central1/functions/handleStripeWebhook updateMask=name%2CsourceUploadUrl%2CentryPoint%2Cruntime%2CdockerRegistry%2Clabels%2ChttpsTrigger.securityLevel%2CminInstances%2CmaxInstances%2CingressSettings%2CenvironmentVariables%2CsecretEnvironmentVariables%2CserviceAccountEmail%2CavailableMemoryMb%2Ctimeout%2CvpcConnector%2CvpcConnectorEgressSettings%2CsourceToken%2CbuildEnvironmentVariables
[debug] [2026-06-12T03:52:42.305Z] >>> [apiv2][body] PATCH https://cloudfunctions.googleapis.com/v1/projects/wificontent-143da/locations/us-central1/functions/handleStripeWebhook {"name":"projects/wificontent-143da/locations/us-central1/functions/handleStripeWebhook","sourceUploadUrl":"https://storage.googleapis.com/uploads-692370461028.us-central1.cloudfunctions.appspot.com/4436f6aa-1e4b-40fa-8a94-60d055a1c725.zip?GoogleAccessId=service-158237266758@gcf-admin-robot.iam.gserviceaccount.com&Expires=1781238114&Signature=DkrHjDE%2BbtV6oKS1GQlRcqSOI%2B3VlYtP33tXN3kx%2Fav25M5%2FU3R0TaZubs8hZYXtSqWOv%2BqmoaBPVOTPaS1Ttfhk7LGEG74r6F2blyf%2FEH98MGik0ZfVMIbEIcnTK0tBP1PWAObrpPeJdrVgZvP7vGkQ%2BF0BgVAferQC93xeGbIz1xwySdqJjg94XXTyZOXKlbdSu8UPZxzL%2Br4%2Fn7p%2BZmJv5u6wtwTb6tS4wgGre4774xcNPaszeR5UkBMz85JsD%2FWpzoiFnbJQ4WY2jcWy5QjJlaUeO8R5hgnXqs6tuX8yvWiUU9%2BqFvK5hfuP%2BOPCxIMCKmfy5opSphpUy21zKw%3D%3D","entryPoint":"handleStripeWebhook","runtime":"nodejs20","dockerRegistry":"ARTIFACT_REGISTRY","labels":{"deployment-tool":"cli-firebase","firebase-functions-hash":"823af96df830f3f75c86b6355a997e6cb543b5fa"},"httpsTrigger":{"securityLevel":"SECURE_ALWAYS"},"minInstances":null,"maxInstances":null,"ingressSettings":null,"environmentVariables":{"FIREBASE_CONFIG":"{\"projectId\":\"wificontent-143da\",\"databaseURL\":\"https://wificontent-143da-default-rtdb.firebaseio.com\",\"storageBucket\":\"wificontent-143da.firebasestorage.app\"}","GCLOUD_PROJECT":"wificontent-143da","EVENTARC_CLOUD_EVENT_SOURCE":"projects/wificontent-143da/locations/us-central1/functions/handleStripeWebhook"},"secretEnvironmentVariables":[{"key":"STRIPE_SECRET","secret":"STRIPE_SECRET","projectId":"wificontent-143da","version":"1"},{"key":"STRIPE_WEBHOOK_SECRET","secret":"STRIPE_WEBHOOK_SECRET","projectId":"wificontent-143da","version":"1"}],"serviceAccountEmail":null,"availableMemoryMb":null,"timeout":null,"vpcConnector":null,"vpcConnectorEgressSettings":null,"buildEnvironmentVariables":{"GOOGLE_NODE_RUN_SCRIPTS":""}}
[debug] [2026-06-12T03:52:42.306Z] >>> [apiv2][query] PATCH https://cloudfunctions.googleapis.com/v1/projects/wificontent-143da/locations/us-central1/functions/createPaymentIntent updateMask=name%2CsourceUploadUrl%2CentryPoint%2Cruntime%2CdockerRegistry%2Clabels%2ChttpsTrigger.securityLevel%2CminInstances%2CmaxInstances%2CingressSettings%2CenvironmentVariables%2CsecretEnvironmentVariables%2CserviceAccountEmail%2CavailableMemoryMb%2Ctimeout%2CvpcConnector%2CvpcConnectorEgressSettings%2CsourceToken%2CbuildEnvironmentVariables
[debug] [2026-06-12T03:52:42.306Z] >>> [apiv2][body] PATCH https://cloudfunctions.googleapis.com/v1/projects/wificontent-143da/locations/us-central1/functions/createPaymentIntent {"name":"projects/wificontent-143da/locations/us-central1/functions/createPaymentIntent","sourceUploadUrl":"https://storage.googleapis.com/uploads-692370461028.us-central1.cloudfunctions.appspot.com/4436f6aa-1e4b-40fa-8a94-60d055a1c725.zip?GoogleAccessId=service-158237266758@gcf-admin-robot.iam.gserviceaccount.com&Expires=1781238114&Signature=DkrHjDE%2BbtV6oKS1GQlRcqSOI%2B3VlYtP33tXN3kx%2Fav25M5%2FU3R0TaZubs8hZYXtSqWOv%2BqmoaBPVOTPaS1Ttfhk7LGEG74r6F2blyf%2FEH98MGik0ZfVMIbEIcnTK0tBP1PWAObrpPeJdrVgZvP7vGkQ%2BF0BgVAferQC93xeGbIz1xwySdqJjg94XXTyZOXKlbdSu8UPZxzL%2Br4%2Fn7p%2BZmJv5u6wtwTb6tS4wgGre4774xcNPaszeR5UkBMz85JsD%2FWpzoiFnbJQ4WY2jcWy5QjJlaUeO8R5hgnXqs6tuX8yvWiUU9%2BqFvK5hfuP%2BOPCxIMCKmfy5opSphpUy21zKw%3D%3D","entryPoint":"createPaymentIntent","runtime":"nodejs20","dockerRegistry":"ARTIFACT_REGISTRY","labels":{"deployment-tool":"cli-firebase","deployment-callable":"true","firebase-functions-hash":"16c76575d73ded68adb989e0bab01fa6f6fd5eab"},"httpsTrigger":{"securityLevel":"SECURE_ALWAYS"},"minInstances":null,"maxInstances":null,"ingressSettings":null,"environmentVariables":{"FIREBASE_CONFIG":"{\"projectId\":\"wificontent-143da\",\"databaseURL\":\"https://wificontent-143da-default-rtdb.firebaseio.com\",\"storageBucket\":\"wificontent-143da.firebasestorage.app\"}","GCLOUD_PROJECT":"wificontent-143da","EVENTARC_CLOUD_EVENT_SOURCE":"projects/wificontent-143da/locations/us-central1/functions/createPaymentIntent"},"secretEnvironmentVariables":[{"key":"STRIPE_SECRET","secret":"STRIPE_SECRET","projectId":"wificontent-143da","version":"1"}],"serviceAccountEmail":null,"availableMemoryMb":null,"timeout":null,"vpcConnector":null,"vpcConnectorEgressSettings":null,"buildEnvironmentVariables":{"GOOGLE_NODE_RUN_SCRIPTS":""}}
[error] Gen1 operation for function projects/wificontent-143da/locations/us-central1/functions/enforceUserPostLimit failed: Build failed: npm error code EUSAGE
npm error
npm error `npm ci` can only install packages when your package.json and package-lock.json or npm-shrinkwrap.json are in sync. Please update your lock file with `npm install` before continuing.
npm error
npm error Missing: acorn@8.17.0 from lock file
npm error Missing: @types/markdown-it@14.1.2 from lock file
npm error Missing: markdown-it@14.2.0 from lock file
npm error
npm error Clean install a project
npm error
npm error Usage:
npm error npm ci
npm error
npm error Options:
npm error [--install-strategy <hoisted|nested|shallow|linked>] [--legacy-bundling]
npm error [--global-style] [--omit <dev|optional|peer> [--omit <dev|optional|peer> ...]]
npm error [--include <prod|dev|optional|peer> [--include <prod|dev|optional|peer> ...]]
npm error [--strict-peer-deps] [--foreground-scripts] [--ignore-scripts] [--no-audit]
npm error [--no-bin-links] [--no-fund] [--dry-run]
npm error [-w|--workspace <workspace-name> [-w|--workspace <workspace-name> ...]]
npm error [-ws|--workspaces] [--include-workspace-root] [--install-links]
npm error
npm error aliases: clean-install, ic, install-clean, isntall-clean
npm error
npm error Run "npm help ci" for more info
npm error A complete log of this run can be found in: /www-data-home/.npm/_logs/2026-06-12T03_52_13_454Z-debug-0.log; Error ID: 7fa33aaa.
[debug] [2026-06-12T03:52:42.741Z] <<< [apiv2][status] PATCH https://cloudfunctions.googleapis.com/v1/projects/wificontent-143da/locations/us-central1/functions/getCheckoutSessionResult 200
[debug] [2026-06-12T03:52:42.741Z] <<< [apiv2][body] PATCH https://cloudfunctions.googleapis.com/v1/projects/wificontent-143da/locations/us-central1/functions/getCheckoutSessionResult {"name":"operations/d2lmaWNvbnRlbnQtMTQzZGEvdXMtY2VudHJhbDEvZ2V0Q2hlY2tvdXRTZXNzaW9uUmVzdWx0L2pncUhhSmpKV3hj","metadata":{"@type":"type.googleapis.com/google.cloud.functions.v1.OperationMetadataV1","target":"projects/wificontent-143da/locations/us-central1/functions/getCheckoutSessionResult","type":"UPDATE_FUNCTION","request":{"@type":"type.googleapis.com/google.cloud.functions.v1.CloudFunction","name":"projects/wificontent-143da/locations/us-central1/functions/getCheckoutSessionResult","httpsTrigger":{"url":"https://us-central1-wificontent-143da.cloudfunctions.net/getCheckoutSessionResult","securityLevel":"SECURE_ALWAYS"},"status":"ACTIVE","entryPoint":"getCheckoutSessionResult","updateTime":"2026-06-04T13:50:39.069Z","versionId":"1","labels":{"deployment-tool":"cli-firebase","deployment-callable":"true","firebase-functions-hash":"16c76575d73ded68adb989e0bab01fa6f6fd5eab"},"sourceUploadUrl":"https://storage.googleapis.com/uploads-692370461028.us-central1.cloudfunctions.appspot.com/4436f6aa-1e4b-40fa-8a94-60d055a1c725.zip?GoogleAccessId=service-158237266758@gcf-admin-robot.iam.gserviceaccount.com&Expires=1781238114&Signature=DkrHjDE%2BbtV6oKS1GQlRcqSOI%2B3VlYtP33tXN3kx%2Fav25M5%2FU3R0TaZubs8hZYXtSqWOv%2BqmoaBPVOTPaS1Ttfhk7LGEG74r6F2blyf%2FEH98MGik0ZfVMIbEIcnTK0tBP1PWAObrpPeJdrVgZvP7vGkQ%2BF0BgVAferQC93xeGbIz1xwySdqJjg94XXTyZOXKlbdSu8UPZxzL%2Br4%2Fn7p%2BZmJv5u6wtwTb6tS4wgGre4774xcNPaszeR5UkBMz85JsD%2FWpzoiFnbJQ4WY2jcWy5QjJlaUeO8R5hgnXqs6tuX8yvWiUU9%2BqFvK5hfuP%2BOPCxIMCKmfy5opSphpUy21zKw%3D%3D","environmentVariables":{"FIREBASE_CONFIG":"{\"projectId\":\"wificontent-143da\",\"databaseURL\":\"https://wificontent-143da-default-rtdb.firebaseio.com\",\"storageBucket\":\"wificontent-143da.firebasestorage.app\"}","GCLOUD_PROJECT":"wificontent-143da","EVENTARC_CLOUD_EVENT_SOURCE":"projects/wificontent-143da/locations/us-central1/functions/getCheckoutSessionResult"},"runtime":"nodejs20","buildId":"c96d8118-30a2-4795-9828-102257e4b186","buildEnvironmentVariables":{"GOOGLE_NODE_RUN_SCRIPTS":""},"secretEnvironmentVariables":[{"key":"STRIPE_SECRET","projectId":"wificontent-143da","secret":"STRIPE_SECRET","version":"1"}],"buildName":"projects/158237266758/locations/us-central1/builds/c96d8118-30a2-4795-9828-102257e4b186","dockerRegistry":"ARTIFACT_REGISTRY","automaticUpdatePolicy":{},"buildServiceAccount":"projects/wificontent-143da/serviceAccounts/158237266758-compute@developer.gserviceaccount.com"},"versionId":"2","updateTime":"2026-06-12T03:52:42Z"}}
[debug] [2026-06-12T03:52:42.741Z] Checked if tokens are valid: true, expires at: 1781239710613
[debug] [2026-06-12T03:52:42.741Z] Checked if tokens are valid: true, expires at: 1781239710613
[debug] [2026-06-12T03:52:42.742Z] >>> [apiv2][query] GET https://cloudfunctions.googleapis.com/v1/operations/d2lmaWNvbnRlbnQtMTQzZGEvdXMtY2VudHJhbDEvZ2V0Q2hlY2tvdXRTZXNzaW9uUmVzdWx0L2pncUhhSmpKV3hj [none]
[debug] [2026-06-12T03:52:42.772Z] <<< [apiv2][status] PATCH https://cloudfunctions.googleapis.com/v1/projects/wificontent-143da/locations/us-central1/functions/createCheckoutSessionCallable 200
[debug] [2026-06-12T03:52:42.773Z] <<< [apiv2][body] PATCH https://cloudfunctions.googleapis.com/v1/projects/wificontent-143da/locations/us-central1/functions/createCheckoutSessionCallable {"name":"operations/d2lmaWNvbnRlbnQtMTQzZGEvdXMtY2VudHJhbDEvY3JlYXRlQ2hlY2tvdXRTZXNzaW9uQ2FsbGFibGUvUUtscU5LTzFndDA","metadata":{"@type":"type.googleapis.com/google.cloud.functions.v1.OperationMetadataV1","target":"projects/wificontent-143da/locations/us-central1/functions/createCheckoutSessionCallable","type":"UPDATE_FUNCTION","request":{"@type":"type.googleapis.com/google.cloud.functions.v1.CloudFunction","name":"projects/wificontent-143da/locations/us-central1/functions/createCheckoutSessionCallable","httpsTrigger":{"url":"https://us-central1-wificontent-143da.cloudfunctions.net/createCheckoutSessionCallable","securityLevel":"SECURE_ALWAYS"},"status":"ACTIVE","entryPoint":"createCheckoutSessionCallable","updateTime":"2026-06-04T13:50:38.804Z","versionId":"1","labels":{"deployment-tool":"cli-firebase","deployment-callable":"true","firebase-functions-hash":"16c76575d73ded68adb989e0bab01fa6f6fd5eab"},"sourceUploadUrl":"https://storage.googleapis.com/uploads-692370461028.us-central1.cloudfunctions.appspot.com/4436f6aa-1e4b-40fa-8a94-60d055a1c725.zip?GoogleAccessId=service-158237266758@gcf-admin-robot.iam.gserviceaccount.com&Expires=1781238114&Signature=DkrHjDE%2BbtV6oKS1GQlRcqSOI%2B3VlYtP33tXN3kx%2Fav25M5%2FU3R0TaZubs8hZYXtSqWOv%2BqmoaBPVOTPaS1Ttfhk7LGEG74r6F2blyf%2FEH98MGik0ZfVMIbEIcnTK0tBP1PWAObrpPeJdrVgZvP7vGkQ%2BF0BgVAferQC93xeGbIz1xwySdqJjg94XXTyZOXKlbdSu8UPZxzL%2Br4%2Fn7p%2BZmJv5u6wtwTb6tS4wgGre4774xcNPaszeR5UkBMz85JsD%2FWpzoiFnbJQ4WY2jcWy5QjJlaUeO8R5hgnXqs6tuX8yvWiUU9%2BqFvK5hfuP%2BOPCxIMCKmfy5opSphpUy21zKw%3D%3D","environmentVariables":{"FIREBASE_CONFIG":"{\"projectId\":\"wificontent-143da\",\"databaseURL\":\"https://wificontent-143da-default-rtdb.firebaseio.com\",\"storageBucket\":\"wificontent-143da.firebasestorage.app\"}","GCLOUD_PROJECT":"wificontent-143da","EVENTARC_CLOUD_EVENT_SOURCE":"projects/wificontent-143da/locations/us-central1/functions/createCheckoutSessionCallable"},"runtime":"nodejs20","buildId":"c96d8118-30a2-4795-9828-102257e4b186","buildEnvironmentVariables":{"GOOGLE_NODE_RUN_SCRIPTS":""},"secretEnvironmentVariables":[{"key":"STRIPE_SECRET","projectId":"wificontent-143da","secret":"STRIPE_SECRET","version":"1"}],"buildName":"projects/158237266758/locations/us-central1/builds/c96d8118-30a2-4795-9828-102257e4b186","dockerRegistry":"ARTIFACT_REGISTRY","automaticUpdatePolicy":{},"buildServiceAccount":"projects/wificontent-143da/serviceAccounts/158237266758-compute@developer.gserviceaccount.com"},"versionId":"2","updateTime":"2026-06-12T03:52:42Z"}}
[debug] [2026-06-12T03:52:42.773Z] Checked if tokens are valid: true, expires at: 1781239710613
[debug] [2026-06-12T03:52:42.773Z] Checked if tokens are valid: true, expires at: 1781239710613
[debug] [2026-06-12T03:52:42.773Z] >>> [apiv2][query] GET https://cloudfunctions.googleapis.com/v1/operations/d2lmaWNvbnRlbnQtMTQzZGEvdXMtY2VudHJhbDEvY3JlYXRlQ2hlY2tvdXRTZXNzaW9uQ2FsbGFibGUvUUtscU5LTzFndDA [none]
[debug] [2026-06-12T03:52:42.785Z] <<< [apiv2][status] PATCH https://cloudfunctions.googleapis.com/v1/projects/wificontent-143da/locations/us-central1/functions/createCheckoutSession 200
[debug] [2026-06-12T03:52:42.785Z] <<< [apiv2][body] PATCH https://cloudfunctions.googleapis.com/v1/projects/wificontent-143da/locations/us-central1/functions/createCheckoutSession {"name":"operations/d2lmaWNvbnRlbnQtMTQzZGEvdXMtY2VudHJhbDEvY3JlYXRlQ2hlY2tvdXRTZXNzaW9uL3NiUXBZTXVmUXI0","metadata":{"@type":"type.googleapis.com/google.cloud.functions.v1.OperationMetadataV1","target":"projects/wificontent-143da/locations/us-central1/functions/createCheckoutSession","type":"UPDATE_FUNCTION","request":{"@type":"type.googleapis.com/google.cloud.functions.v1.CloudFunction","name":"projects/wificontent-143da/locations/us-central1/functions/createCheckoutSession","httpsTrigger":{"url":"https://us-central1-wificontent-143da.cloudfunctions.net/createCheckoutSession","securityLevel":"SECURE_ALWAYS"},"status":"ACTIVE","entryPoint":"createCheckoutSession","updateTime":"2026-06-04T13:50:41.855Z","versionId":"1","labels":{"deployment-tool":"cli-firebase","firebase-functions-hash":"16c76575d73ded68adb989e0bab01fa6f6fd5eab"},"sourceUploadUrl":"https://storage.googleapis.com/uploads-692370461028.us-central1.cloudfunctions.appspot.com/4436f6aa-1e4b-40fa-8a94-60d055a1c725.zip?GoogleAccessId=service-158237266758@gcf-admin-robot.iam.gserviceaccount.com&Expires=1781238114&Signature=DkrHjDE%2BbtV6oKS1GQlRcqSOI%2B3VlYtP33tXN3kx%2Fav25M5%2FU3R0TaZubs8hZYXtSqWOv%2BqmoaBPVOTPaS1Ttfhk7LGEG74r6F2blyf%2FEH98MGik0ZfVMIbEIcnTK0tBP1PWAObrpPeJdrVgZvP7vGkQ%2BF0BgVAferQC93xeGbIz1xwySdqJjg94XXTyZOXKlbdSu8UPZxzL%2Br4%2Fn7p%2BZmJv5u6wtwTb6tS4wgGre4774xcNPaszeR5UkBMz85JsD%2FWpzoiFnbJQ4WY2jcWy5QjJlaUeO8R5hgnXqs6tuX8yvWiUU9%2BqFvK5hfuP%2BOPCxIMCKmfy5opSphpUy21zKw%3D%3D","environmentVariables":{"FIREBASE_CONFIG":"{\"projectId\":\"wificontent-143da\",\"databaseURL\":\"https://wificontent-143da-default-rtdb.firebaseio.com\",\"storageBucket\":\"wificontent-143da.firebasestorage.app\"}","GCLOUD_PROJECT":"wificontent-143da","EVENTARC_CLOUD_EVENT_SOURCE":"projects/wificontent-143da/locations/us-central1/functions/createCheckoutSession"},"runtime":"nodejs20","buildId":"c96d8118-30a2-4795-9828-102257e4b186","buildEnvironmentVariables":{"GOOGLE_NODE_RUN_SCRIPTS":""},"secretEnvironmentVariables":[{"key":"STRIPE_SECRET","projectId":"wificontent-143da","secret":"STRIPE_SECRET","version":"1"}],"buildName":"projects/158237266758/locations/us-central1/builds/c96d8118-30a2-4795-9828-102257e4b186","dockerRegistry":"ARTIFACT_REGISTRY","automaticUpdatePolicy":{},"buildServiceAccount":"projects/wificontent-143da/serviceAccounts/158237266758-compute@developer.gserviceaccount.com"},"versionId":"2","updateTime":"2026-06-12T03:52:42Z"}}
[debug] [2026-06-12T03:52:42.785Z] Checked if tokens are valid: true, expires at: 1781239710613
[debug] [2026-06-12T03:52:42.785Z] Checked if tokens are valid: true, expires at: 1781239710613
[debug] [2026-06-12T03:52:42.786Z] >>> [apiv2][query] GET https://cloudfunctions.googleapis.com/v1/operations/d2lmaWNvbnRlbnQtMTQzZGEvdXMtY2VudHJhbDEvY3JlYXRlQ2hlY2tvdXRTZXNzaW9uL3NiUXBZTXVmUXI0 [none]
[debug] [2026-06-12T03:52:42.808Z] <<< [apiv2][status] PATCH https://cloudfunctions.googleapis.com/v1/projects/wificontent-143da/locations/us-central1/functions/api 200
[debug] [2026-06-12T03:52:42.808Z] <<< [apiv2][body] PATCH https://cloudfunctions.googleapis.com/v1/projects/wificontent-143da/locations/us-central1/functions/api {"name":"operations/d2lmaWNvbnRlbnQtMTQzZGEvdXMtY2VudHJhbDEvYXBpL1BuQ0xkYTZQNXZJ","metadata":{"@type":"type.googleapis.com/google.cloud.functions.v1.OperationMetadataV1","target":"projects/wificontent-143da/locations/us-central1/functions/api","type":"UPDATE_FUNCTION","request":{"@type":"type.googleapis.com/google.cloud.functions.v1.CloudFunction","name":"projects/wificontent-143da/locations/us-central1/functions/api","httpsTrigger":{"url":"https://us-central1-wificontent-143da.cloudfunctions.net/api","securityLevel":"SECURE_ALWAYS"},"status":"OFFLINE","entryPoint":"api","updateTime":"2026-06-12T03:49:15.397Z","versionId":"1","labels":{"deployment-tool":"cli-firebase","firebase-functions-hash":"f04f99181a37ddd0deea7a83159d393e6ce5c944"},"sourceUploadUrl":"https://storage.googleapis.com/uploads-692370461028.us-central1.cloudfunctions.appspot.com/4436f6aa-1e4b-40fa-8a94-60d055a1c725.zip?GoogleAccessId=service-158237266758@gcf-admin-robot.iam.gserviceaccount.com&Expires=1781238114&Signature=DkrHjDE%2BbtV6oKS1GQlRcqSOI%2B3VlYtP33tXN3kx%2Fav25M5%2FU3R0TaZubs8hZYXtSqWOv%2BqmoaBPVOTPaS1Ttfhk7LGEG74r6F2blyf%2FEH98MGik0ZfVMIbEIcnTK0tBP1PWAObrpPeJdrVgZvP7vGkQ%2BF0BgVAferQC93xeGbIz1xwySdqJjg94XXTyZOXKlbdSu8UPZxzL%2Br4%2Fn7p%2BZmJv5u6wtwTb6tS4wgGre4774xcNPaszeR5UkBMz85JsD%2FWpzoiFnbJQ4WY2jcWy5QjJlaUeO8R5hgnXqs6tuX8yvWiUU9%2BqFvK5hfuP%2BOPCxIMCKmfy5opSphpUy21zKw%3D%3D","environmentVariables":{"FIREBASE_CONFIG":"{\"projectId\":\"wificontent-143da\",\"databaseURL\":\"https://wificontent-143da-default-rtdb.firebaseio.com\",\"storageBucket\":\"wificontent-143da.firebasestorage.app\"}","GCLOUD_PROJECT":"wificontent-143da","EVENTARC_CLOUD_EVENT_SOURCE":"projects/wificontent-143da/locations/us-central1/functions/api"},"runtime":"nodejs20","buildId":"b32c4fc2-9b93-4a4a-b7b3-6aaa45fe553c","buildEnvironmentVariables":{"GOOGLE_NODE_RUN_SCRIPTS":""},"buildName":"projects/158237266758/locations/us-central1/builds/b32c4fc2-9b93-4a4a-b7b3-6aaa45fe553c","dockerRegistry":"ARTIFACT_REGISTRY","automaticUpdatePolicy":{},"buildServiceAccount":"projects/wificontent-143da/serviceAccounts/158237266758-compute@developer.gserviceaccount.com"},"versionId":"2","updateTime":"2026-06-12T03:52:42Z"}}
[debug] [2026-06-12T03:52:42.808Z] Checked if tokens are valid: true, expires at: 1781239710613
[debug] [2026-06-12T03:52:42.809Z] Checked if tokens are valid: true, expires at: 1781239710613
[debug] [2026-06-12T03:52:42.809Z] >>> [apiv2][query] GET https://cloudfunctions.googleapis.com/v1/operations/d2lmaWNvbnRlbnQtMTQzZGEvdXMtY2VudHJhbDEvYXBpL1BuQ0xkYTZQNXZJ [none]
[debug] [2026-06-12T03:52:42.855Z] <<< [apiv2][status] PATCH https://cloudfunctions.googleapis.com/v1/projects/wificontent-143da/locations/us-central1/functions/handleStripeWebhook 200
[debug] [2026-06-12T03:52:42.855Z] <<< [apiv2][body] PATCH https://cloudfunctions.googleapis.com/v1/projects/wificontent-143da/locations/us-central1/functions/handleStripeWebhook {"name":"operations/d2lmaWNvbnRlbnQtMTQzZGEvdXMtY2VudHJhbDEvaGFuZGxlU3RyaXBlV2ViaG9vay9xNlNpUjRhT2dwZw","metadata":{"@type":"type.googleapis.com/google.cloud.functions.v1.OperationMetadataV1","target":"projects/wificontent-143da/locations/us-central1/functions/handleStripeWebhook","type":"UPDATE_FUNCTION","request":{"@type":"type.googleapis.com/google.cloud.functions.v1.CloudFunction","name":"projects/wificontent-143da/locations/us-central1/functions/handleStripeWebhook","httpsTrigger":{"url":"https://us-central1-wificontent-143da.cloudfunctions.net/handleStripeWebhook","securityLevel":"SECURE_ALWAYS"},"status":"ACTIVE","entryPoint":"handleStripeWebhook","updateTime":"2026-06-04T14:26:15.472Z","versionId":"3","labels":{"deployment-tool":"cli-firebase","firebase-functions-hash":"823af96df830f3f75c86b6355a997e6cb543b5fa"},"sourceUploadUrl":"https://storage.googleapis.com/uploads-692370461028.us-central1.cloudfunctions.appspot.com/4436f6aa-1e4b-40fa-8a94-60d055a1c725.zip?GoogleAccessId=service-158237266758@gcf-admin-robot.iam.gserviceaccount.com&Expires=1781238114&Signature=DkrHjDE%2BbtV6oKS1GQlRcqSOI%2B3VlYtP33tXN3kx%2Fav25M5%2FU3R0TaZubs8hZYXtSqWOv%2BqmoaBPVOTPaS1Ttfhk7LGEG74r6F2blyf%2FEH98MGik0ZfVMIbEIcnTK0tBP1PWAObrpPeJdrVgZvP7vGkQ%2BF0BgVAferQC93xeGbIz1xwySdqJjg94XXTyZOXKlbdSu8UPZxzL%2Br4%2Fn7p%2BZmJv5u6wtwTb6tS4wgGre4774xcNPaszeR5UkBMz85JsD%2FWpzoiFnbJQ4WY2jcWy5QjJlaUeO8R5hgnXqs6tuX8yvWiUU9%2BqFvK5hfuP%2BOPCxIMCKmfy5opSphpUy21zKw%3D%3D","environmentVariables":{"FIREBASE_CONFIG":"{\"projectId\":\"wificontent-143da\",\"databaseURL\":\"https://wificontent-143da-default-rtdb.firebaseio.com\",\"storageBucket\":\"wificontent-143da.firebasestorage.app\"}","GCLOUD_PROJECT":"wificontent-143da","EVENTARC_CLOUD_EVENT_SOURCE":"projects/wificontent-143da/locations/us-central1/functions/handleStripeWebhook"},"runtime":"nodejs20","buildId":"99ab3ad8-6f35-417c-8dbe-866afa72bb84","buildEnvironmentVariables":{"GOOGLE_NODE_RUN_SCRIPTS":""},"secretEnvironmentVariables":[{"key":"STRIPE_SECRET","projectId":"wificontent-143da","secret":"STRIPE_SECRET","version":"1"},{"key":"STRIPE_WEBHOOK_SECRET","projectId":"wificontent-143da","secret":"STRIPE_WEBHOOK_SECRET","version":"1"}],"buildName":"projects/158237266758/locations/us-central1/builds/99ab3ad8-6f35-417c-8dbe-866afa72bb84","dockerRegistry":"ARTIFACT_REGISTRY","automaticUpdatePolicy":{},"buildServiceAccount":"projects/wificontent-143da/serviceAccounts/158237266758-compute@developer.gserviceaccount.com"},"versionId":"4","updateTime":"2026-06-12T03:52:42Z"}}
[debug] [2026-06-12T03:52:42.855Z] Checked if tokens are valid: true, expires at: 1781239710613
[debug] [2026-06-12T03:52:42.855Z] Checked if tokens are valid: true, expires at: 1781239710613
[debug] [2026-06-12T03:52:42.856Z] >>> [apiv2][query] GET https://cloudfunctions.googleapis.com/v1/operations/d2lmaWNvbnRlbnQtMTQzZGEvdXMtY2VudHJhbDEvaGFuZGxlU3RyaXBlV2ViaG9vay9xNlNpUjRhT2dwZw [none]
[debug] [2026-06-12T03:52:42.863Z] <<< [apiv2][status] PATCH https://cloudfunctions.googleapis.com/v1/projects/wificontent-143da/locations/us-central1/functions/createPaymentIntent 200
[debug] [2026-06-12T03:52:42.863Z] <<< [apiv2][body] PATCH https://cloudfunctions.googleapis.com/v1/projects/wificontent-143da/locations/us-central1/functions/createPaymentIntent {"name":"operations/d2lmaWNvbnRlbnQtMTQzZGEvdXMtY2VudHJhbDEvY3JlYXRlUGF5bWVudEludGVudC9jLU1CVDBFTlRCdw","metadata":{"@type":"type.googleapis.com/google.cloud.functions.v1.OperationMetadataV1","target":"projects/wificontent-143da/locations/us-central1/functions/createPaymentIntent","type":"UPDATE_FUNCTION","request":{"@type":"type.googleapis.com/google.cloud.functions.v1.CloudFunction","name":"projects/wificontent-143da/locations/us-central1/functions/createPaymentIntent","httpsTrigger":{"url":"https://us-central1-wificontent-143da.cloudfunctions.net/createPaymentIntent","securityLevel":"SECURE_ALWAYS"},"status":"ACTIVE","entryPoint":"createPaymentIntent","updateTime":"2026-06-04T14:26:15.364Z","versionId":"2","labels":{"deployment-tool":"cli-firebase","deployment-callable":"true","firebase-functions-hash":"16c76575d73ded68adb989e0bab01fa6f6fd5eab"},"sourceUploadUrl":"https://storage.googleapis.com/uploads-692370461028.us-central1.cloudfunctions.appspot.com/4436f6aa-1e4b-40fa-8a94-60d055a1c725.zip?GoogleAccessId=service-158237266758@gcf-admin-robot.iam.gserviceaccount.com&Expires=1781238114&Signature=DkrHjDE%2BbtV6oKS1GQlRcqSOI%2B3VlYtP33tXN3kx%2Fav25M5%2FU3R0TaZubs8hZYXtSqWOv%2BqmoaBPVOTPaS1Ttfhk7LGEG74r6F2blyf%2FEH98MGik0ZfVMIbEIcnTK0tBP1PWAObrpPeJdrVgZvP7vGkQ%2BF0BgVAferQC93xeGbIz1xwySdqJjg94XXTyZOXKlbdSu8UPZxzL%2Br4%2Fn7p%2BZmJv5u6wtwTb6tS4wgGre4774xcNPaszeR5UkBMz85JsD%2FWpzoiFnbJQ4WY2jcWy5QjJlaUeO8R5hgnXqs6tuX8yvWiUU9%2BqFvK5hfuP%2BOPCxIMCKmfy5opSphpUy21zKw%3D%3D","environmentVariables":{"FIREBASE_CONFIG":"{\"projectId\":\"wificontent-143da\",\"databaseURL\":\"https://wificontent-143da-default-rtdb.firebaseio.com\",\"storageBucket\":\"wificontent-143da.firebasestorage.app\"}","GCLOUD_PROJECT":"wificontent-143da","EVENTARC_CLOUD_EVENT_SOURCE":"projects/wificontent-143da/locations/us-central1/functions/createPaymentIntent"},"runtime":"nodejs20","buildId":"99ab3ad8-6f35-417c-8dbe-866afa72bb84","buildEnvironmentVariables":{"GOOGLE_NODE_RUN_SCRIPTS":""},"secretEnvironmentVariables":[{"key":"STRIPE_SECRET","projectId":"wificontent-143da","secret":"STRIPE_SECRET","version":"1"}],"buildName":"projects/158237266758/locations/us-central1/builds/99ab3ad8-6f35-417c-8dbe-866afa72bb84","dockerRegistry":"ARTIFACT_REGISTRY","automaticUpdatePolicy":{},"buildServiceAccount":"projects/wificontent-143da/serviceAccounts/158237266758-compute@developer.gserviceaccount.com"},"versionId":"3","updateTime":"2026-06-12T03:52:42Z"}}
[debug] [2026-06-12T03:52:42.863Z] Checked if tokens are valid: true, expires at: 1781239710613
[debug] [2026-06-12T03:52:42.863Z] Checked if tokens are valid: true, expires at: 1781239710613
[debug] [2026-06-12T03:52:42.863Z] >>> [apiv2][query] GET https://cloudfunctions.googleapis.com/v1/operations/d2lmaWNvbnRlbnQtMTQzZGEvdXMtY2VudHJhbDEvY3JlYXRlUGF5bWVudEludGVudC9jLU1CVDBFTlRCdw [none]
[debug] [2026-06-12T03:52:42.866Z] <<< [apiv2][status] POST https://cloudfunctions.googleapis.com/v1/projects/wificontent-143da/locations/us-central1/functions 200
[debug] [2026-06-12T03:52:42.866Z] <<< [apiv2][body] POST https://cloudfunctions.googleapis.com/v1/projects/wificontent-143da/locations/us-central1/functions {"name":"operations/cHJvamVjdHMvd2lmaWNvbnRlbnQtMTQzZGEvbG9jYXRpb25zL3VzLWNlbnRyYWwxL29wZXJhdGlvbnMvb3BlcmF0aW9uLTE3ODEyMzYzNjI0NTEtNjU0MDY2OGE1MWI1NC1lNjE5ODVkOC01ODQxODNkNA","metadata":{"@type":"type.googleapis.com/google.cloud.functions.v1.OperationMetadataV1","target":"projects/wificontent-143da/locations/us-central1/functions/postMetricsAggregator","updateTime":"2026-06-12T03:52:42.823060493Z"}}
[debug] [2026-06-12T03:52:42.866Z] Checked if tokens are valid: true, expires at: 1781239710613
[debug] [2026-06-12T03:52:42.866Z] Checked if tokens are valid: true, expires at: 1781239710613
[debug] [2026-06-12T03:52:42.866Z] >>> [apiv2][query] GET https://cloudfunctions.googleapis.com/v1/operations/cHJvamVjdHMvd2lmaWNvbnRlbnQtMTQzZGEvbG9jYXRpb25zL3VzLWNlbnRyYWwxL29wZXJhdGlvbnMvb3BlcmF0aW9uLTE3ODEyMzYzNjI0NTEtNjU0MDY2OGE1MWI1NC1lNjE5ODVkOC01ODQxODNkNA [none]
[debug] [2026-06-12T03:52:42.866Z] <<< [apiv2][status] GET https://cloudfunctions.googleapis.com/v1/operations/d2lmaWNvbnRlbnQtMTQzZGEvdXMtY2VudHJhbDEvZ2V0Q2hlY2tvdXRTZXNzaW9uUmVzdWx0L2pncUhhSmpKV3hj 200
[debug] [2026-06-12T03:52:42.866Z] <<< [apiv2][body] GET https://cloudfunctions.googleapis.com/v1/operations/d2lmaWNvbnRlbnQtMTQzZGEvdXMtY2VudHJhbDEvZ2V0Q2hlY2tvdXRTZXNzaW9uUmVzdWx0L2pncUhhSmpKV3hj {"name":"operations/d2lmaWNvbnRlbnQtMTQzZGEvdXMtY2VudHJhbDEvZ2V0Q2hlY2tvdXRTZXNzaW9uUmVzdWx0L2pncUhhSmpKV3hj","metadata":{"@type":"type.googleapis.com/google.cloud.functions.v1.OperationMetadataV1","target":"projects/wificontent-143da/locations/us-central1/functions/getCheckoutSessionResult","type":"UPDATE_FUNCTION","request":{"@type":"type.googleapis.com/google.cloud.functions.v1.CloudFunction","name":"projects/wificontent-143da/locations/us-central1/functions/getCheckoutSessionResult","httpsTrigger":{"url":"https://us-central1-wificontent-143da.cloudfunctions.net/getCheckoutSessionResult","securityLevel":"SECURE_ALWAYS"},"status":"ACTIVE","entryPoint":"getCheckoutSessionResult","updateTime":"2026-06-04T13:50:39.069Z","versionId":"1","labels":{"deployment-tool":"cli-firebase","deployment-callable":"true","firebase-functions-hash":"16c76575d73ded68adb989e0bab01fa6f6fd5eab"},"sourceUploadUrl":"https://storage.googleapis.com/uploads-692370461028.us-central1.cloudfunctions.appspot.com/4436f6aa-1e4b-40fa-8a94-60d055a1c725.zip?GoogleAccessId=service-158237266758@gcf-admin-robot.iam.gserviceaccount.com&Expires=1781238114&Signature=DkrHjDE%2BbtV6oKS1GQlRcqSOI%2B3VlYtP33tXN3kx%2Fav25M5%2FU3R0TaZubs8hZYXtSqWOv%2BqmoaBPVOTPaS1Ttfhk7LGEG74r6F2blyf%2FEH98MGik0ZfVMIbEIcnTK0tBP1PWAObrpPeJdrVgZvP7vGkQ%2BF0BgVAferQC93xeGbIz1xwySdqJjg94XXTyZOXKlbdSu8UPZxzL%2Br4%2Fn7p%2BZmJv5u6wtwTb6tS4wgGre4774xcNPaszeR5UkBMz85JsD%2FWpzoiFnbJQ4WY2jcWy5QjJlaUeO8R5hgnXqs6tuX8yvWiUU9%2BqFvK5hfuP%2BOPCxIMCKmfy5opSphpUy21zKw%3D%3D","environmentVariables":{"FIREBASE_CONFIG":"{\"projectId\":\"wificontent-143da\",\"databaseURL\":\"https://wificontent-143da-default-rtdb.firebaseio.com\",\"storageBucket\":\"wificontent-143da.firebasestorage.app\"}","GCLOUD_PROJECT":"wificontent-143da","EVENTARC_CLOUD_EVENT_SOURCE":"projects/wificontent-143da/locations/us-central1/functions/getCheckoutSessionResult"},"runtime":"nodejs20","buildId":"c96d8118-30a2-4795-9828-102257e4b186","buildEnvironmentVariables":{"GOOGLE_NODE_RUN_SCRIPTS":""},"secretEnvironmentVariables":[{"key":"STRIPE_SECRET","projectId":"wificontent-143da","secret":"STRIPE_SECRET","version":"1"}],"buildName":"projects/158237266758/locations/us-central1/builds/c96d8118-30a2-4795-9828-102257e4b186","dockerRegistry":"ARTIFACT_REGISTRY","automaticUpdatePolicy":{},"buildServiceAccount":"projects/wificontent-143da/serviceAccounts/158237266758-compute@developer.gserviceaccount.com"},"versionId":"2","updateTime":"2026-06-12T03:52:42Z"}}
[debug] [2026-06-12T03:52:42.885Z] <<< [apiv2][status] POST https://cloudfunctions.googleapis.com/v1/projects/wificontent-143da/locations/us-central1/functions 200
[debug] [2026-06-12T03:52:42.886Z] <<< [apiv2][body] POST https://cloudfunctions.googleapis.com/v1/projects/wificontent-143da/locations/us-central1/functions {"name":"operations/cHJvamVjdHMvd2lmaWNvbnRlbnQtMTQzZGEvbG9jYXRpb25zL3VzLWNlbnRyYWwxL29wZXJhdGlvbnMvb3BlcmF0aW9uLTE3ODEyMzYzNjI0NjctNjU0MDY2OGE1NTg2MS03NTQwODhmNC1mZGJhZWU0Yw","metadata":{"@type":"type.googleapis.com/google.cloud.functions.v1.OperationMetadataV1","target":"projects/wificontent-143da/locations/us-central1/functions/cleanBadgesOnContentRemoval","updateTime":"2026-06-12T03:52:42.839839353Z"}}
[debug] [2026-06-12T03:52:42.886Z] Checked if tokens are valid: true, expires at: 1781239710613
[debug] [2026-06-12T03:52:42.886Z] Checked if tokens are valid: true, expires at: 1781239710613
[debug] [2026-06-12T03:52:42.886Z] >>> [apiv2][query] GET https://cloudfunctions.googleapis.com/v1/operations/cHJvamVjdHMvd2lmaWNvbnRlbnQtMTQzZGEvbG9jYXRpb25zL3VzLWNlbnRyYWwxL29wZXJhdGlvbnMvb3BlcmF0aW9uLTE3ODEyMzYzNjI0NjctNjU0MDY2OGE1NTg2MS03NTQwODhmNC1mZGJhZWU0Yw [none]
[debug] [2026-06-12T03:52:42.889Z] <<< [apiv2][status] GET https://cloudfunctions.googleapis.com/v1/operations/d2lmaWNvbnRlbnQtMTQzZGEvdXMtY2VudHJhbDEvY3JlYXRlQ2hlY2tvdXRTZXNzaW9uQ2FsbGFibGUvUUtscU5LTzFndDA 200
[debug] [2026-06-12T03:52:42.889Z] <<< [apiv2][body] GET https://cloudfunctions.googleapis.com/v1/operations/d2lmaWNvbnRlbnQtMTQzZGEvdXMtY2VudHJhbDEvY3JlYXRlQ2hlY2tvdXRTZXNzaW9uQ2FsbGFibGUvUUtscU5LTzFndDA {"name":"operations/d2lmaWNvbnRlbnQtMTQzZGEvdXMtY2VudHJhbDEvY3JlYXRlQ2hlY2tvdXRTZXNzaW9uQ2FsbGFibGUvUUtscU5LTzFndDA","metadata":{"@type":"type.googleapis.com/google.cloud.functions.v1.OperationMetadataV1","target":"projects/wificontent-143da/locations/us-central1/functions/createCheckoutSessionCallable","type":"UPDATE_FUNCTION","request":{"@type":"type.googleapis.com/google.cloud.functions.v1.CloudFunction","name":"projects/wificontent-143da/locations/us-central1/functions/createCheckoutSessionCallable","httpsTrigger":{"url":"https://us-central1-wificontent-143da.cloudfunctions.net/createCheckoutSessionCallable","securityLevel":"SECURE_ALWAYS"},"status":"ACTIVE","entryPoint":"createCheckoutSessionCallable","updateTime":"2026-06-04T13:50:38.804Z","versionId":"1","labels":{"deployment-tool":"cli-firebase","deployment-callable":"true","firebase-functions-hash":"16c76575d73ded68adb989e0bab01fa6f6fd5eab"},"sourceUploadUrl":"https://storage.googleapis.com/uploads-692370461028.us-central1.cloudfunctions.appspot.com/4436f6aa-1e4b-40fa-8a94-60d055a1c725.zip?GoogleAccessId=service-158237266758@gcf-admin-robot.iam.gserviceaccount.com&Expires=1781238114&Signature=DkrHjDE%2BbtV6oKS1GQlRcqSOI%2B3VlYtP33tXN3kx%2Fav25M5%2FU3R0TaZubs8hZYXtSqWOv%2BqmoaBPVOTPaS1Ttfhk7LGEG74r6F2blyf%2FEH98MGik0ZfVMIbEIcnTK0tBP1PWAObrpPeJdrVgZvP7vGkQ%2BF0BgVAferQC93xeGbIz1xwySdqJjg94XXTyZOXKlbdSu8UPZxzL%2Br4%2Fn7p%2BZmJv5u6wtwTb6tS4wgGre4774xcNPaszeR5UkBMz85JsD%2FWpzoiFnbJQ4WY2jcWy5QjJlaUeO8R5hgnXqs6tuX8yvWiUU9%2BqFvK5hfuP%2BOPCxIMCKmfy5opSphpUy21zKw%3D%3D","environmentVariables":{"FIREBASE_CONFIG":"{\"projectId\":\"wificontent-143da\",\"databaseURL\":\"https://wificontent-143da-default-rtdb.firebaseio.com\",\"storageBucket\":\"wificontent-143da.firebasestorage.app\"}","GCLOUD_PROJECT":"wificontent-143da","EVENTARC_CLOUD_EVENT_SOURCE":"projects/wificontent-143da/locations/us-central1/functions/createCheckoutSessionCallable"},"runtime":"nodejs20","buildId":"c96d8118-30a2-4795-9828-102257e4b186","buildEnvironmentVariables":{"GOOGLE_NODE_RUN_SCRIPTS":""},"secretEnvironmentVariables":[{"key":"STRIPE_SECRET","projectId":"wificontent-143da","secret":"STRIPE_SECRET","version":"1"}],"buildName":"projects/158237266758/locations/us-central1/builds/c96d8118-30a2-4795-9828-102257e4b186","dockerRegistry":"ARTIFACT_REGISTRY","automaticUpdatePolicy":{},"buildServiceAccount":"projects/wificontent-143da/serviceAccounts/158237266758-compute@developer.gserviceaccount.com"},"versionId":"2","updateTime":"2026-06-12T03:52:42Z"}}
[debug] [2026-06-12T03:52:42.891Z] <<< [apiv2][status] GET https://cloudfunctions.googleapis.com/v1/operations/d2lmaWNvbnRlbnQtMTQzZGEvdXMtY2VudHJhbDEvY3JlYXRlQ2hlY2tvdXRTZXNzaW9uL3NiUXBZTXVmUXI0 200
[debug] [2026-06-12T03:52:42.891Z] <<< [apiv2][body] GET https://cloudfunctions.googleapis.com/v1/operations/d2lmaWNvbnRlbnQtMTQzZGEvdXMtY2VudHJhbDEvY3JlYXRlQ2hlY2tvdXRTZXNzaW9uL3NiUXBZTXVmUXI0 {"name":"operations/d2lmaWNvbnRlbnQtMTQzZGEvdXMtY2VudHJhbDEvY3JlYXRlQ2hlY2tvdXRTZXNzaW9uL3NiUXBZTXVmUXI0","metadata":{"@type":"type.googleapis.com/google.cloud.functions.v1.OperationMetadataV1","target":"projects/wificontent-143da/locations/us-central1/functions/createCheckoutSession","type":"UPDATE_FUNCTION","request":{"@type":"type.googleapis.com/google.cloud.functions.v1.CloudFunction","name":"projects/wificontent-143da/locations/us-central1/functions/createCheckoutSession","httpsTrigger":{"url":"https://us-central1-wificontent-143da.cloudfunctions.net/createCheckoutSession","securityLevel":"SECURE_ALWAYS"},"status":"ACTIVE","entryPoint":"createCheckoutSession","updateTime":"2026-06-04T13:50:41.855Z","versionId":"1","labels":{"deployment-tool":"cli-firebase","firebase-functions-hash":"16c76575d73ded68adb989e0bab01fa6f6fd5eab"},"sourceUploadUrl":"https://storage.googleapis.com/uploads-692370461028.us-central1.cloudfunctions.appspot.com/4436f6aa-1e4b-40fa-8a94-60d055a1c725.zip?GoogleAccessId=service-158237266758@gcf-admin-robot.iam.gserviceaccount.com&Expires=1781238114&Signature=DkrHjDE%2BbtV6oKS1GQlRcqSOI%2B3VlYtP33tXN3kx%2Fav25M5%2FU3R0TaZubs8hZYXtSqWOv%2BqmoaBPVOTPaS1Ttfhk7LGEG74r6F2blyf%2FEH98MGik0ZfVMIbEIcnTK0tBP1PWAObrpPeJdrVgZvP7vGkQ%2BF0BgVAferQC93xeGbIz1xwySdqJjg94XXTyZOXKlbdSu8UPZxzL%2Br4%2Fn7p%2BZmJv5u6wtwTb6tS4wgGre4774xcNPaszeR5UkBMz85JsD%2FWpzoiFnbJQ4WY2jcWy5QjJlaUeO8R5hgnXqs6tuX8yvWiUU9%2BqFvK5hfuP%2BOPCxIMCKmfy5opSphpUy21zKw%3D%3D","environmentVariables":{"FIREBASE_CONFIG":"{\"projectId\":\"wificontent-143da\",\"databaseURL\":\"https://wificontent-143da-default-rtdb.firebaseio.com\",\"storageBucket\":\"wificontent-143da.firebasestorage.app\"}","GCLOUD_PROJECT":"wificontent-143da","EVENTARC_CLOUD_EVENT_SOURCE":"projects/wificontent-143da/locations/us-central1/functions/createCheckoutSession"},"runtime":"nodejs20","buildId":"c96d8118-30a2-4795-9828-102257e4b186","buildEnvironmentVariables":{"GOOGLE_NODE_RUN_SCRIPTS":""},"secretEnvironmentVariables":[{"key":"STRIPE_SECRET","projectId":"wificontent-143da","secret":"STRIPE_SECRET","version":"1"}],"buildName":"projects/158237266758/locations/us-central1/builds/c96d8118-30a2-4795-9828-102257e4b186","dockerRegistry":"ARTIFACT_REGISTRY","automaticUpdatePolicy":{},"buildServiceAccount":"projects/wificontent-143da/serviceAccounts/158237266758-compute@developer.gserviceaccount.com"},"versionId":"2","updateTime":"2026-06-12T03:52:42Z"}}
[debug] [2026-06-12T03:52:42.909Z] <<< [apiv2][status] POST https://cloudfunctions.googleapis.com/v1/projects/wificontent-143da/locations/us-central1/functions 200
[debug] [2026-06-12T03:52:42.909Z] <<< [apiv2][body] POST https://cloudfunctions.googleapis.com/v1/projects/wificontent-143da/locations/us-central1/functions {"name":"operations/cHJvamVjdHMvd2lmaWNvbnRlbnQtMTQzZGEvbG9jYXRpb25zL3VzLWNlbnRyYWwxL29wZXJhdGlvbnMvb3BlcmF0aW9uLTE3ODEyMzYzNjI0NjYtNjU0MDY2OGE1NTVhMS0xYWYzMjY1Yy03ZDljNGEwMg","metadata":{"@type":"type.googleapis.com/google.cloud.functions.v1.OperationMetadataV1","target":"projects/wificontent-143da/locations/us-central1/functions/consumeUserBadgeOnPostCreate","updateTime":"2026-06-12T03:52:42.866366829Z"}}
[debug] [2026-06-12T03:52:42.909Z] Checked if tokens are valid: true, expires at: 1781239710613
[debug] [2026-06-12T03:52:42.909Z] Checked if tokens are valid: true, expires at: 1781239710613
[debug] [2026-06-12T03:52:42.909Z] >>> [apiv2][query] GET https://cloudfunctions.googleapis.com/v1/operations/cHJvamVjdHMvd2lmaWNvbnRlbnQtMTQzZGEvbG9jYXRpb25zL3VzLWNlbnRyYWwxL29wZXJhdGlvbnMvb3BlcmF0aW9uLTE3ODEyMzYzNjI0NjYtNjU0MDY2OGE1NTVhMS0xYWYzMjY1Yy03ZDljNGEwMg [none]
[debug] [2026-06-12T03:52:42.924Z] <<< [apiv2][status] GET https://cloudfunctions.googleapis.com/v1/operations/d2lmaWNvbnRlbnQtMTQzZGEvdXMtY2VudHJhbDEvYXBpL1BuQ0xkYTZQNXZJ 200
[debug] [2026-06-12T03:52:42.924Z] <<< [apiv2][body] GET https://cloudfunctions.googleapis.com/v1/operations/d2lmaWNvbnRlbnQtMTQzZGEvdXMtY2VudHJhbDEvYXBpL1BuQ0xkYTZQNXZJ {"name":"operations/d2lmaWNvbnRlbnQtMTQzZGEvdXMtY2VudHJhbDEvYXBpL1BuQ0xkYTZQNXZJ","metadata":{"@type":"type.googleapis.com/google.cloud.functions.v1.OperationMetadataV1","target":"projects/wificontent-143da/locations/us-central1/functions/api","type":"UPDATE_FUNCTION","request":{"@type":"type.googleapis.com/google.cloud.functions.v1.CloudFunction","name":"projects/wificontent-143da/locations/us-central1/functions/api","httpsTrigger":{"url":"https://us-central1-wificontent-143da.cloudfunctions.net/api","securityLevel":"SECURE_ALWAYS"},"status":"OFFLINE","entryPoint":"api","updateTime":"2026-06-12T03:49:15.397Z","versionId":"1","labels":{"deployment-tool":"cli-firebase","firebase-functions-hash":"f04f99181a37ddd0deea7a83159d393e6ce5c944"},"sourceUploadUrl":"https://storage.googleapis.com/uploads-692370461028.us-central1.cloudfunctions.appspot.com/4436f6aa-1e4b-40fa-8a94-60d055a1c725.zip?GoogleAccessId=service-158237266758@gcf-admin-robot.iam.gserviceaccount.com&Expires=1781238114&Signature=DkrHjDE%2BbtV6oKS1GQlRcqSOI%2B3VlYtP33tXN3kx%2Fav25M5%2FU3R0TaZubs8hZYXtSqWOv%2BqmoaBPVOTPaS1Ttfhk7LGEG74r6F2blyf%2FEH98MGik0ZfVMIbEIcnTK0tBP1PWAObrpPeJdrVgZvP7vGkQ%2BF0BgVAferQC93xeGbIz1xwySdqJjg94XXTyZOXKlbdSu8UPZxzL%2Br4%2Fn7p%2BZmJv5u6wtwTb6tS4wgGre4774xcNPaszeR5UkBMz85JsD%2FWpzoiFnbJQ4WY2jcWy5QjJlaUeO8R5hgnXqs6tuX8yvWiUU9%2BqFvK5hfuP%2BOPCxIMCKmfy5opSphpUy21zKw%3D%3D","environmentVariables":{"FIREBASE_CONFIG":"{\"projectId\":\"wificontent-143da\",\"databaseURL\":\"https://wificontent-143da-default-rtdb.firebaseio.com\",\"storageBucket\":\"wificontent-143da.firebasestorage.app\"}","GCLOUD_PROJECT":"wificontent-143da","EVENTARC_CLOUD_EVENT_SOURCE":"projects/wificontent-143da/locations/us-central1/functions/api"},"runtime":"nodejs20","buildId":"b32c4fc2-9b93-4a4a-b7b3-6aaa45fe553c","buildEnvironmentVariables":{"GOOGLE_NODE_RUN_SCRIPTS":""},"buildName":"projects/158237266758/locations/us-central1/builds/b32c4fc2-9b93-4a4a-b7b3-6aaa45fe553c","dockerRegistry":"ARTIFACT_REGISTRY","automaticUpdatePolicy":{},"buildServiceAccount":"projects/wificontent-143da/serviceAccounts/158237266758-compute@developer.gserviceaccount.com"},"versionId":"2","updateTime":"2026-06-12T03:52:42Z"}}
[debug] [2026-06-12T03:52:42.970Z] <<< [apiv2][status] GET https://cloudfunctions.googleapis.com/v1/operations/d2lmaWNvbnRlbnQtMTQzZGEvdXMtY2VudHJhbDEvaGFuZGxlU3RyaXBlV2ViaG9vay9xNlNpUjRhT2dwZw 200
[debug] [2026-06-12T03:52:42.970Z] <<< [apiv2][body] GET https://cloudfunctions.googleapis.com/v1/operations/d2lmaWNvbnRlbnQtMTQzZGEvdXMtY2VudHJhbDEvaGFuZGxlU3RyaXBlV2ViaG9vay9xNlNpUjRhT2dwZw {"name":"operations/d2lmaWNvbnRlbnQtMTQzZGEvdXMtY2VudHJhbDEvaGFuZGxlU3RyaXBlV2ViaG9vay9xNlNpUjRhT2dwZw","metadata":{"@type":"type.googleapis.com/google.cloud.functions.v1.OperationMetadataV1","target":"projects/wificontent-143da/locations/us-central1/functions/handleStripeWebhook","type":"UPDATE_FUNCTION","request":{"@type":"type.googleapis.com/google.cloud.functions.v1.CloudFunction","name":"projects/wificontent-143da/locations/us-central1/functions/handleStripeWebhook","httpsTrigger":{"url":"https://us-central1-wificontent-143da.cloudfunctions.net/handleStripeWebhook","securityLevel":"SECURE_ALWAYS"},"status":"ACTIVE","entryPoint":"handleStripeWebhook","updateTime":"2026-06-04T14:26:15.472Z","versionId":"3","labels":{"deployment-tool":"cli-firebase","firebase-functions-hash":"823af96df830f3f75c86b6355a997e6cb543b5fa"},"sourceUploadUrl":"https://storage.googleapis.com/uploads-692370461028.us-central1.cloudfunctions.appspot.com/4436f6aa-1e4b-40fa-8a94-60d055a1c725.zip?GoogleAccessId=service-158237266758@gcf-admin-robot.iam.gserviceaccount.com&Expires=1781238114&Signature=DkrHjDE%2BbtV6oKS1GQlRcqSOI%2B3VlYtP33tXN3kx%2Fav25M5%2FU3R0TaZubs8hZYXtSqWOv%2BqmoaBPVOTPaS1Ttfhk7LGEG74r6F2blyf%2FEH98MGik0ZfVMIbEIcnTK0tBP1PWAObrpPeJdrVgZvP7vGkQ%2BF0BgVAferQC93xeGbIz1xwySdqJjg94XXTyZOXKlbdSu8UPZxzL%2Br4%2Fn7p%2BZmJv5u6wtwTb6tS4wgGre4774xcNPaszeR5UkBMz85JsD%2FWpzoiFnbJQ4WY2jcWy5QjJlaUeO8R5hgnXqs6tuX8yvWiUU9%2BqFvK5hfuP%2BOPCxIMCKmfy5opSphpUy21zKw%3D%3D","environmentVariables":{"FIREBASE_CONFIG":"{\"projectId\":\"wificontent-143da\",\"databaseURL\":\"https://wificontent-143da-default-rtdb.firebaseio.com\",\"storageBucket\":\"wificontent-143da.firebasestorage.app\"}","GCLOUD_PROJECT":"wificontent-143da","EVENTARC_CLOUD_EVENT_SOURCE":"projects/wificontent-143da/locations/us-central1/functions/handleStripeWebhook"},"runtime":"nodejs20","buildId":"99ab3ad8-6f35-417c-8dbe-866afa72bb84","buildEnvironmentVariables":{"GOOGLE_NODE_RUN_SCRIPTS":""},"secretEnvironmentVariables":[{"key":"STRIPE_SECRET","projectId":"wificontent-143da","secret":"STRIPE_SECRET","version":"1"},{"key":"STRIPE_WEBHOOK_SECRET","projectId":"wificontent-143da","secret":"STRIPE_WEBHOOK_SECRET","version":"1"}],"buildName":"projects/158237266758/locations/us-central1/builds/99ab3ad8-6f35-417c-8dbe-866afa72bb84","dockerRegistry":"ARTIFACT_REGISTRY","automaticUpdatePolicy":{},"buildServiceAccount":"projects/wificontent-143da/serviceAccounts/158237266758-compute@developer.gserviceaccount.com"},"versionId":"4","updateTime":"2026-06-12T03:52:42Z"}}
[debug] [2026-06-12T03:52:42.975Z] <<< [apiv2][status] GET https://cloudfunctions.googleapis.com/v1/operations/d2lmaWNvbnRlbnQtMTQzZGEvdXMtY2VudHJhbDEvY3JlYXRlUGF5bWVudEludGVudC9jLU1CVDBFTlRCdw 200
[debug] [2026-06-12T03:52:42.975Z] <<< [apiv2][body] GET https://cloudfunctions.googleapis.com/v1/operations/d2lmaWNvbnRlbnQtMTQzZGEvdXMtY2VudHJhbDEvY3JlYXRlUGF5bWVudEludGVudC9jLU1CVDBFTlRCdw {"name":"operations/d2lmaWNvbnRlbnQtMTQzZGEvdXMtY2VudHJhbDEvY3JlYXRlUGF5bWVudEludGVudC9jLU1CVDBFTlRCdw","metadata":{"@type":"type.googleapis.com/google.cloud.functions.v1.OperationMetadataV1","target":"projects/wificontent-143da/locations/us-central1/functions/createPaymentIntent","type":"UPDATE_FUNCTION","request":{"@type":"type.googleapis.com/google.cloud.functions.v1.CloudFunction","name":"projects/wificontent-143da/locations/us-central1/functions/createPaymentIntent","httpsTrigger":{"url":"https://us-central1-wificontent-143da.cloudfunctions.net/createPaymentIntent","securityLevel":"SECURE_ALWAYS"},"status":"ACTIVE","entryPoint":"createPaymentIntent","updateTime":"2026-06-04T14:26:15.364Z","versionId":"2","labels":{"deployment-tool":"cli-firebase","deployment-callable":"true","firebase-functions-hash":"16c76575d73ded68adb989e0bab01fa6f6fd5eab"},"sourceUploadUrl":"https://storage.googleapis.com/uploads-692370461028.us-central1.cloudfunctions.appspot.com/4436f6aa-1e4b-40fa-8a94-60d055a1c725.zip?GoogleAccessId=service-158237266758@gcf-admin-robot.iam.gserviceaccount.com&Expires=1781238114&Signature=DkrHjDE%2BbtV6oKS1GQlRcqSOI%2B3VlYtP33tXN3kx%2Fav25M5%2FU3R0TaZubs8hZYXtSqWOv%2BqmoaBPVOTPaS1Ttfhk7LGEG74r6F2blyf%2FEH98MGik0ZfVMIbEIcnTK0tBP1PWAObrpPeJdrVgZvP7vGkQ%2BF0BgVAferQC93xeGbIz1xwySdqJjg94XXTyZOXKlbdSu8UPZxzL%2Br4%2Fn7p%2BZmJv5u6wtwTb6tS4wgGre4774xcNPaszeR5UkBMz85JsD%2FWpzoiFnbJQ4WY2jcWy5QjJlaUeO8R5hgnXqs6tuX8yvWiUU9%2BqFvK5hfuP%2BOPCxIMCKmfy5opSphpUy21zKw%3D%3D","environmentVariables":{"FIREBASE_CONFIG":"{\"projectId\":\"wificontent-143da\",\"databaseURL\":\"https://wificontent-143da-default-rtdb.firebaseio.com\",\"storageBucket\":\"wificontent-143da.firebasestorage.app\"}","GCLOUD_PROJECT":"wificontent-143da","EVENTARC_CLOUD_EVENT_SOURCE":"projects/wificontent-143da/locations/us-central1/functions/createPaymentIntent"},"runtime":"nodejs20","buildId":"99ab3ad8-6f35-417c-8dbe-866afa72bb84","buildEnvironmentVariables":{"GOOGLE_NODE_RUN_SCRIPTS":""},"secretEnvironmentVariables":[{"key":"STRIPE_SECRET","projectId":"wificontent-143da","secret":"STRIPE_SECRET","version":"1"}],"buildName":"projects/158237266758/locations/us-central1/builds/99ab3ad8-6f35-417c-8dbe-866afa72bb84","dockerRegistry":"ARTIFACT_REGISTRY","automaticUpdatePolicy":{},"buildServiceAccount":"projects/wificontent-143da/serviceAccounts/158237266758-compute@developer.gserviceaccount.com"},"versionId":"3","updateTime":"2026-06-12T03:52:42Z"}}
[debug] [2026-06-12T03:52:42.993Z] <<< [apiv2][status] GET https://cloudfunctions.googleapis.com/v1/operations/cHJvamVjdHMvd2lmaWNvbnRlbnQtMTQzZGEvbG9jYXRpb25zL3VzLWNlbnRyYWwxL29wZXJhdGlvbnMvb3BlcmF0aW9uLTE3ODEyMzYzNjI0NTEtNjU0MDY2OGE1MWI1NC1lNjE5ODVkOC01ODQxODNkNA 200
[debug] [2026-06-12T03:52:42.993Z] <<< [apiv2][body] GET https://cloudfunctions.googleapis.com/v1/operations/cHJvamVjdHMvd2lmaWNvbnRlbnQtMTQzZGEvbG9jYXRpb25zL3VzLWNlbnRyYWwxL29wZXJhdGlvbnMvb3BlcmF0aW9uLTE3ODEyMzYzNjI0NTEtNjU0MDY2OGE1MWI1NC1lNjE5ODVkOC01ODQxODNkNA {"name":"operations/cHJvamVjdHMvd2lmaWNvbnRlbnQtMTQzZGEvbG9jYXRpb25zL3VzLWNlbnRyYWwxL29wZXJhdGlvbnMvb3BlcmF0aW9uLTE3ODEyMzYzNjI0NTEtNjU0MDY2OGE1MWI1NC1lNjE5ODVkOC01ODQxODNkNA","metadata":{"@type":"type.googleapis.com/google.cloud.functions.v1.OperationMetadataV1","target":"projects/wificontent-143da/locations/us-central1/functions/postMetricsAggregator","updateTime":"2026-06-12T03:52:42.823060493Z"}}
[debug] [2026-06-12T03:52:43.011Z] <<< [apiv2][status] GET https://cloudfunctions.googleapis.com/v1/operations/cHJvamVjdHMvd2lmaWNvbnRlbnQtMTQzZGEvbG9jYXRpb25zL3VzLWNlbnRyYWwxL29wZXJhdGlvbnMvb3BlcmF0aW9uLTE3ODEyMzYzNjI0NjctNjU0MDY2OGE1NTg2MS03NTQwODhmNC1mZGJhZWU0Yw 200
[debug] [2026-06-12T03:52:43.011Z] <<< [apiv2][body] GET https://cloudfunctions.googleapis.com/v1/operations/cHJvamVjdHMvd2lmaWNvbnRlbnQtMTQzZGEvbG9jYXRpb25zL3VzLWNlbnRyYWwxL29wZXJhdGlvbnMvb3BlcmF0aW9uLTE3ODEyMzYzNjI0NjctNjU0MDY2OGE1NTg2MS03NTQwODhmNC1mZGJhZWU0Yw {"name":"operations/cHJvamVjdHMvd2lmaWNvbnRlbnQtMTQzZGEvbG9jYXRpb25zL3VzLWNlbnRyYWwxL29wZXJhdGlvbnMvb3BlcmF0aW9uLTE3ODEyMzYzNjI0NjctNjU0MDY2OGE1NTg2MS03NTQwODhmNC1mZGJhZWU0Yw","metadata":{"@type":"type.googleapis.com/google.cloud.functions.v1.OperationMetadataV1","target":"projects/wificontent-143da/locations/us-central1/functions/cleanBadgesOnContentRemoval","updateTime":"2026-06-12T03:52:42.839839353Z"}}
[debug] [2026-06-12T03:52:43.033Z] <<< [apiv2][status] GET https://cloudfunctions.googleapis.com/v1/operations/cHJvamVjdHMvd2lmaWNvbnRlbnQtMTQzZGEvbG9jYXRpb25zL3VzLWNlbnRyYWwxL29wZXJhdGlvbnMvb3BlcmF0aW9uLTE3ODEyMzYzNjI0NjYtNjU0MDY2OGE1NTVhMS0xYWYzMjY1Yy03ZDljNGEwMg 200
[debug] [2026-06-12T03:52:43.033Z] <<< [apiv2][body] GET https://cloudfunctions.googleapis.com/v1/operations/cHJvamVjdHMvd2lmaWNvbnRlbnQtMTQzZGEvbG9jYXRpb25zL3VzLWNlbnRyYWwxL29wZXJhdGlvbnMvb3BlcmF0aW9uLTE3ODEyMzYzNjI0NjYtNjU0MDY2OGE1NTVhMS0xYWYzMjY1Yy03ZDljNGEwMg {"name":"operations/cHJvamVjdHMvd2lmaWNvbnRlbnQtMTQzZGEvbG9jYXRpb25zL3VzLWNlbnRyYWwxL29wZXJhdGlvbnMvb3BlcmF0aW9uLTE3ODEyMzYzNjI0NjYtNjU0MDY2OGE1NTVhMS0xYWYzMjY1Yy03ZDljNGEwMg","metadata":{"@type":"type.googleapis.com/google.cloud.functions.v1.OperationMetadataV1","target":"projects/wificontent-143da/locations/us-central1/functions/consumeUserBadgeOnPostCreate","updateTime":"2026-06-12T03:52:42.866366829Z"}}
[debug] [2026-06-12T03:52:43.368Z] [update-default-us-central1-getCheckoutSessionResult] Retrying task index 0
[debug] [2026-06-12T03:52:43.368Z] Checked if tokens are valid: true, expires at: 1781239710613
[debug] [2026-06-12T03:52:43.368Z] Checked if tokens are valid: true, expires at: 1781239710613
[debug] [2026-06-12T03:52:43.368Z] >>> [apiv2][query] GET https://cloudfunctions.googleapis.com/v1/operations/d2lmaWNvbnRlbnQtMTQzZGEvdXMtY2VudHJhbDEvZ2V0Q2hlY2tvdXRTZXNzaW9uUmVzdWx0L2pncUhhSmpKV3hj [none]
[debug] [2026-06-12T03:52:43.390Z] [update-default-us-central1-createCheckoutSessionCallable] Retrying task index 0
[debug] [2026-06-12T03:52:43.390Z] Checked if tokens are valid: true, expires at: 1781239710613
[debug] [2026-06-12T03:52:43.390Z] Checked if tokens are valid: true, expires at: 1781239710613
[debug] [2026-06-12T03:52:43.390Z] >>> [apiv2][query] GET https://cloudfunctions.googleapis.com/v1/operations/d2lmaWNvbnRlbnQtMTQzZGEvdXMtY2VudHJhbDEvY3JlYXRlQ2hlY2tvdXRTZXNzaW9uQ2FsbGFibGUvUUtscU5LTzFndDA [none]
[debug] [2026-06-12T03:52:43.391Z] [update-default-us-central1-createCheckoutSession] Retrying task index 0
[debug] [2026-06-12T03:52:43.392Z] Checked if tokens are valid: true, expires at: 1781239710613
[debug] [2026-06-12T03:52:43.392Z] Checked if tokens are valid: true, expires at: 1781239710613
[debug] [2026-06-12T03:52:43.392Z] >>> [apiv2][query] GET https://cloudfunctions.googleapis.com/v1/operations/d2lmaWNvbnRlbnQtMTQzZGEvdXMtY2VudHJhbDEvY3JlYXRlQ2hlY2tvdXRTZXNzaW9uL3NiUXBZTXVmUXI0 [none]
[debug] [2026-06-12T03:52:43.425Z] [update-default-us-central1-api] Retrying task index 0
[debug] [2026-06-12T03:52:43.425Z] Checked if tokens are valid: true, expires at: 1781239710613
[debug] [2026-06-12T03:52:43.425Z] Checked if tokens are valid: true, expires at: 1781239710613
[debug] [2026-06-12T03:52:43.425Z] >>> [apiv2][query] GET https://cloudfunctions.googleapis.com/v1/operations/d2lmaWNvbnRlbnQtMTQzZGEvdXMtY2VudHJhbDEvYXBpL1BuQ0xkYTZQNXZJ [none]
[debug] [2026-06-12T03:52:43.471Z] [update-default-us-central1-handleStripeWebhook] Retrying task index 0
[debug] [2026-06-12T03:52:43.472Z] Checked if tokens are valid: true, expires at: 1781239710613
[debug] [2026-06-12T03:52:43.472Z] Checked if tokens are valid: true, expires at: 1781239710613
[debug] [2026-06-12T03:52:43.472Z] >>> [apiv2][query] GET https://cloudfunctions.googleapis.com/v1/operations/d2lmaWNvbnRlbnQtMTQzZGEvdXMtY2VudHJhbDEvaGFuZGxlU3RyaXBlV2ViaG9vay9xNlNpUjRhT2dwZw [none]
[debug] [2026-06-12T03:52:43.475Z] [update-default-us-central1-createPaymentIntent] Retrying task index 0
[debug] [2026-06-12T03:52:43.475Z] Checked if tokens are valid: true, expires at: 1781239710613
[debug] [2026-06-12T03:52:43.475Z] Checked if tokens are valid: true, expires at: 1781239710613
[debug] [2026-06-12T03:52:43.475Z] >>> [apiv2][query] GET https://cloudfunctions.googleapis.com/v1/operations/d2lmaWNvbnRlbnQtMTQzZGEvdXMtY2VudHJhbDEvY3JlYXRlUGF5bWVudEludGVudC9jLU1CVDBFTlRCdw [none]
[debug] [2026-06-12T03:52:43.488Z] <<< [apiv2][status] GET https://cloudfunctions.googleapis.com/v1/operations/d2lmaWNvbnRlbnQtMTQzZGEvdXMtY2VudHJhbDEvZ2V0Q2hlY2tvdXRTZXNzaW9uUmVzdWx0L2pncUhhSmpKV3hj 200
[debug] [2026-06-12T03:52:43.488Z] <<< [apiv2][body] GET https://cloudfunctions.googleapis.com/v1/operations/d2lmaWNvbnRlbnQtMTQzZGEvdXMtY2VudHJhbDEvZ2V0Q2hlY2tvdXRTZXNzaW9uUmVzdWx0L2pncUhhSmpKV3hj {"name":"operations/d2lmaWNvbnRlbnQtMTQzZGEvdXMtY2VudHJhbDEvZ2V0Q2hlY2tvdXRTZXNzaW9uUmVzdWx0L2pncUhhSmpKV3hj","metadata":{"@type":"type.googleapis.com/google.cloud.functions.v1.OperationMetadataV1","target":"projects/wificontent-143da/locations/us-central1/functions/getCheckoutSessionResult","type":"UPDATE_FUNCTION","request":{"@type":"type.googleapis.com/google.cloud.functions.v1.CloudFunction","name":"projects/wificontent-143da/locations/us-central1/functions/getCheckoutSessionResult","httpsTrigger":{"url":"https://us-central1-wificontent-143da.cloudfunctions.net/getCheckoutSessionResult","securityLevel":"SECURE_ALWAYS"},"status":"ACTIVE","entryPoint":"getCheckoutSessionResult","updateTime":"2026-06-04T13:50:39.069Z","versionId":"1","labels":{"deployment-tool":"cli-firebase","deployment-callable":"true","firebase-functions-hash":"16c76575d73ded68adb989e0bab01fa6f6fd5eab"},"sourceUploadUrl":"https://storage.googleapis.com/uploads-692370461028.us-central1.cloudfunctions.appspot.com/4436f6aa-1e4b-40fa-8a94-60d055a1c725.zip?GoogleAccessId=service-158237266758@gcf-admin-robot.iam.gserviceaccount.com&Expires=1781238114&Signature=DkrHjDE%2BbtV6oKS1GQlRcqSOI%2B3VlYtP33tXN3kx%2Fav25M5%2FU3R0TaZubs8hZYXtSqWOv%2BqmoaBPVOTPaS1Ttfhk7LGEG74r6F2blyf%2FEH98MGik0ZfVMIbEIcnTK0tBP1PWAObrpPeJdrVgZvP7vGkQ%2BF0BgVAferQC93xeGbIz1xwySdqJjg94XXTyZOXKlbdSu8UPZxzL%2Br4%2Fn7p%2BZmJv5u6wtwTb6tS4wgGre4774xcNPaszeR5UkBMz85JsD%2FWpzoiFnbJQ4WY2jcWy5QjJlaUeO8R5hgnXqs6tuX8yvWiUU9%2BqFvK5hfuP%2BOPCxIMCKmfy5opSphpUy21zKw%3D%3D","environmentVariables":{"FIREBASE_CONFIG":"{\"projectId\":\"wificontent-143da\",\"databaseURL\":\"https://wificontent-143da-default-rtdb.firebaseio.com\",\"storageBucket\":\"wificontent-143da.firebasestorage.app\"}","GCLOUD_PROJECT":"wificontent-143da","EVENTARC_CLOUD_EVENT_SOURCE":"projects/wificontent-143da/locations/us-central1/functions/getCheckoutSessionResult"},"runtime":"nodejs20","buildId":"c96d8118-30a2-4795-9828-102257e4b186","buildEnvironmentVariables":{"GOOGLE_NODE_RUN_SCRIPTS":""},"secretEnvironmentVariables":[{"key":"STRIPE_SECRET","projectId":"wificontent-143da","secret":"STRIPE_SECRET","version":"1"}],"buildName":"projects/158237266758/locations/us-central1/builds/c96d8118-30a2-4795-9828-102257e4b186","dockerRegistry":"ARTIFACT_REGISTRY","automaticUpdatePolicy":{},"buildServiceAccount":"projects/wificontent-143da/serviceAccounts/158237266758-compute@developer.gserviceaccount.com"},"versionId":"2","updateTime":"2026-06-12T03:52:42Z"}}
[debug] [2026-06-12T03:52:43.494Z] [create-default-us-central1-postMetricsAggregator] Retrying task index 0
[debug] [2026-06-12T03:52:43.494Z] Checked if tokens are valid: true, expires at: 1781239710613
[debug] [2026-06-12T03:52:43.494Z] Checked if tokens are valid: true, expires at: 1781239710613
[debug] [2026-06-12T03:52:43.494Z] >>> [apiv2][query] GET https://cloudfunctions.googleapis.com/v1/operations/cHJvamVjdHMvd2lmaWNvbnRlbnQtMTQzZGEvbG9jYXRpb25zL3VzLWNlbnRyYWwxL29wZXJhdGlvbnMvb3BlcmF0aW9uLTE3ODEyMzYzNjI0NTEtNjU0MDY2OGE1MWI1NC1lNjE5ODVkOC01ODQxODNkNA [none]
[debug] [2026-06-12T03:52:43.513Z] [create-default-us-central1-cleanBadgesOnContentRemoval] Retrying task index 0
[debug] [2026-06-12T03:52:43.513Z] Checked if tokens are valid: true, expires at: 1781239710613
[debug] [2026-06-12T03:52:43.513Z] Checked if tokens are valid: true, expires at: 1781239710613
[debug] [2026-06-12T03:52:43.513Z] >>> [apiv2][query] GET https://cloudfunctions.googleapis.com/v1/operations/cHJvamVjdHMvd2lmaWNvbnRlbnQtMTQzZGEvbG9jYXRpb25zL3VzLWNlbnRyYWwxL29wZXJhdGlvbnMvb3BlcmF0aW9uLTE3ODEyMzYzNjI0NjctNjU0MDY2OGE1NTg2MS03NTQwODhmNC1mZGJhZWU0Yw [none]
[debug] [2026-06-12T03:52:43.531Z] <<< [apiv2][status] GET https://cloudfunctions.googleapis.com/v1/operations/d2lmaWNvbnRlbnQtMTQzZGEvdXMtY2VudHJhbDEvY3JlYXRlQ2hlY2tvdXRTZXNzaW9uQ2FsbGFibGUvUUtscU5LTzFndDA 200
[debug] [2026-06-12T03:52:43.531Z] <<< [apiv2][body] GET https://cloudfunctions.googleapis.com/v1/operations/d2lmaWNvbnRlbnQtMTQzZGEvdXMtY2VudHJhbDEvY3JlYXRlQ2hlY2tvdXRTZXNzaW9uQ2FsbGFibGUvUUtscU5LTzFndDA {"name":"operations/d2lmaWNvbnRlbnQtMTQzZGEvdXMtY2VudHJhbDEvY3JlYXRlQ2hlY2tvdXRTZXNzaW9uQ2FsbGFibGUvUUtscU5LTzFndDA","metadata":{"@type":"type.googleapis.com/google.cloud.functions.v1.OperationMetadataV1","target":"projects/wificontent-143da/locations/us-central1/functions/createCheckoutSessionCallable","type":"UPDATE_FUNCTION","request":{"@type":"type.googleapis.com/google.cloud.functions.v1.CloudFunction","name":"projects/wificontent-143da/locations/us-central1/functions/createCheckoutSessionCallable","httpsTrigger":{"url":"https://us-central1-wificontent-143da.cloudfunctions.net/createCheckoutSessionCallable","securityLevel":"SECURE_ALWAYS"},"status":"ACTIVE","entryPoint":"createCheckoutSessionCallable","updateTime":"2026-06-04T13:50:38.804Z","versionId":"1","labels":{"deployment-tool":"cli-firebase","deployment-callable":"true","firebase-functions-hash":"16c76575d73ded68adb989e0bab01fa6f6fd5eab"},"sourceUploadUrl":"https://storage.googleapis.com/uploads-692370461028.us-central1.cloudfunctions.appspot.com/4436f6aa-1e4b-40fa-8a94-60d055a1c725.zip?GoogleAccessId=service-158237266758@gcf-admin-robot.iam.gserviceaccount.com&Expires=1781238114&Signature=DkrHjDE%2BbtV6oKS1GQlRcqSOI%2B3VlYtP33tXN3kx%2Fav25M5%2FU3R0TaZubs8hZYXtSqWOv%2BqmoaBPVOTPaS1Ttfhk7LGEG74r6F2blyf%2FEH98MGik0ZfVMIbEIcnTK0tBP1PWAObrpPeJdrVgZvP7vGkQ%2BF0BgVAferQC93xeGbIz1xwySdqJjg94XXTyZOXKlbdSu8UPZxzL%2Br4%2Fn7p%2BZmJv5u6wtwTb6tS4wgGre4774xcNPaszeR5UkBMz85JsD%2FWpzoiFnbJQ4WY2jcWy5QjJlaUeO8R5hgnXqs6tuX8yvWiUU9%2BqFvK5hfuP%2BOPCxIMCKmfy5opSphpUy21zKw%3D%3D","environmentVariables":{"FIREBASE_CONFIG":"{\"projectId\":\"wificontent-143da\",\"databaseURL\":\"https://wificontent-143da-default-rtdb.firebaseio.com\",\"storageBucket\":\"wificontent-143da.firebasestorage.app\"}","GCLOUD_PROJECT":"wificontent-143da","EVENTARC_CLOUD_EVENT_SOURCE":"projects/wificontent-143da/locations/us-central1/functions/createCheckoutSessionCallable"},"runtime":"nodejs20","buildId":"c96d8118-30a2-4795-9828-102257e4b186","buildEnvironmentVariables":{"GOOGLE_NODE_RUN_SCRIPTS":""},"secretEnvironmentVariables":[{"key":"STRIPE_SECRET","projectId":"wificontent-143da","secret":"STRIPE_SECRET","version":"1"}],"buildName":"projects/158237266758/locations/us-central1/builds/c96d8118-30a2-4795-9828-102257e4b186","dockerRegistry":"ARTIFACT_REGISTRY","automaticUpdatePolicy":{},"buildServiceAccount":"projects/wificontent-143da/serviceAccounts/158237266758-compute@developer.gserviceaccount.com"},"versionId":"2","updateTime":"2026-06-12T03:52:42Z"}}
[debug] [2026-06-12T03:52:43.532Z] <<< [apiv2][status] GET https://cloudfunctions.googleapis.com/v1/operations/d2lmaWNvbnRlbnQtMTQzZGEvdXMtY2VudHJhbDEvY3JlYXRlQ2hlY2tvdXRTZXNzaW9uL3NiUXBZTXVmUXI0 200
[debug] [2026-06-12T03:52:43.532Z] <<< [apiv2][body] GET https://cloudfunctions.googleapis.com/v1/operations/d2lmaWNvbnRlbnQtMTQzZGEvdXMtY2VudHJhbDEvY3JlYXRlQ2hlY2tvdXRTZXNzaW9uL3NiUXBZTXVmUXI0 {"name":"operations/d2lmaWNvbnRlbnQtMTQzZGEvdXMtY2VudHJhbDEvY3JlYXRlQ2hlY2tvdXRTZXNzaW9uL3NiUXBZTXVmUXI0","metadata":{"@type":"type.googleapis.com/google.cloud.functions.v1.OperationMetadataV1","target":"projects/wificontent-143da/locations/us-central1/functions/createCheckoutSession","type":"UPDATE_FUNCTION","request":{"@type":"type.googleapis.com/google.cloud.functions.v1.CloudFunction","name":"projects/wificontent-143da/locations/us-central1/functions/createCheckoutSession","httpsTrigger":{"url":"https://us-central1-wificontent-143da.cloudfunctions.net/createCheckoutSession","securityLevel":"SECURE_ALWAYS"},"status":"ACTIVE","entryPoint":"createCheckoutSession","updateTime":"2026-06-04T13:50:41.855Z","versionId":"1","labels":{"deployment-tool":"cli-firebase","firebase-functions-hash":"16c76575d73ded68adb989e0bab01fa6f6fd5eab"},"sourceUploadUrl":"https://storage.googleapis.com/uploads-692370461028.us-central1.cloudfunctions.appspot.com/4436f6aa-1e4b-40fa-8a94-60d055a1c725.zip?GoogleAccessId=service-158237266758@gcf-admin-robot.iam.gserviceaccount.com&Expires=1781238114&Signature=DkrHjDE%2BbtV6oKS1GQlRcqSOI%2B3VlYtP33tXN3kx%2Fav25M5%2FU3R0TaZubs8hZYXtSqWOv%2BqmoaBPVOTPaS1Ttfhk7LGEG74r6F2blyf%2FEH98MGik0ZfVMIbEIcnTK0tBP1PWAObrpPeJdrVgZvP7vGkQ%2BF0BgVAferQC93xeGbIz1xwySdqJjg94XXTyZOXKlbdSu8UPZxzL%2Br4%2Fn7p%2BZmJv5u6wtwTb6tS4wgGre4774xcNPaszeR5UkBMz85JsD%2FWpzoiFnbJQ4WY2jcWy5QjJlaUeO8R5hgnXqs6tuX8yvWiUU9%2BqFvK5hfuP%2BOPCxIMCKmfy5opSphpUy21zKw%3D%3D","environmentVariables":{"FIREBASE_CONFIG":"{\"projectId\":\"wificontent-143da\",\"databaseURL\":\"https://wificontent-143da-default-rtdb.firebaseio.com\",\"storageBucket\":\"wificontent-143da.firebasestorage.app\"}","GCLOUD_PROJECT":"wificontent-143da","EVENTARC_CLOUD_EVENT_SOURCE":"projects/wificontent-143da/locations/us-central1/functions/createCheckoutSession"},"runtime":"nodejs20","buildId":"c96d8118-30a2-4795-9828-102257e4b186","buildEnvironmentVariables":{"GOOGLE_NODE_RUN_SCRIPTS":""},"secretEnvironmentVariables":[{"key":"STRIPE_SECRET","projectId":"wificontent-143da","secret":"STRIPE_SECRET","version":"1"}],"buildName":"projects/158237266758/locations/us-central1/builds/c96d8118-30a2-4795-9828-102257e4b186","dockerRegistry":"ARTIFACT_REGISTRY","automaticUpdatePolicy":{},"buildServiceAccount":"projects/wificontent-143da/serviceAccounts/158237266758-compute@developer.gserviceaccount.com"},"versionId":"2","updateTime":"2026-06-12T03:52:42Z"}}
[debug] [2026-06-12T03:52:43.532Z] [create-default-us-central1-consumeUserBadgeOnPostCreate] Retrying task index 0
[debug] [2026-06-12T03:52:43.532Z] Checked if tokens are valid: true, expires at: 1781239710613
[debug] [2026-06-12T03:52:43.532Z] Checked if tokens are valid: true, expires at: 1781239710613
[debug] [2026-06-12T03:52:43.532Z] >>> [apiv2][query] GET https://cloudfunctions.googleapis.com/v1/operations/cHJvamVjdHMvd2lmaWNvbnRlbnQtMTQzZGEvbG9jYXRpb25zL3VzLWNlbnRyYWwxL29wZXJhdGlvbnMvb3BlcmF0aW9uLTE3ODEyMzYzNjI0NjYtNjU0MDY2OGE1NTVhMS0xYWYzMjY1Yy03ZDljNGEwMg [none]
[debug] [2026-06-12T03:52:43.550Z] <<< [apiv2][status] GET https://cloudfunctions.googleapis.com/v1/operations/d2lmaWNvbnRlbnQtMTQzZGEvdXMtY2VudHJhbDEvYXBpL1BuQ0xkYTZQNXZJ 200
[debug] [2026-06-12T03:52:43.551Z] <<< [apiv2][body] GET https://cloudfunctions.googleapis.com/v1/operations/d2lmaWNvbnRlbnQtMTQzZGEvdXMtY2VudHJhbDEvYXBpL1BuQ0xkYTZQNXZJ {"name":"operations/d2lmaWNvbnRlbnQtMTQzZGEvdXMtY2VudHJhbDEvYXBpL1BuQ0xkYTZQNXZJ","metadata":{"@type":"type.googleapis.com/google.cloud.functions.v1.OperationMetadataV1","target":"projects/wificontent-143da/locations/us-central1/functions/api","type":"UPDATE_FUNCTION","request":{"@type":"type.googleapis.com/google.cloud.functions.v1.CloudFunction","name":"projects/wificontent-143da/locations/us-central1/functions/api","httpsTrigger":{"url":"https://us-central1-wificontent-143da.cloudfunctions.net/api","securityLevel":"SECURE_ALWAYS"},"status":"OFFLINE","entryPoint":"api","updateTime":"2026-06-12T03:49:15.397Z","versionId":"1","labels":{"deployment-tool":"cli-firebase","firebase-functions-hash":"f04f99181a37ddd0deea7a83159d393e6ce5c944"},"sourceUploadUrl":"https://storage.googleapis.com/uploads-692370461028.us-central1.cloudfunctions.appspot.com/4436f6aa-1e4b-40fa-8a94-60d055a1c725.zip?GoogleAccessId=service-158237266758@gcf-admin-robot.iam.gserviceaccount.com&Expires=1781238114&Signature=DkrHjDE%2BbtV6oKS1GQlRcqSOI%2B3VlYtP33tXN3kx%2Fav25M5%2FU3R0TaZubs8hZYXtSqWOv%2BqmoaBPVOTPaS1Ttfhk7LGEG74r6F2blyf%2FEH98MGik0ZfVMIbEIcnTK0tBP1PWAObrpPeJdrVgZvP7vGkQ%2BF0BgVAferQC93xeGbIz1xwySdqJjg94XXTyZOXKlbdSu8UPZxzL%2Br4%2Fn7p%2BZmJv5u6wtwTb6tS4wgGre4774xcNPaszeR5UkBMz85JsD%2FWpzoiFnbJQ4WY2jcWy5QjJlaUeO8R5hgnXqs6tuX8yvWiUU9%2BqFvK5hfuP%2BOPCxIMCKmfy5opSphpUy21zKw%3D%3D","environmentVariables":{"FIREBASE_CONFIG":"{\"projectId\":\"wificontent-143da\",\"databaseURL\":\"https://wificontent-143da-default-rtdb.firebaseio.com\",\"storageBucket\":\"wificontent-143da.firebasestorage.app\"}","GCLOUD_PROJECT":"wificontent-143da","EVENTARC_CLOUD_EVENT_SOURCE":"projects/wificontent-143da/locations/us-central1/functions/api"},"runtime":"nodejs20","buildId":"b32c4fc2-9b93-4a4a-b7b3-6aaa45fe553c","buildEnvironmentVariables":{"GOOGLE_NODE_RUN_SCRIPTS":""},"buildName":"projects/158237266758/locations/us-central1/builds/b32c4fc2-9b93-4a4a-b7b3-6aaa45fe553c","dockerRegistry":"ARTIFACT_REGISTRY","automaticUpdatePolicy":{},"buildServiceAccount":"projects/wificontent-143da/serviceAccounts/158237266758-compute@developer.gserviceaccount.com"},"versionId":"2","updateTime":"2026-06-12T03:52:42Z"}}
[debug] [2026-06-12T03:52:43.586Z] <<< [apiv2][status] GET https://cloudfunctions.googleapis.com/v1/operations/d2lmaWNvbnRlbnQtMTQzZGEvdXMtY2VudHJhbDEvY3JlYXRlUGF5bWVudEludGVudC9jLU1CVDBFTlRCdw 200
[debug] [2026-06-12T03:52:43.586Z] <<< [apiv2][body] GET https://cloudfunctions.googleapis.com/v1/operations/d2lmaWNvbnRlbnQtMTQzZGEvdXMtY2VudHJhbDEvY3JlYXRlUGF5bWVudEludGVudC9jLU1CVDBFTlRCdw {"name":"operations/d2lmaWNvbnRlbnQtMTQzZGEvdXMtY2VudHJhbDEvY3JlYXRlUGF5bWVudEludGVudC9jLU1CVDBFTlRCdw","metadata":{"@type":"type.googleapis.com/google.cloud.functions.v1.OperationMetadataV1","target":"projects/wificontent-143da/locations/us-central1/functions/createPaymentIntent","type":"UPDATE_FUNCTION","request":{"@type":"type.googleapis.com/google.cloud.functions.v1.CloudFunction","name":"projects/wificontent-143da/locations/us-central1/functions/createPaymentIntent","httpsTrigger":{"url":"https://us-central1-wificontent-143da.cloudfunctions.net/createPaymentIntent","securityLevel":"SECURE_ALWAYS"},"status":"ACTIVE","entryPoint":"createPaymentIntent","updateTime":"2026-06-04T14:26:15.364Z","versionId":"2","labels":{"deployment-tool":"cli-firebase","deployment-callable":"true","firebase-functions-hash":"16c76575d73ded68adb989e0bab01fa6f6fd5eab"},"sourceUploadUrl":"https://storage.googleapis.com/uploads-692370461028.us-central1.cloudfunctions.appspot.com/4436f6aa-1e4b-40fa-8a94-60d055a1c725.zip?GoogleAccessId=service-158237266758@gcf-admin-robot.iam.gserviceaccount.com&Expires=1781238114&Signature=DkrHjDE%2BbtV6oKS1GQlRcqSOI%2B3VlYtP33tXN3kx%2Fav25M5%2FU3R0TaZubs8hZYXtSqWOv%2BqmoaBPVOTPaS1Ttfhk7LGEG74r6F2blyf%2FEH98MGik0ZfVMIbEIcnTK0tBP1PWAObrpPeJdrVgZvP7vGkQ%2BF0BgVAferQC93xeGbIz1xwySdqJjg94XXTyZOXKlbdSu8UPZxzL%2Br4%2Fn7p%2BZmJv5u6wtwTb6tS4wgGre4774xcNPaszeR5UkBMz85JsD%2FWpzoiFnbJQ4WY2jcWy5QjJlaUeO8R5hgnXqs6tuX8yvWiUU9%2BqFvK5hfuP%2BOPCxIMCKmfy5opSphpUy21zKw%3D%3D","environmentVariables":{"FIREBASE_CONFIG":"{\"projectId\":\"wificontent-143da\",\"databaseURL\":\"https://wificontent-143da-default-rtdb.firebaseio.com\",\"storageBucket\":\"wificontent-143da.firebasestorage.app\"}","GCLOUD_PROJECT":"wificontent-143da","EVENTARC_CLOUD_EVENT_SOURCE":"projects/wificontent-143da/locations/us-central1/functions/createPaymentIntent"},"runtime":"nodejs20","buildId":"99ab3ad8-6f35-417c-8dbe-866afa72bb84","buildEnvironmentVariables":{"GOOGLE_NODE_RUN_SCRIPTS":""},"secretEnvironmentVariables":[{"key":"STRIPE_SECRET","projectId":"wificontent-143da","secret":"STRIPE_SECRET","version":"1"}],"buildName":"projects/158237266758/locations/us-central1/builds/99ab3ad8-6f35-417c-8dbe-866afa72bb84","dockerRegistry":"ARTIFACT_REGISTRY","automaticUpdatePolicy":{},"buildServiceAccount":"projects/wificontent-143da/serviceAccounts/158237266758-compute@developer.gserviceaccount.com"},"versionId":"3","updateTime":"2026-06-12T03:52:42Z","buildId":"a94af4a3-b0aa-411b-a088-c97ea8ff8ffe","buildName":"projects/158237266758/locations/us-central1/builds/a94af4a3-b0aa-411b-a088-c97ea8ff8ffe"}}
[debug] [2026-06-12T03:52:43.594Z] <<< [apiv2][status] GET https://cloudfunctions.googleapis.com/v1/operations/d2lmaWNvbnRlbnQtMTQzZGEvdXMtY2VudHJhbDEvaGFuZGxlU3RyaXBlV2ViaG9vay9xNlNpUjRhT2dwZw 200
[debug] [2026-06-12T03:52:43.594Z] <<< [apiv2][body] GET https://cloudfunctions.googleapis.com/v1/operations/d2lmaWNvbnRlbnQtMTQzZGEvdXMtY2VudHJhbDEvaGFuZGxlU3RyaXBlV2ViaG9vay9xNlNpUjRhT2dwZw {"name":"operations/d2lmaWNvbnRlbnQtMTQzZGEvdXMtY2VudHJhbDEvaGFuZGxlU3RyaXBlV2ViaG9vay9xNlNpUjRhT2dwZw","metadata":{"@type":"type.googleapis.com/google.cloud.functions.v1.OperationMetadataV1","target":"projects/wificontent-143da/locations/us-central1/functions/handleStripeWebhook","type":"UPDATE_FUNCTION","request":{"@type":"type.googleapis.com/google.cloud.functions.v1.CloudFunction","name":"projects/wificontent-143da/locations/us-central1/functions/handleStripeWebhook","httpsTrigger":{"url":"https://us-central1-wificontent-143da.cloudfunctions.net/handleStripeWebhook","securityLevel":"SECURE_ALWAYS"},"status":"ACTIVE","entryPoint":"handleStripeWebhook","updateTime":"2026-06-04T14:26:15.472Z","versionId":"3","labels":{"deployment-tool":"cli-firebase","firebase-functions-hash":"823af96df830f3f75c86b6355a997e6cb543b5fa"},"sourceUploadUrl":"https://storage.googleapis.com/uploads-692370461028.us-central1.cloudfunctions.appspot.com/4436f6aa-1e4b-40fa-8a94-60d055a1c725.zip?GoogleAccessId=service-158237266758@gcf-admin-robot.iam.gserviceaccount.com&Expires=1781238114&Signature=DkrHjDE%2BbtV6oKS1GQlRcqSOI%2B3VlYtP33tXN3kx%2Fav25M5%2FU3R0TaZubs8hZYXtSqWOv%2BqmoaBPVOTPaS1Ttfhk7LGEG74r6F2blyf%2FEH98MGik0ZfVMIbEIcnTK0tBP1PWAObrpPeJdrVgZvP7vGkQ%2BF0BgVAferQC93xeGbIz1xwySdqJjg94XXTyZOXKlbdSu8UPZxzL%2Br4%2Fn7p%2BZmJv5u6wtwTb6tS4wgGre4774xcNPaszeR5UkBMz85JsD%2FWpzoiFnbJQ4WY2jcWy5QjJlaUeO8R5hgnXqs6tuX8yvWiUU9%2BqFvK5hfuP%2BOPCxIMCKmfy5opSphpUy21zKw%3D%3D","environmentVariables":{"FIREBASE_CONFIG":"{\"projectId\":\"wificontent-143da\",\"databaseURL\":\"https://wificontent-143da-default-rtdb.firebaseio.com\",\"storageBucket\":\"wificontent-143da.firebasestorage.app\"}","GCLOUD_PROJECT":"wificontent-143da","EVENTARC_CLOUD_EVENT_SOURCE":"projects/wificontent-143da/locations/us-central1/functions/handleStripeWebhook"},"runtime":"nodejs20","buildId":"99ab3ad8-6f35-417c-8dbe-866afa72bb84","buildEnvironmentVariables":{"GOOGLE_NODE_RUN_SCRIPTS":""},"secretEnvironmentVariables":[{"key":"STRIPE_SECRET","projectId":"wificontent-143da","secret":"STRIPE_SECRET","version":"1"},{"key":"STRIPE_WEBHOOK_SECRET","projectId":"wificontent-143da","secret":"STRIPE_WEBHOOK_SECRET","version":"1"}],"buildName":"projects/158237266758/locations/us-central1/builds/99ab3ad8-6f35-417c-8dbe-866afa72bb84","dockerRegistry":"ARTIFACT_REGISTRY","automaticUpdatePolicy":{},"buildServiceAccount":"projects/wificontent-143da/serviceAccounts/158237266758-compute@developer.gserviceaccount.com"},"versionId":"4","updateTime":"2026-06-12T03:52:42Z"}}
[debug] [2026-06-12T03:52:43.710Z] <<< [apiv2][status] GET https://cloudfunctions.googleapis.com/v1/operations/cHJvamVjdHMvd2lmaWNvbnRlbnQtMTQzZGEvbG9jYXRpb25zL3VzLWNlbnRyYWwxL29wZXJhdGlvbnMvb3BlcmF0aW9uLTE3ODEyMzYzNjI0NjctNjU0MDY2OGE1NTg2MS03NTQwODhmNC1mZGJhZWU0Yw 200
[debug] [2026-06-12T03:52:43.710Z] <<< [apiv2][body] GET https://cloudfunctions.googleapis.com/v1/operations/cHJvamVjdHMvd2lmaWNvbnRlbnQtMTQzZGEvbG9jYXRpb25zL3VzLWNlbnRyYWwxL29wZXJhdGlvbnMvb3BlcmF0aW9uLTE3ODEyMzYzNjI0NjctNjU0MDY2OGE1NTg2MS03NTQwODhmNC1mZGJhZWU0Yw {"name":"operations/cHJvamVjdHMvd2lmaWNvbnRlbnQtMTQzZGEvbG9jYXRpb25zL3VzLWNlbnRyYWwxL29wZXJhdGlvbnMvb3BlcmF0aW9uLTE3ODEyMzYzNjI0NjctNjU0MDY2OGE1NTg2MS03NTQwODhmNC1mZGJhZWU0Yw","metadata":{"@type":"type.googleapis.com/google.cloud.functions.v1.OperationMetadataV1","target":"projects/wificontent-143da/locations/us-central1/functions/cleanBadgesOnContentRemoval","type":"CREATE_FUNCTION","request":{"@type":"type.googleapis.com/google.cloud.functions.v1.CloudFunction","name":"projects/wificontent-143da/locations/us-central1/functions/cleanBadgesOnContentRemoval","eventTrigger":{"eventType":"providers/google.firebase.database/eventTypes/ref.write","resource":"projects/_/instances/wificontent-143da-default-rtdb/refs/posts/{postId}/content","failurePolicy":{}},"entryPoint":"cleanBadgesOnContentRemoval","updateTime":"1970-01-01T00:00:00Z","labels":{"deployment-tool":"cli-firebase","firebase-functions-hash":"f04f99181a37ddd0deea7a83159d393e6ce5c944"},"sourceUploadUrl":"https://storage.googleapis.com/uploads-692370461028.us-central1.cloudfunctions.appspot.com/4436f6aa-1e4b-40fa-8a94-60d055a1c725.zip?GoogleAccessId=service-158237266758@gcf-admin-robot.iam.gserviceaccount.com&Expires=1781238114&Signature=DkrHjDE%2BbtV6oKS1GQlRcqSOI%2B3VlYtP33tXN3kx%2Fav25M5%2FU3R0TaZubs8hZYXtSqWOv%2BqmoaBPVOTPaS1Ttfhk7LGEG74r6F2blyf%2FEH98MGik0ZfVMIbEIcnTK0tBP1PWAObrpPeJdrVgZvP7vGkQ%2BF0BgVAferQC93xeGbIz1xwySdqJjg94XXTyZOXKlbdSu8UPZxzL%2Br4%2Fn7p%2BZmJv5u6wtwTb6tS4wgGre4774xcNPaszeR5UkBMz85JsD%2FWpzoiFnbJQ4WY2jcWy5QjJlaUeO8R5hgnXqs6tuX8yvWiUU9%2BqFvK5hfuP%2BOPCxIMCKmfy5opSphpUy21zKw%3D%3D","environmentVariables":{"FIREBASE_CONFIG":"{\"projectId\":\"wificontent-143da\",\"databaseURL\":\"https://wificontent-143da-default-rtdb.firebaseio.com\",\"storageBucket\":\"wificontent-143da.firebasestorage.app\"}","GCLOUD_PROJECT":"wificontent-143da","EVENTARC_CLOUD_EVENT_SOURCE":"projects/wificontent-143da/locations/us-central1/functions/cleanBadgesOnContentRemoval"},"runtime":"nodejs20","buildEnvironmentVariables":{"GOOGLE_NODE_RUN_SCRIPTS":""},"dockerRegistry":"ARTIFACT_REGISTRY"},"versionId":"1","updateTime":"2026-06-12T03:52:42.839839353Z"}}
[debug] [2026-06-12T03:52:43.710Z] <<< [apiv2][status] GET https://cloudfunctions.googleapis.com/v1/operations/cHJvamVjdHMvd2lmaWNvbnRlbnQtMTQzZGEvbG9jYXRpb25zL3VzLWNlbnRyYWwxL29wZXJhdGlvbnMvb3BlcmF0aW9uLTE3ODEyMzYzNjI0NjYtNjU0MDY2OGE1NTVhMS0xYWYzMjY1Yy03ZDljNGEwMg 200
[debug] [2026-06-12T03:52:43.710Z] <<< [apiv2][body] GET https://cloudfunctions.googleapis.com/v1/operations/cHJvamVjdHMvd2lmaWNvbnRlbnQtMTQzZGEvbG9jYXRpb25zL3VzLWNlbnRyYWwxL29wZXJhdGlvbnMvb3BlcmF0aW9uLTE3ODEyMzYzNjI0NjYtNjU0MDY2OGE1NTVhMS0xYWYzMjY1Yy03ZDljNGEwMg {"name":"operations/cHJvamVjdHMvd2lmaWNvbnRlbnQtMTQzZGEvbG9jYXRpb25zL3VzLWNlbnRyYWwxL29wZXJhdGlvbnMvb3BlcmF0aW9uLTE3ODEyMzYzNjI0NjYtNjU0MDY2OGE1NTVhMS0xYWYzMjY1Yy03ZDljNGEwMg","metadata":{"@type":"type.googleapis.com/google.cloud.functions.v1.OperationMetadataV1","target":"projects/wificontent-143da/locations/us-central1/functions/consumeUserBadgeOnPostCreate","type":"CREATE_FUNCTION","request":{"@type":"type.googleapis.com/google.cloud.functions.v1.CloudFunction","name":"projects/wificontent-143da/locations/us-central1/functions/consumeUserBadgeOnPostCreate","eventTrigger":{"eventType":"providers/google.firebase.database/eventTypes/ref.create","resource":"projects/_/instances/wificontent-143da-default-rtdb/refs/posts/{postId}","failurePolicy":{}},"entryPoint":"consumeUserBadgeOnPostCreate","updateTime":"1970-01-01T00:00:00Z","labels":{"deployment-tool":"cli-firebase","firebase-functions-hash":"f04f99181a37ddd0deea7a83159d393e6ce5c944"},"sourceUploadUrl":"https://storage.googleapis.com/uploads-692370461028.us-central1.cloudfunctions.appspot.com/4436f6aa-1e4b-40fa-8a94-60d055a1c725.zip?GoogleAccessId=service-158237266758@gcf-admin-robot.iam.gserviceaccount.com&Expires=1781238114&Signature=DkrHjDE%2BbtV6oKS1GQlRcqSOI%2B3VlYtP33tXN3kx%2Fav25M5%2FU3R0TaZubs8hZYXtSqWOv%2BqmoaBPVOTPaS1Ttfhk7LGEG74r6F2blyf%2FEH98MGik0ZfVMIbEIcnTK0tBP1PWAObrpPeJdrVgZvP7vGkQ%2BF0BgVAferQC93xeGbIz1xwySdqJjg94XXTyZOXKlbdSu8UPZxzL%2Br4%2Fn7p%2BZmJv5u6wtwTb6tS4wgGre4774xcNPaszeR5UkBMz85JsD%2FWpzoiFnbJQ4WY2jcWy5QjJlaUeO8R5hgnXqs6tuX8yvWiUU9%2BqFvK5hfuP%2BOPCxIMCKmfy5opSphpUy21zKw%3D%3D","environmentVariables":{"FIREBASE_CONFIG":"{\"projectId\":\"wificontent-143da\",\"databaseURL\":\"https://wificontent-143da-default-rtdb.firebaseio.com\",\"storageBucket\":\"wificontent-143da.firebasestorage.app\"}","GCLOUD_PROJECT":"wificontent-143da","EVENTARC_CLOUD_EVENT_SOURCE":"projects/wificontent-143da/locations/us-central1/functions/consumeUserBadgeOnPostCreate"},"runtime":"nodejs20","buildEnvironmentVariables":{"GOOGLE_NODE_RUN_SCRIPTS":""},"dockerRegistry":"ARTIFACT_REGISTRY"},"versionId":"1","updateTime":"2026-06-12T03:52:42.866366829Z"}}
[debug] [2026-06-12T03:52:43.710Z] <<< [apiv2][status] GET https://cloudfunctions.googleapis.com/v1/operations/cHJvamVjdHMvd2lmaWNvbnRlbnQtMTQzZGEvbG9jYXRpb25zL3VzLWNlbnRyYWwxL29wZXJhdGlvbnMvb3BlcmF0aW9uLTE3ODEyMzYzNjI0NTEtNjU0MDY2OGE1MWI1NC1lNjE5ODVkOC01ODQxODNkNA 200
[debug] [2026-06-12T03:52:43.711Z] <<< [apiv2][body] GET https://cloudfunctions.googleapis.com/v1/operations/cHJvamVjdHMvd2lmaWNvbnRlbnQtMTQzZGEvbG9jYXRpb25zL3VzLWNlbnRyYWwxL29wZXJhdGlvbnMvb3BlcmF0aW9uLTE3ODEyMzYzNjI0NTEtNjU0MDY2OGE1MWI1NC1lNjE5ODVkOC01ODQxODNkNA {"name":"operations/cHJvamVjdHMvd2lmaWNvbnRlbnQtMTQzZGEvbG9jYXRpb25zL3VzLWNlbnRyYWwxL29wZXJhdGlvbnMvb3BlcmF0aW9uLTE3ODEyMzYzNjI0NTEtNjU0MDY2OGE1MWI1NC1lNjE5ODVkOC01ODQxODNkNA","metadata":{"@type":"type.googleapis.com/google.cloud.functions.v1.OperationMetadataV1","target":"projects/wificontent-143da/locations/us-central1/functions/postMetricsAggregator","type":"CREATE_FUNCTION","request":{"@type":"type.googleapis.com/google.cloud.functions.v1.CloudFunction","name":"projects/wificontent-143da/locations/us-central1/functions/postMetricsAggregator","eventTrigger":{"eventType":"providers/google.firebase.database/eventTypes/ref.create","resource":"projects/_/instances/wificontent-143da-default-rtdb/refs/posts/{postId}","failurePolicy":{}},"entryPoint":"postMetricsAggregator","updateTime":"1970-01-01T00:00:00Z","labels":{"deployment-tool":"cli-firebase","firebase-functions-hash":"f04f99181a37ddd0deea7a83159d393e6ce5c944"},"sourceUploadUrl":"https://storage.googleapis.com/uploads-692370461028.us-central1.cloudfunctions.appspot.com/4436f6aa-1e4b-40fa-8a94-60d055a1c725.zip?GoogleAccessId=service-158237266758@gcf-admin-robot.iam.gserviceaccount.com&Expires=1781238114&Signature=DkrHjDE%2BbtV6oKS1GQlRcqSOI%2B3VlYtP33tXN3kx%2Fav25M5%2FU3R0TaZubs8hZYXtSqWOv%2BqmoaBPVOTPaS1Ttfhk7LGEG74r6F2blyf%2FEH98MGik0ZfVMIbEIcnTK0tBP1PWAObrpPeJdrVgZvP7vGkQ%2BF0BgVAferQC93xeGbIz1xwySdqJjg94XXTyZOXKlbdSu8UPZxzL%2Br4%2Fn7p%2BZmJv5u6wtwTb6tS4wgGre4774xcNPaszeR5UkBMz85JsD%2FWpzoiFnbJQ4WY2jcWy5QjJlaUeO8R5hgnXqs6tuX8yvWiUU9%2BqFvK5hfuP%2BOPCxIMCKmfy5opSphpUy21zKw%3D%3D","environmentVariables":{"FIREBASE_CONFIG":"{\"projectId\":\"wificontent-143da\",\"databaseURL\":\"https://wificontent-143da-default-rtdb.firebaseio.com\",\"storageBucket\":\"wificontent-143da.firebasestorage.app\"}","GCLOUD_PROJECT":"wificontent-143da","EVENTARC_CLOUD_EVENT_SOURCE":"projects/wificontent-143da/locations/us-central1/functions/postMetricsAggregator"},"runtime":"nodejs20","buildEnvironmentVariables":{"GOOGLE_NODE_RUN_SCRIPTS":""},"dockerRegistry":"ARTIFACT_REGISTRY"},"versionId":"1","updateTime":"2026-06-12T03:52:42.823060493Z"}}
[debug] [2026-06-12T03:52:44.489Z] [update-default-us-central1-getCheckoutSessionResult] Retrying task index 0
[debug] [2026-06-12T03:52:44.489Z] Checked if tokens are valid: true, expires at: 1781239710613
[debug] [2026-06-12T03:52:44.489Z] Checked if tokens are valid: true, expires at: 1781239710613
[debug] [2026-06-12T03:52:44.489Z] >>> [apiv2][query] GET https://cloudfunctions.googleapis.com/v1/operations/d2lmaWNvbnRlbnQtMTQzZGEvdXMtY2VudHJhbDEvZ2V0Q2hlY2tvdXRTZXNzaW9uUmVzdWx0L2pncUhhSmpKV3hj [none]
[debug] [2026-06-12T03:52:44.532Z] [update-default-us-central1-createCheckoutSessionCallable] Retrying task index 0
[debug] [2026-06-12T03:52:44.532Z] Checked if tokens are valid: true, expires at: 1781239710613
[debug] [2026-06-12T03:52:44.533Z] Checked if tokens are valid: true, expires at: 1781239710613
[debug] [2026-06-12T03:52:44.533Z] >>> [apiv2][query] GET https://cloudfunctions.googleapis.com/v1/operations/d2lmaWNvbnRlbnQtMTQzZGEvdXMtY2VudHJhbDEvY3JlYXRlQ2hlY2tvdXRTZXNzaW9uQ2FsbGFibGUvUUtscU5LTzFndDA [none]
[debug] [2026-06-12T03:52:44.533Z] [update-default-us-central1-createCheckoutSession] Retrying task index 0
[debug] [2026-06-12T03:52:44.533Z] Checked if tokens are valid: true, expires at: 1781239710613
[debug] [2026-06-12T03:52:44.533Z] Checked if tokens are valid: true, expires at: 1781239710613
[debug] [2026-06-12T03:52:44.533Z] >>> [apiv2][query] GET https://cloudfunctions.googleapis.com/v1/operations/d2lmaWNvbnRlbnQtMTQzZGEvdXMtY2VudHJhbDEvY3JlYXRlQ2hlY2tvdXRTZXNzaW9uL3NiUXBZTXVmUXI0 [none]
[debug] [2026-06-12T03:52:44.551Z] [update-default-us-central1-api] Retrying task index 0
[debug] [2026-06-12T03:52:44.551Z] Checked if tokens are valid: true, expires at: 1781239710613
[debug] [2026-06-12T03:52:44.551Z] Checked if tokens are valid: true, expires at: 1781239710613
[debug] [2026-06-12T03:52:44.551Z] >>> [apiv2][query] GET https://cloudfunctions.googleapis.com/v1/operations/d2lmaWNvbnRlbnQtMTQzZGEvdXMtY2VudHJhbDEvYXBpL1BuQ0xkYTZQNXZJ [none]
[debug] [2026-06-12T03:52:44.588Z] [update-default-us-central1-createPaymentIntent] Retrying task index 0
[debug] [2026-06-12T03:52:44.588Z] Checked if tokens are valid: true, expires at: 1781239710613
[debug] [2026-06-12T03:52:44.588Z] Checked if tokens are valid: true, expires at: 1781239710613
[debug] [2026-06-12T03:52:44.588Z] >>> [apiv2][query] GET https://cloudfunctions.googleapis.com/v1/operations/d2lmaWNvbnRlbnQtMTQzZGEvdXMtY2VudHJhbDEvY3JlYXRlUGF5bWVudEludGVudC9jLU1CVDBFTlRCdw [none]
[debug] [2026-06-12T03:52:44.595Z] [update-default-us-central1-handleStripeWebhook] Retrying task index 0
[debug] [2026-06-12T03:52:44.595Z] Checked if tokens are valid: true, expires at: 1781239710613
[debug] [2026-06-12T03:52:44.595Z] Checked if tokens are valid: true, expires at: 1781239710613
[debug] [2026-06-12T03:52:44.595Z] >>> [apiv2][query] GET https://cloudfunctions.googleapis.com/v1/operations/d2lmaWNvbnRlbnQtMTQzZGEvdXMtY2VudHJhbDEvaGFuZGxlU3RyaXBlV2ViaG9vay9xNlNpUjRhT2dwZw [none]
[debug] [2026-06-12T03:52:44.619Z] <<< [apiv2][status] GET https://cloudfunctions.googleapis.com/v1/operations/d2lmaWNvbnRlbnQtMTQzZGEvdXMtY2VudHJhbDEvZ2V0Q2hlY2tvdXRTZXNzaW9uUmVzdWx0L2pncUhhSmpKV3hj 200
[debug] [2026-06-12T03:52:44.619Z] <<< [apiv2][body] GET https://cloudfunctions.googleapis.com/v1/operations/d2lmaWNvbnRlbnQtMTQzZGEvdXMtY2VudHJhbDEvZ2V0Q2hlY2tvdXRTZXNzaW9uUmVzdWx0L2pncUhhSmpKV3hj {"name":"operations/d2lmaWNvbnRlbnQtMTQzZGEvdXMtY2VudHJhbDEvZ2V0Q2hlY2tvdXRTZXNzaW9uUmVzdWx0L2pncUhhSmpKV3hj","metadata":{"@type":"type.googleapis.com/google.cloud.functions.v1.OperationMetadataV1","target":"projects/wificontent-143da/locations/us-central1/functions/getCheckoutSessionResult","type":"UPDATE_FUNCTION","request":{"@type":"type.googleapis.com/google.cloud.functions.v1.CloudFunction","name":"projects/wificontent-143da/locations/us-central1/functions/getCheckoutSessionResult","httpsTrigger":{"url":"https://us-central1-wificontent-143da.cloudfunctions.net/getCheckoutSessionResult","securityLevel":"SECURE_ALWAYS"},"status":"ACTIVE","entryPoint":"getCheckoutSessionResult","updateTime":"2026-06-04T13:50:39.069Z","versionId":"1","labels":{"deployment-tool":"cli-firebase","deployment-callable":"true","firebase-functions-hash":"16c76575d73ded68adb989e0bab01fa6f6fd5eab"},"sourceUploadUrl":"https://storage.googleapis.com/uploads-692370461028.us-central1.cloudfunctions.appspot.com/4436f6aa-1e4b-40fa-8a94-60d055a1c725.zip?GoogleAccessId=service-158237266758@gcf-admin-robot.iam.gserviceaccount.com&Expires=1781238114&Signature=DkrHjDE%2BbtV6oKS1GQlRcqSOI%2B3VlYtP33tXN3kx%2Fav25M5%2FU3R0TaZubs8hZYXtSqWOv%2BqmoaBPVOTPaS1Ttfhk7LGEG74r6F2blyf%2FEH98MGik0ZfVMIbEIcnTK0tBP1PWAObrpPeJdrVgZvP7vGkQ%2BF0BgVAferQC93xeGbIz1xwySdqJjg94XXTyZOXKlbdSu8UPZxzL%2Br4%2Fn7p%2BZmJv5u6wtwTb6tS4wgGre4774xcNPaszeR5UkBMz85JsD%2FWpzoiFnbJQ4WY2jcWy5QjJlaUeO8R5hgnXqs6tuX8yvWiUU9%2BqFvK5hfuP%2BOPCxIMCKmfy5opSphpUy21zKw%3D%3D","environmentVariables":{"FIREBASE_CONFIG":"{\"projectId\":\"wificontent-143da\",\"databaseURL\":\"https://wificontent-143da-default-rtdb.firebaseio.com\",\"storageBucket\":\"wificontent-143da.firebasestorage.app\"}","GCLOUD_PROJECT":"wificontent-143da","EVENTARC_CLOUD_EVENT_SOURCE":"projects/wificontent-143da/locations/us-central1/functions/getCheckoutSessionResult"},"runtime":"nodejs20","buildId":"c96d8118-30a2-4795-9828-102257e4b186","buildEnvironmentVariables":{"GOOGLE_NODE_RUN_SCRIPTS":""},"secretEnvironmentVariables":[{"key":"STRIPE_SECRET","projectId":"wificontent-143da","secret":"STRIPE_SECRET","version":"1"}],"buildName":"projects/158237266758/locations/us-central1/builds/c96d8118-30a2-4795-9828-102257e4b186","dockerRegistry":"ARTIFACT_REGISTRY","automaticUpdatePolicy":{},"buildServiceAccount":"projects/wificontent-143da/serviceAccounts/158237266758-compute@developer.gserviceaccount.com"},"versionId":"2","updateTime":"2026-06-12T03:52:42Z","buildId":"8bfcb52d-304f-49ce-9ce4-cdbad4f825c2","buildName":"projects/158237266758/locations/us-central1/builds/8bfcb52d-304f-49ce-9ce4-cdbad4f825c2"}}
[debug] [2026-06-12T03:52:44.647Z] <<< [apiv2][status] GET https://cloudfunctions.googleapis.com/v1/operations/d2lmaWNvbnRlbnQtMTQzZGEvdXMtY2VudHJhbDEvY3JlYXRlQ2hlY2tvdXRTZXNzaW9uL3NiUXBZTXVmUXI0 200
[debug] [2026-06-12T03:52:44.647Z] <<< [apiv2][body] GET https://cloudfunctions.googleapis.com/v1/operations/d2lmaWNvbnRlbnQtMTQzZGEvdXMtY2VudHJhbDEvY3JlYXRlQ2hlY2tvdXRTZXNzaW9uL3NiUXBZTXVmUXI0 {"name":"operations/d2lmaWNvbnRlbnQtMTQzZGEvdXMtY2VudHJhbDEvY3JlYXRlQ2hlY2tvdXRTZXNzaW9uL3NiUXBZTXVmUXI0","metadata":{"@type":"type.googleapis.com/google.cloud.functions.v1.OperationMetadataV1","target":"projects/wificontent-143da/locations/us-central1/functions/createCheckoutSession","type":"UPDATE_FUNCTION","request":{"@type":"type.googleapis.com/google.cloud.functions.v1.CloudFunction","name":"projects/wificontent-143da/locations/us-central1/functions/createCheckoutSession","httpsTrigger":{"url":"https://us-central1-wificontent-143da.cloudfunctions.net/createCheckoutSession","securityLevel":"SECURE_ALWAYS"},"status":"ACTIVE","entryPoint":"createCheckoutSession","updateTime":"2026-06-04T13:50:41.855Z","versionId":"1","labels":{"deployment-tool":"cli-firebase","firebase-functions-hash":"16c76575d73ded68adb989e0bab01fa6f6fd5eab"},"sourceUploadUrl":"https://storage.googleapis.com/uploads-692370461028.us-central1.cloudfunctions.appspot.com/4436f6aa-1e4b-40fa-8a94-60d055a1c725.zip?GoogleAccessId=service-158237266758@gcf-admin-robot.iam.gserviceaccount.com&Expires=1781238114&Signature=DkrHjDE%2BbtV6oKS1GQlRcqSOI%2B3VlYtP33tXN3kx%2Fav25M5%2FU3R0TaZubs8hZYXtSqWOv%2BqmoaBPVOTPaS1Ttfhk7LGEG74r6F2blyf%2FEH98MGik0ZfVMIbEIcnTK0tBP1PWAObrpPeJdrVgZvP7vGkQ%2BF0BgVAferQC93xeGbIz1xwySdqJjg94XXTyZOXKlbdSu8UPZxzL%2Br4%2Fn7p%2BZmJv5u6wtwTb6tS4wgGre4774xcNPaszeR5UkBMz85JsD%2FWpzoiFnbJQ4WY2jcWy5QjJlaUeO8R5hgnXqs6tuX8yvWiUU9%2BqFvK5hfuP%2BOPCxIMCKmfy5opSphpUy21zKw%3D%3D","environmentVariables":{"FIREBASE_CONFIG":"{\"projectId\":\"wificontent-143da\",\"databaseURL\":\"https://wificontent-143da-default-rtdb.firebaseio.com\",\"storageBucket\":\"wificontent-143da.firebasestorage.app\"}","GCLOUD_PROJECT":"wificontent-143da","EVENTARC_CLOUD_EVENT_SOURCE":"projects/wificontent-143da/locations/us-central1/functions/createCheckoutSession"},"runtime":"nodejs20","buildId":"c96d8118-30a2-4795-9828-102257e4b186","buildEnvironmentVariables":{"GOOGLE_NODE_RUN_SCRIPTS":""},"secretEnvironmentVariables":[{"key":"STRIPE_SECRET","projectId":"wificontent-143da","secret":"STRIPE_SECRET","version":"1"}],"buildName":"projects/158237266758/locations/us-central1/builds/c96d8118-30a2-4795-9828-102257e4b186","dockerRegistry":"ARTIFACT_REGISTRY","automaticUpdatePolicy":{},"buildServiceAccount":"projects/wificontent-143da/serviceAccounts/158237266758-compute@developer.gserviceaccount.com"},"versionId":"2","updateTime":"2026-06-12T03:52:42Z","buildId":"f6c09e6c-90e6-4102-b67d-9ac3ff7f2175","buildName":"projects/158237266758/locations/us-central1/builds/f6c09e6c-90e6-4102-b67d-9ac3ff7f2175"}}
[debug] [2026-06-12T03:52:44.711Z] [create-default-us-central1-cleanBadgesOnContentRemoval] Retrying task index 0
[debug] [2026-06-12T03:52:44.711Z] Checked if tokens are valid: true, expires at: 1781239710613
[debug] [2026-06-12T03:52:44.711Z] Checked if tokens are valid: true, expires at: 1781239710613
[debug] [2026-06-12T03:52:44.711Z] >>> [apiv2][query] GET https://cloudfunctions.googleapis.com/v1/operations/cHJvamVjdHMvd2lmaWNvbnRlbnQtMTQzZGEvbG9jYXRpb25zL3VzLWNlbnRyYWwxL29wZXJhdGlvbnMvb3BlcmF0aW9uLTE3ODEyMzYzNjI0NjctNjU0MDY2OGE1NTg2MS03NTQwODhmNC1mZGJhZWU0Yw [none]
[debug] [2026-06-12T03:52:44.712Z] [create-default-us-central1-consumeUserBadgeOnPostCreate] Retrying task index 0
[debug] [2026-06-12T03:52:44.712Z] Checked if tokens are valid: true, expires at: 1781239710613
[debug] [2026-06-12T03:52:44.712Z] Checked if tokens are valid: true, expires at: 1781239710613
[debug] [2026-06-12T03:52:44.712Z] >>> [apiv2][query] GET https://cloudfunctions.googleapis.com/v1/operations/cHJvamVjdHMvd2lmaWNvbnRlbnQtMTQzZGEvbG9jYXRpb25zL3VzLWNlbnRyYWwxL29wZXJhdGlvbnMvb3BlcmF0aW9uLTE3ODEyMzYzNjI0NjYtNjU0MDY2OGE1NTVhMS0xYWYzMjY1Yy03ZDljNGEwMg [none]
[debug] [2026-06-12T03:52:44.712Z] [create-default-us-central1-postMetricsAggregator] Retrying task index 0
[debug] [2026-06-12T03:52:44.712Z] Checked if tokens are valid: true, expires at: 1781239710613
[debug] [2026-06-12T03:52:44.712Z] Checked if tokens are valid: true, expires at: 1781239710613
[debug] [2026-06-12T03:52:44.712Z] >>> [apiv2][query] GET https://cloudfunctions.googleapis.com/v1/operations/cHJvamVjdHMvd2lmaWNvbnRlbnQtMTQzZGEvbG9jYXRpb25zL3VzLWNlbnRyYWwxL29wZXJhdGlvbnMvb3BlcmF0aW9uLTE3ODEyMzYzNjI0NTEtNjU0MDY2OGE1MWI1NC1lNjE5ODVkOC01ODQxODNkNA [none]
[debug] [2026-06-12T03:52:44.742Z] <<< [apiv2][status] GET https://cloudfunctions.googleapis.com/v1/operations/d2lmaWNvbnRlbnQtMTQzZGEvdXMtY2VudHJhbDEvYXBpL1BuQ0xkYTZQNXZJ 200
[debug] [2026-06-12T03:52:44.742Z] <<< [apiv2][body] GET https://cloudfunctions.googleapis.com/v1/operations/d2lmaWNvbnRlbnQtMTQzZGEvdXMtY2VudHJhbDEvYXBpL1BuQ0xkYTZQNXZJ {"name":"operations/d2lmaWNvbnRlbnQtMTQzZGEvdXMtY2VudHJhbDEvYXBpL1BuQ0xkYTZQNXZJ","metadata":{"@type":"type.googleapis.com/google.cloud.functions.v1.OperationMetadataV1","target":"projects/wificontent-143da/locations/us-central1/functions/api","type":"UPDATE_FUNCTION","request":{"@type":"type.googleapis.com/google.cloud.functions.v1.CloudFunction","name":"projects/wificontent-143da/locations/us-central1/functions/api","httpsTrigger":{"url":"https://us-central1-wificontent-143da.cloudfunctions.net/api","securityLevel":"SECURE_ALWAYS"},"status":"OFFLINE","entryPoint":"api","updateTime":"2026-06-12T03:49:15.397Z","versionId":"1","labels":{"deployment-tool":"cli-firebase","firebase-functions-hash":"f04f99181a37ddd0deea7a83159d393e6ce5c944"},"sourceUploadUrl":"https://storage.googleapis.com/uploads-692370461028.us-central1.cloudfunctions.appspot.com/4436f6aa-1e4b-40fa-8a94-60d055a1c725.zip?GoogleAccessId=service-158237266758@gcf-admin-robot.iam.gserviceaccount.com&Expires=1781238114&Signature=DkrHjDE%2BbtV6oKS1GQlRcqSOI%2B3VlYtP33tXN3kx%2Fav25M5%2FU3R0TaZubs8hZYXtSqWOv%2BqmoaBPVOTPaS1Ttfhk7LGEG74r6F2blyf%2FEH98MGik0ZfVMIbEIcnTK0tBP1PWAObrpPeJdrVgZvP7vGkQ%2BF0BgVAferQC93xeGbIz1xwySdqJjg94XXTyZOXKlbdSu8UPZxzL%2Br4%2Fn7p%2BZmJv5u6wtwTb6tS4wgGre4774xcNPaszeR5UkBMz85JsD%2FWpzoiFnbJQ4WY2jcWy5QjJlaUeO8R5hgnXqs6tuX8yvWiUU9%2BqFvK5hfuP%2BOPCxIMCKmfy5opSphpUy21zKw%3D%3D","environmentVariables":{"FIREBASE_CONFIG":"{\"projectId\":\"wificontent-143da\",\"databaseURL\":\"https://wificontent-143da-default-rtdb.firebaseio.com\",\"storageBucket\":\"wificontent-143da.firebasestorage.app\"}","GCLOUD_PROJECT":"wificontent-143da","EVENTARC_CLOUD_EVENT_SOURCE":"projects/wificontent-143da/locations/us-central1/functions/api"},"runtime":"nodejs20","buildId":"b32c4fc2-9b93-4a4a-b7b3-6aaa45fe553c","buildEnvironmentVariables":{"GOOGLE_NODE_RUN_SCRIPTS":""},"buildName":"projects/158237266758/locations/us-central1/builds/b32c4fc2-9b93-4a4a-b7b3-6aaa45fe553c","dockerRegistry":"ARTIFACT_REGISTRY","automaticUpdatePolicy":{},"buildServiceAccount":"projects/wificontent-143da/serviceAccounts/158237266758-compute@developer.gserviceaccount.com"},"versionId":"2","updateTime":"2026-06-12T03:52:42Z","buildId":"1d5bf482-31ee-49ff-b691-76933389bcd0","buildName":"projects/158237266758/locations/us-central1/builds/1d5bf482-31ee-49ff-b691-76933389bcd0"}}
[debug] [2026-06-12T03:52:44.742Z] <<< [apiv2][status] GET https://cloudfunctions.googleapis.com/v1/operations/d2lmaWNvbnRlbnQtMTQzZGEvdXMtY2VudHJhbDEvaGFuZGxlU3RyaXBlV2ViaG9vay9xNlNpUjRhT2dwZw 200
[debug] [2026-06-12T03:52:44.742Z] <<< [apiv2][body] GET https://cloudfunctions.googleapis.com/v1/operations/d2lmaWNvbnRlbnQtMTQzZGEvdXMtY2VudHJhbDEvaGFuZGxlU3RyaXBlV2ViaG9vay9xNlNpUjRhT2dwZw {"name":"operations/d2lmaWNvbnRlbnQtMTQzZGEvdXMtY2VudHJhbDEvaGFuZGxlU3RyaXBlV2ViaG9vay9xNlNpUjRhT2dwZw","metadata":{"@type":"type.googleapis.com/google.cloud.functions.v1.OperationMetadataV1","target":"projects/wificontent-143da/locations/us-central1/functions/handleStripeWebhook","type":"UPDATE_FUNCTION","request":{"@type":"type.googleapis.com/google.cloud.functions.v1.CloudFunction","name":"projects/wificontent-143da/locations/us-central1/functions/handleStripeWebhook","httpsTrigger":{"url":"https://us-central1-wificontent-143da.cloudfunctions.net/handleStripeWebhook","securityLevel":"SECURE_ALWAYS"},"status":"ACTIVE","entryPoint":"handleStripeWebhook","updateTime":"2026-06-04T14:26:15.472Z","versionId":"3","labels":{"deployment-tool":"cli-firebase","firebase-functions-hash":"823af96df830f3f75c86b6355a997e6cb543b5fa"},"sourceUploadUrl":"https://storage.googleapis.com/uploads-692370461028.us-central1.cloudfunctions.appspot.com/4436f6aa-1e4b-40fa-8a94-60d055a1c725.zip?GoogleAccessId=service-158237266758@gcf-admin-robot.iam.gserviceaccount.com&Expires=1781238114&Signature=DkrHjDE%2BbtV6oKS1GQlRcqSOI%2B3VlYtP33tXN3kx%2Fav25M5%2FU3R0TaZubs8hZYXtSqWOv%2BqmoaBPVOTPaS1Ttfhk7LGEG74r6F2blyf%2FEH98MGik0ZfVMIbEIcnTK0tBP1PWAObrpPeJdrVgZvP7vGkQ%2BF0BgVAferQC93xeGbIz1xwySdqJjg94XXTyZOXKlbdSu8UPZxzL%2Br4%2Fn7p%2BZmJv5u6wtwTb6tS4wgGre4774xcNPaszeR5UkBMz85JsD%2FWpzoiFnbJQ4WY2jcWy5QjJlaUeO8R5hgnXqs6tuX8yvWiUU9%2BqFvK5hfuP%2BOPCxIMCKmfy5opSphpUy21zKw%3D%3D","environmentVariables":{"FIREBASE_CONFIG":"{\"projectId\":\"wificontent-143da\",\"databaseURL\":\"https://wificontent-143da-default-rtdb.firebaseio.com\",\"storageBucket\":\"wificontent-143da.firebasestorage.app\"}","GCLOUD_PROJECT":"wificontent-143da","EVENTARC_CLOUD_EVENT_SOURCE":"projects/wificontent-143da/locations/us-central1/functions/handleStripeWebhook"},"runtime":"nodejs20","buildId":"99ab3ad8-6f35-417c-8dbe-866afa72bb84","buildEnvironmentVariables":{"GOOGLE_NODE_RUN_SCRIPTS":""},"secretEnvironmentVariables":[{"key":"STRIPE_SECRET","projectId":"wificontent-143da","secret":"STRIPE_SECRET","version":"1"},{"key":"STRIPE_WEBHOOK_SECRET","projectId":"wificontent-143da","secret":"STRIPE_WEBHOOK_SECRET","version":"1"}],"buildName":"projects/158237266758/locations/us-central1/builds/99ab3ad8-6f35-417c-8dbe-866afa72bb84","dockerRegistry":"ARTIFACT_REGISTRY","automaticUpdatePolicy":{},"buildServiceAccount":"projects/wificontent-143da/serviceAccounts/158237266758-compute@developer.gserviceaccount.com"},"versionId":"4","updateTime":"2026-06-12T03:52:42Z","buildId":"51ffc6b3-cca4-4ad4-963c-863b3cd293d1","buildName":"projects/158237266758/locations/us-central1/builds/51ffc6b3-cca4-4ad4-963c-863b3cd293d1"}}
[debug] [2026-06-12T03:52:44.742Z] <<< [apiv2][status] GET https://cloudfunctions.googleapis.com/v1/operations/d2lmaWNvbnRlbnQtMTQzZGEvdXMtY2VudHJhbDEvY3JlYXRlUGF5bWVudEludGVudC9jLU1CVDBFTlRCdw 200
[debug] [2026-06-12T03:52:44.743Z] <<< [apiv2][body] GET https://cloudfunctions.googleapis.com/v1/operations/d2lmaWNvbnRlbnQtMTQzZGEvdXMtY2VudHJhbDEvY3JlYXRlUGF5bWVudEludGVudC9jLU1CVDBFTlRCdw {"name":"operations/d2lmaWNvbnRlbnQtMTQzZGEvdXMtY2VudHJhbDEvY3JlYXRlUGF5bWVudEludGVudC9jLU1CVDBFTlRCdw","metadata":{"@type":"type.googleapis.com/google.cloud.functions.v1.OperationMetadataV1","target":"projects/wificontent-143da/locations/us-central1/functions/createPaymentIntent","type":"UPDATE_FUNCTION","request":{"@type":"type.googleapis.com/google.cloud.functions.v1.CloudFunction","name":"projects/wificontent-143da/locations/us-central1/functions/createPaymentIntent","httpsTrigger":{"url":"https://us-central1-wificontent-143da.cloudfunctions.net/createPaymentIntent","securityLevel":"SECURE_ALWAYS"},"status":"ACTIVE","entryPoint":"createPaymentIntent","updateTime":"2026-06-04T14:26:15.364Z","versionId":"2","labels":{"deployment-tool":"cli-firebase","deployment-callable":"true","firebase-functions-hash":"16c76575d73ded68adb989e0bab01fa6f6fd5eab"},"sourceUploadUrl":"https://storage.googleapis.com/uploads-692370461028.us-central1.cloudfunctions.appspot.com/4436f6aa-1e4b-40fa-8a94-60d055a1c725.zip?GoogleAccessId=service-158237266758@gcf-admin-robot.iam.gserviceaccount.com&Expires=1781238114&Signature=DkrHjDE%2BbtV6oKS1GQlRcqSOI%2B3VlYtP33tXN3kx%2Fav25M5%2FU3R0TaZubs8hZYXtSqWOv%2BqmoaBPVOTPaS1Ttfhk7LGEG74r6F2blyf%2FEH98MGik0ZfVMIbEIcnTK0tBP1PWAObrpPeJdrVgZvP7vGkQ%2BF0BgVAferQC93xeGbIz1xwySdqJjg94XXTyZOXKlbdSu8UPZxzL%2Br4%2Fn7p%2BZmJv5u6wtwTb6tS4wgGre4774xcNPaszeR5UkBMz85JsD%2FWpzoiFnbJQ4WY2jcWy5QjJlaUeO8R5hgnXqs6tuX8yvWiUU9%2BqFvK5hfuP%2BOPCxIMCKmfy5opSphpUy21zKw%3D%3D","environmentVariables":{"FIREBASE_CONFIG":"{\"projectId\":\"wificontent-143da\",\"databaseURL\":\"https://wificontent-143da-default-rtdb.firebaseio.com\",\"storageBucket\":\"wificontent-143da.firebasestorage.app\"}","GCLOUD_PROJECT":"wificontent-143da","EVENTARC_CLOUD_EVENT_SOURCE":"projects/wificontent-143da/locations/us-central1/functions/createPaymentIntent"},"runtime":"nodejs20","buildId":"99ab3ad8-6f35-417c-8dbe-866afa72bb84","buildEnvironmentVariables":{"GOOGLE_NODE_RUN_SCRIPTS":""},"secretEnvironmentVariables":[{"key":"STRIPE_SECRET","projectId":"wificontent-143da","secret":"STRIPE_SECRET","version":"1"}],"buildName":"projects/158237266758/locations/us-central1/builds/99ab3ad8-6f35-417c-8dbe-866afa72bb84","dockerRegistry":"ARTIFACT_REGISTRY","automaticUpdatePolicy":{},"buildServiceAccount":"projects/wificontent-143da/serviceAccounts/158237266758-compute@developer.gserviceaccount.com"},"versionId":"3","updateTime":"2026-06-12T03:52:42Z","buildId":"a94af4a3-b0aa-411b-a088-c97ea8ff8ffe","buildName":"projects/158237266758/locations/us-central1/builds/a94af4a3-b0aa-411b-a088-c97ea8ff8ffe"}}
[debug] [2026-06-12T03:52:44.743Z] <<< [apiv2][status] GET https://cloudfunctions.googleapis.com/v1/operations/d2lmaWNvbnRlbnQtMTQzZGEvdXMtY2VudHJhbDEvY3JlYXRlQ2hlY2tvdXRTZXNzaW9uQ2FsbGFibGUvUUtscU5LTzFndDA 200
[debug] [2026-06-12T03:52:44.743Z] <<< [apiv2][body] GET https://cloudfunctions.googleapis.com/v1/operations/d2lmaWNvbnRlbnQtMTQzZGEvdXMtY2VudHJhbDEvY3JlYXRlQ2hlY2tvdXRTZXNzaW9uQ2FsbGFibGUvUUtscU5LTzFndDA {"name":"operations/d2lmaWNvbnRlbnQtMTQzZGEvdXMtY2VudHJhbDEvY3JlYXRlQ2hlY2tvdXRTZXNzaW9uQ2FsbGFibGUvUUtscU5LTzFndDA","metadata":{"@type":"type.googleapis.com/google.cloud.functions.v1.OperationMetadataV1","target":"projects/wificontent-143da/locations/us-central1/functions/createCheckoutSessionCallable","type":"UPDATE_FUNCTION","request":{"@type":"type.googleapis.com/google.cloud.functions.v1.CloudFunction","name":"projects/wificontent-143da/locations/us-central1/functions/createCheckoutSessionCallable","httpsTrigger":{"url":"https://us-central1-wificontent-143da.cloudfunctions.net/createCheckoutSessionCallable","securityLevel":"SECURE_ALWAYS"},"status":"ACTIVE","entryPoint":"createCheckoutSessionCallable","updateTime":"2026-06-04T13:50:38.804Z","versionId":"1","labels":{"deployment-tool":"cli-firebase","deployment-callable":"true","firebase-functions-hash":"16c76575d73ded68adb989e0bab01fa6f6fd5eab"},"sourceUploadUrl":"https://storage.googleapis.com/uploads-692370461028.us-central1.cloudfunctions.appspot.com/4436f6aa-1e4b-40fa-8a94-60d055a1c725.zip?GoogleAccessId=service-158237266758@gcf-admin-robot.iam.gserviceaccount.com&Expires=1781238114&Signature=DkrHjDE%2BbtV6oKS1GQlRcqSOI%2B3VlYtP33tXN3kx%2Fav25M5%2FU3R0TaZubs8hZYXtSqWOv%2BqmoaBPVOTPaS1Ttfhk7LGEG74r6F2blyf%2FEH98MGik0ZfVMIbEIcnTK0tBP1PWAObrpPeJdrVgZvP7vGkQ%2BF0BgVAferQC93xeGbIz1xwySdqJjg94XXTyZOXKlbdSu8UPZxzL%2Br4%2Fn7p%2BZmJv5u6wtwTb6tS4wgGre4774xcNPaszeR5UkBMz85JsD%2FWpzoiFnbJQ4WY2jcWy5QjJlaUeO8R5hgnXqs6tuX8yvWiUU9%2BqFvK5hfuP%2BOPCxIMCKmfy5opSphpUy21zKw%3D%3D","environmentVariables":{"FIREBASE_CONFIG":"{\"projectId\":\"wificontent-143da\",\"databaseURL\":\"https://wificontent-143da-default-rtdb.firebaseio.com\",\"storageBucket\":\"wificontent-143da.firebasestorage.app\"}","GCLOUD_PROJECT":"wificontent-143da","EVENTARC_CLOUD_EVENT_SOURCE":"projects/wificontent-143da/locations/us-central1/functions/createCheckoutSessionCallable"},"runtime":"nodejs20","buildId":"c96d8118-30a2-4795-9828-102257e4b186","buildEnvironmentVariables":{"GOOGLE_NODE_RUN_SCRIPTS":""},"secretEnvironmentVariables":[{"key":"STRIPE_SECRET","projectId":"wificontent-143da","secret":"STRIPE_SECRET","version":"1"}],"buildName":"projects/158237266758/locations/us-central1/builds/c96d8118-30a2-4795-9828-102257e4b186","dockerRegistry":"ARTIFACT_REGISTRY","automaticUpdatePolicy":{},"buildServiceAccount":"projects/wificontent-143da/serviceAccounts/158237266758-compute@developer.gserviceaccount.com"},"versionId":"2","updateTime":"2026-06-12T03:52:42Z","buildId":"b45365b0-0f84-4b0d-9500-d7f3befbf42b","buildName":"projects/158237266758/locations/us-central1/builds/b45365b0-0f84-4b0d-9500-d7f3befbf42b"}}
[debug] [2026-06-12T03:52:44.854Z] <<< [apiv2][status] GET https://cloudfunctions.googleapis.com/v1/operations/cHJvamVjdHMvd2lmaWNvbnRlbnQtMTQzZGEvbG9jYXRpb25zL3VzLWNlbnRyYWwxL29wZXJhdGlvbnMvb3BlcmF0aW9uLTE3ODEyMzYzNjI0NjctNjU0MDY2OGE1NTg2MS03NTQwODhmNC1mZGJhZWU0Yw 200
[debug] [2026-06-12T03:52:44.854Z] <<< [apiv2][body] GET https://cloudfunctions.googleapis.com/v1/operations/cHJvamVjdHMvd2lmaWNvbnRlbnQtMTQzZGEvbG9jYXRpb25zL3VzLWNlbnRyYWwxL29wZXJhdGlvbnMvb3BlcmF0aW9uLTE3ODEyMzYzNjI0NjctNjU0MDY2OGE1NTg2MS03NTQwODhmNC1mZGJhZWU0Yw {"name":"operations/cHJvamVjdHMvd2lmaWNvbnRlbnQtMTQzZGEvbG9jYXRpb25zL3VzLWNlbnRyYWwxL29wZXJhdGlvbnMvb3BlcmF0aW9uLTE3ODEyMzYzNjI0NjctNjU0MDY2OGE1NTg2MS03NTQwODhmNC1mZGJhZWU0Yw","metadata":{"@type":"type.googleapis.com/google.cloud.functions.v1.OperationMetadataV1","target":"projects/wificontent-143da/locations/us-central1/functions/cleanBadgesOnContentRemoval","type":"CREATE_FUNCTION","request":{"@type":"type.googleapis.com/google.cloud.functions.v1.CloudFunction","name":"projects/wificontent-143da/locations/us-central1/functions/cleanBadgesOnContentRemoval","eventTrigger":{"eventType":"providers/google.firebase.database/eventTypes/ref.write","resource":"projects/_/instances/wificontent-143da-default-rtdb/refs/posts/{postId}/content","failurePolicy":{}},"entryPoint":"cleanBadgesOnContentRemoval","updateTime":"1970-01-01T00:00:00Z","labels":{"deployment-tool":"cli-firebase","firebase-functions-hash":"f04f99181a37ddd0deea7a83159d393e6ce5c944"},"sourceUploadUrl":"https://storage.googleapis.com/uploads-692370461028.us-central1.cloudfunctions.appspot.com/4436f6aa-1e4b-40fa-8a94-60d055a1c725.zip?GoogleAccessId=service-158237266758@gcf-admin-robot.iam.gserviceaccount.com&Expires=1781238114&Signature=DkrHjDE%2BbtV6oKS1GQlRcqSOI%2B3VlYtP33tXN3kx%2Fav25M5%2FU3R0TaZubs8hZYXtSqWOv%2BqmoaBPVOTPaS1Ttfhk7LGEG74r6F2blyf%2FEH98MGik0ZfVMIbEIcnTK0tBP1PWAObrpPeJdrVgZvP7vGkQ%2BF0BgVAferQC93xeGbIz1xwySdqJjg94XXTyZOXKlbdSu8UPZxzL%2Br4%2Fn7p%2BZmJv5u6wtwTb6tS4wgGre4774xcNPaszeR5UkBMz85JsD%2FWpzoiFnbJQ4WY2jcWy5QjJlaUeO8R5hgnXqs6tuX8yvWiUU9%2BqFvK5hfuP%2BOPCxIMCKmfy5opSphpUy21zKw%3D%3D","environmentVariables":{"FIREBASE_CONFIG":"{\"projectId\":\"wificontent-143da\",\"databaseURL\":\"https://wificontent-143da-default-rtdb.firebaseio.com\",\"storageBucket\":\"wificontent-143da.firebasestorage.app\"}","GCLOUD_PROJECT":"wificontent-143da","EVENTARC_CLOUD_EVENT_SOURCE":"projects/wificontent-143da/locations/us-central1/functions/cleanBadgesOnContentRemoval"},"runtime":"nodejs20","buildEnvironmentVariables":{"GOOGLE_NODE_RUN_SCRIPTS":""},"dockerRegistry":"ARTIFACT_REGISTRY"},"versionId":"1","updateTime":"2026-06-12T03:52:42.839839353Z"}}
[debug] [2026-06-12T03:52:44.875Z] <<< [apiv2][status] GET https://cloudfunctions.googleapis.com/v1/operations/cHJvamVjdHMvd2lmaWNvbnRlbnQtMTQzZGEvbG9jYXRpb25zL3VzLWNlbnRyYWwxL29wZXJhdGlvbnMvb3BlcmF0aW9uLTE3ODEyMzYzNjI0NjYtNjU0MDY2OGE1NTVhMS0xYWYzMjY1Yy03ZDljNGEwMg 200
[debug] [2026-06-12T03:52:44.875Z] <<< [apiv2][body] GET https://cloudfunctions.googleapis.com/v1/operations/cHJvamVjdHMvd2lmaWNvbnRlbnQtMTQzZGEvbG9jYXRpb25zL3VzLWNlbnRyYWwxL29wZXJhdGlvbnMvb3BlcmF0aW9uLTE3ODEyMzYzNjI0NjYtNjU0MDY2OGE1NTVhMS0xYWYzMjY1Yy03ZDljNGEwMg {"name":"operations/cHJvamVjdHMvd2lmaWNvbnRlbnQtMTQzZGEvbG9jYXRpb25zL3VzLWNlbnRyYWwxL29wZXJhdGlvbnMvb3BlcmF0aW9uLTE3ODEyMzYzNjI0NjYtNjU0MDY2OGE1NTVhMS0xYWYzMjY1Yy03ZDljNGEwMg","metadata":{"@type":"type.googleapis.com/google.cloud.functions.v1.OperationMetadataV1","target":"projects/wificontent-143da/locations/us-central1/functions/consumeUserBadgeOnPostCreate","type":"CREATE_FUNCTION","request":{"@type":"type.googleapis.com/google.cloud.functions.v1.CloudFunction","name":"projects/wificontent-143da/locations/us-central1/functions/consumeUserBadgeOnPostCreate","eventTrigger":{"eventType":"providers/google.firebase.database/eventTypes/ref.create","resource":"projects/_/instances/wificontent-143da-default-rtdb/refs/posts/{postId}","failurePolicy":{}},"entryPoint":"consumeUserBadgeOnPostCreate","updateTime":"1970-01-01T00:00:00Z","labels":{"deployment-tool":"cli-firebase","firebase-functions-hash":"f04f99181a37ddd0deea7a83159d393e6ce5c944"},"sourceUploadUrl":"https://storage.googleapis.com/uploads-692370461028.us-central1.cloudfunctions.appspot.com/4436f6aa-1e4b-40fa-8a94-60d055a1c725.zip?GoogleAccessId=service-158237266758@gcf-admin-robot.iam.gserviceaccount.com&Expires=1781238114&Signature=DkrHjDE%2BbtV6oKS1GQlRcqSOI%2B3VlYtP33tXN3kx%2Fav25M5%2FU3R0TaZubs8hZYXtSqWOv%2BqmoaBPVOTPaS1Ttfhk7LGEG74r6F2blyf%2FEH98MGik0ZfVMIbEIcnTK0tBP1PWAObrpPeJdrVgZvP7vGkQ%2BF0BgVAferQC93xeGbIz1xwySdqJjg94XXTyZOXKlbdSu8UPZxzL%2Br4%2Fn7p%2BZmJv5u6wtwTb6tS4wgGre4774xcNPaszeR5UkBMz85JsD%2FWpzoiFnbJQ4WY2jcWy5QjJlaUeO8R5hgnXqs6tuX8yvWiUU9%2BqFvK5hfuP%2BOPCxIMCKmfy5opSphpUy21zKw%3D%3D","environmentVariables":{"FIREBASE_CONFIG":"{\"projectId\":\"wificontent-143da\",\"databaseURL\":\"https://wificontent-143da-default-rtdb.firebaseio.com\",\"storageBucket\":\"wificontent-143da.firebasestorage.app\"}","GCLOUD_PROJECT":"wificontent-143da","EVENTARC_CLOUD_EVENT_SOURCE":"projects/wificontent-143da/locations/us-central1/functions/consumeUserBadgeOnPostCreate"},"runtime":"nodejs20","buildEnvironmentVariables":{"GOOGLE_NODE_RUN_SCRIPTS":""},"dockerRegistry":"ARTIFACT_REGISTRY"},"versionId":"1","updateTime":"2026-06-12T03:52:42.866366829Z"}}
[debug] [2026-06-12T03:52:44.881Z] <<< [apiv2][status] GET https://cloudfunctions.googleapis.com/v1/operations/cHJvamVjdHMvd2lmaWNvbnRlbnQtMTQzZGEvbG9jYXRpb25zL3VzLWNlbnRyYWwxL29wZXJhdGlvbnMvb3BlcmF0aW9uLTE3ODEyMzYzNjI0NTEtNjU0MDY2OGE1MWI1NC1lNjE5ODVkOC01ODQxODNkNA 200
[debug] [2026-06-12T03:52:44.881Z] <<< [apiv2][body] GET https://cloudfunctions.googleapis.com/v1/operations/cHJvamVjdHMvd2lmaWNvbnRlbnQtMTQzZGEvbG9jYXRpb25zL3VzLWNlbnRyYWwxL29wZXJhdGlvbnMvb3BlcmF0aW9uLTE3ODEyMzYzNjI0NTEtNjU0MDY2OGE1MWI1NC1lNjE5ODVkOC01ODQxODNkNA {"name":"operations/cHJvamVjdHMvd2lmaWNvbnRlbnQtMTQzZGEvbG9jYXRpb25zL3VzLWNlbnRyYWwxL29wZXJhdGlvbnMvb3BlcmF0aW9uLTE3ODEyMzYzNjI0NTEtNjU0MDY2OGE1MWI1NC1lNjE5ODVkOC01ODQxODNkNA","metadata":{"@type":"type.googleapis.com/google.cloud.functions.v1.OperationMetadataV1","target":"projects/wificontent-143da/locations/us-central1/functions/postMetricsAggregator","type":"CREATE_FUNCTION","request":{"@type":"type.googleapis.com/google.cloud.functions.v1.CloudFunction","name":"projects/wificontent-143da/locations/us-central1/functions/postMetricsAggregator","eventTrigger":{"eventType":"providers/google.firebase.database/eventTypes/ref.create","resource":"projects/_/instances/wificontent-143da-default-rtdb/refs/posts/{postId}","failurePolicy":{}},"entryPoint":"postMetricsAggregator","updateTime":"1970-01-01T00:00:00Z","labels":{"deployment-tool":"cli-firebase","firebase-functions-hash":"f04f99181a37ddd0deea7a83159d393e6ce5c944"},"sourceUploadUrl":"https://storage.googleapis.com/uploads-692370461028.us-central1.cloudfunctions.appspot.com/4436f6aa-1e4b-40fa-8a94-60d055a1c725.zip?GoogleAccessId=service-158237266758@gcf-admin-robot.iam.gserviceaccount.com&Expires=1781238114&Signature=DkrHjDE%2BbtV6oKS1GQlRcqSOI%2B3VlYtP33tXN3kx%2Fav25M5%2FU3R0TaZubs8hZYXtSqWOv%2BqmoaBPVOTPaS1Ttfhk7LGEG74r6F2blyf%2FEH98MGik0ZfVMIbEIcnTK0tBP1PWAObrpPeJdrVgZvP7vGkQ%2BF0BgVAferQC93xeGbIz1xwySdqJjg94XXTyZOXKlbdSu8UPZxzL%2Br4%2Fn7p%2BZmJv5u6wtwTb6tS4wgGre4774xcNPaszeR5UkBMz85JsD%2FWpzoiFnbJQ4WY2jcWy5QjJlaUeO8R5hgnXqs6tuX8yvWiUU9%2BqFvK5hfuP%2BOPCxIMCKmfy5opSphpUy21zKw%3D%3D","environmentVariables":{"FIREBASE_CONFIG":"{\"projectId\":\"wificontent-143da\",\"databaseURL\":\"https://wificontent-143da-default-rtdb.firebaseio.com\",\"storageBucket\":\"wificontent-143da.firebasestorage.app\"}","GCLOUD_PROJECT":"wificontent-143da","EVENTARC_CLOUD_EVENT_SOURCE":"projects/wificontent-143da/locations/us-central1/functions/postMetricsAggregator"},"runtime":"nodejs20","buildEnvironmentVariables":{"GOOGLE_NODE_RUN_SCRIPTS":""},"dockerRegistry":"ARTIFACT_REGISTRY"},"versionId":"1","updateTime":"2026-06-12T03:52:42.823060493Z"}}
[debug] [2026-06-12T03:52:46.620Z] [update-default-us-central1-getCheckoutSessionResult] Retrying task index 0
[debug] [2026-06-12T03:52:46.620Z] Checked if tokens are valid: true, expires at: 1781239710613
[debug] [2026-06-12T03:52:46.621Z] Checked if tokens are valid: true, expires at: 1781239710613
[debug] [2026-06-12T03:52:46.621Z] >>> [apiv2][query] GET https://cloudfunctions.googleapis.com/v1/operations/d2lmaWNvbnRlbnQtMTQzZGEvdXMtY2VudHJhbDEvZ2V0Q2hlY2tvdXRTZXNzaW9uUmVzdWx0L2pncUhhSmpKV3hj [none]
[debug] [2026-06-12T03:52:46.648Z] [update-default-us-central1-createCheckoutSession] Retrying task index 0
[debug] [2026-06-12T03:52:46.648Z] Checked if tokens are valid: true, expires at: 1781239710613
[debug] [2026-06-12T03:52:46.648Z] Checked if tokens are valid: true, expires at: 1781239710613
[debug] [2026-06-12T03:52:46.648Z] >>> [apiv2][query] GET https://cloudfunctions.googleapis.com/v1/operations/d2lmaWNvbnRlbnQtMTQzZGEvdXMtY2VudHJhbDEvY3JlYXRlQ2hlY2tvdXRTZXNzaW9uL3NiUXBZTXVmUXI0 [none]
[debug] [2026-06-12T03:52:46.732Z] <<< [apiv2][status] GET https://cloudfunctions.googleapis.com/v1/operations/d2lmaWNvbnRlbnQtMTQzZGEvdXMtY2VudHJhbDEvZ2V0Q2hlY2tvdXRTZXNzaW9uUmVzdWx0L2pncUhhSmpKV3hj 200
[debug] [2026-06-12T03:52:46.732Z] <<< [apiv2][body] GET https://cloudfunctions.googleapis.com/v1/operations/d2lmaWNvbnRlbnQtMTQzZGEvdXMtY2VudHJhbDEvZ2V0Q2hlY2tvdXRTZXNzaW9uUmVzdWx0L2pncUhhSmpKV3hj {"name":"operations/d2lmaWNvbnRlbnQtMTQzZGEvdXMtY2VudHJhbDEvZ2V0Q2hlY2tvdXRTZXNzaW9uUmVzdWx0L2pncUhhSmpKV3hj","metadata":{"@type":"type.googleapis.com/google.cloud.functions.v1.OperationMetadataV1","target":"projects/wificontent-143da/locations/us-central1/functions/getCheckoutSessionResult","type":"UPDATE_FUNCTION","request":{"@type":"type.googleapis.com/google.cloud.functions.v1.CloudFunction","name":"projects/wificontent-143da/locations/us-central1/functions/getCheckoutSessionResult","httpsTrigger":{"url":"https://us-central1-wificontent-143da.cloudfunctions.net/getCheckoutSessionResult","securityLevel":"SECURE_ALWAYS"},"status":"ACTIVE","entryPoint":"getCheckoutSessionResult","updateTime":"2026-06-04T13:50:39.069Z","versionId":"1","labels":{"deployment-tool":"cli-firebase","deployment-callable":"true","firebase-functions-hash":"16c76575d73ded68adb989e0bab01fa6f6fd5eab"},"sourceUploadUrl":"https://storage.googleapis.com/uploads-692370461028.us-central1.cloudfunctions.appspot.com/4436f6aa-1e4b-40fa-8a94-60d055a1c725.zip?GoogleAccessId=service-158237266758@gcf-admin-robot.iam.gserviceaccount.com&Expires=1781238114&Signature=DkrHjDE%2BbtV6oKS1GQlRcqSOI%2B3VlYtP33tXN3kx%2Fav25M5%2FU3R0TaZubs8hZYXtSqWOv%2BqmoaBPVOTPaS1Ttfhk7LGEG74r6F2blyf%2FEH98MGik0ZfVMIbEIcnTK0tBP1PWAObrpPeJdrVgZvP7vGkQ%2BF0BgVAferQC93xeGbIz1xwySdqJjg94XXTyZOXKlbdSu8UPZxzL%2Br4%2Fn7p%2BZmJv5u6wtwTb6tS4wgGre4774xcNPaszeR5UkBMz85JsD%2FWpzoiFnbJQ4WY2jcWy5QjJlaUeO8R5hgnXqs6tuX8yvWiUU9%2BqFvK5hfuP%2BOPCxIMCKmfy5opSphpUy21zKw%3D%3D","environmentVariables":{"FIREBASE_CONFIG":"{\"projectId\":\"wificontent-143da\",\"databaseURL\":\"https://wificontent-143da-default-rtdb.firebaseio.com\",\"storageBucket\":\"wificontent-143da.firebasestorage.app\"}","GCLOUD_PROJECT":"wificontent-143da","EVENTARC_CLOUD_EVENT_SOURCE":"projects/wificontent-143da/locations/us-central1/functions/getCheckoutSessionResult"},"runtime":"nodejs20","buildId":"c96d8118-30a2-4795-9828-102257e4b186","buildEnvironmentVariables":{"GOOGLE_NODE_RUN_SCRIPTS":""},"secretEnvironmentVariables":[{"key":"STRIPE_SECRET","projectId":"wificontent-143da","secret":"STRIPE_SECRET","version":"1"}],"buildName":"projects/158237266758/locations/us-central1/builds/c96d8118-30a2-4795-9828-102257e4b186","dockerRegistry":"ARTIFACT_REGISTRY","automaticUpdatePolicy":{},"buildServiceAccount":"projects/wificontent-143da/serviceAccounts/158237266758-compute@developer.gserviceaccount.com"},"versionId":"2","updateTime":"2026-06-12T03:52:42Z","buildId":"8bfcb52d-304f-49ce-9ce4-cdbad4f825c2","buildName":"projects/158237266758/locations/us-central1/builds/8bfcb52d-304f-49ce-9ce4-cdbad4f825c2"}}
[debug] [2026-06-12T03:52:46.743Z] [update-default-us-central1-api] Retrying task index 0
[debug] [2026-06-12T03:52:46.743Z] Checked if tokens are valid: true, expires at: 1781239710613
[debug] [2026-06-12T03:52:46.743Z] Checked if tokens are valid: true, expires at: 1781239710613
[debug] [2026-06-12T03:52:46.743Z] >>> [apiv2][query] GET https://cloudfunctions.googleapis.com/v1/operations/d2lmaWNvbnRlbnQtMTQzZGEvdXMtY2VudHJhbDEvYXBpL1BuQ0xkYTZQNXZJ [none]
[debug] [2026-06-12T03:52:46.744Z] [update-default-us-central1-handleStripeWebhook] Retrying task index 0
[debug] [2026-06-12T03:52:46.744Z] Checked if tokens are valid: true, expires at: 1781239710613
[debug] [2026-06-12T03:52:46.744Z] Checked if tokens are valid: true, expires at: 1781239710613
[debug] [2026-06-12T03:52:46.744Z] >>> [apiv2][query] GET https://cloudfunctions.googleapis.com/v1/operations/d2lmaWNvbnRlbnQtMTQzZGEvdXMtY2VudHJhbDEvaGFuZGxlU3RyaXBlV2ViaG9vay9xNlNpUjRhT2dwZw [none]
[debug] [2026-06-12T03:52:46.744Z] [update-default-us-central1-createPaymentIntent] Retrying task index 0
[debug] [2026-06-12T03:52:46.744Z] Checked if tokens are valid: true, expires at: 1781239710613
[debug] [2026-06-12T03:52:46.744Z] Checked if tokens are valid: true, expires at: 1781239710613
[debug] [2026-06-12T03:52:46.744Z] >>> [apiv2][query] GET https://cloudfunctions.googleapis.com/v1/operations/d2lmaWNvbnRlbnQtMTQzZGEvdXMtY2VudHJhbDEvY3JlYXRlUGF5bWVudEludGVudC9jLU1CVDBFTlRCdw [none]
[debug] [2026-06-12T03:52:46.744Z] [update-default-us-central1-createCheckoutSessionCallable] Retrying task index 0
[debug] [2026-06-12T03:52:46.744Z] Checked if tokens are valid: true, expires at: 1781239710613
[debug] [2026-06-12T03:52:46.744Z] Checked if tokens are valid: true, expires at: 1781239710613
[debug] [2026-06-12T03:52:46.744Z] >>> [apiv2][query] GET https://cloudfunctions.googleapis.com/v1/operations/d2lmaWNvbnRlbnQtMTQzZGEvdXMtY2VudHJhbDEvY3JlYXRlQ2hlY2tvdXRTZXNzaW9uQ2FsbGFibGUvUUtscU5LTzFndDA [none]
[debug] [2026-06-12T03:52:46.842Z] <<< [apiv2][status] GET https://cloudfunctions.googleapis.com/v1/operations/d2lmaWNvbnRlbnQtMTQzZGEvdXMtY2VudHJhbDEvY3JlYXRlQ2hlY2tvdXRTZXNzaW9uL3NiUXBZTXVmUXI0 200
[debug] [2026-06-12T03:52:46.842Z] <<< [apiv2][body] GET https://cloudfunctions.googleapis.com/v1/operations/d2lmaWNvbnRlbnQtMTQzZGEvdXMtY2VudHJhbDEvY3JlYXRlQ2hlY2tvdXRTZXNzaW9uL3NiUXBZTXVmUXI0 {"name":"operations/d2lmaWNvbnRlbnQtMTQzZGEvdXMtY2VudHJhbDEvY3JlYXRlQ2hlY2tvdXRTZXNzaW9uL3NiUXBZTXVmUXI0","metadata":{"@type":"type.googleapis.com/google.cloud.functions.v1.OperationMetadataV1","target":"projects/wificontent-143da/locations/us-central1/functions/createCheckoutSession","type":"UPDATE_FUNCTION","request":{"@type":"type.googleapis.com/google.cloud.functions.v1.CloudFunction","name":"projects/wificontent-143da/locations/us-central1/functions/createCheckoutSession","httpsTrigger":{"url":"https://us-central1-wificontent-143da.cloudfunctions.net/createCheckoutSession","securityLevel":"SECURE_ALWAYS"},"status":"ACTIVE","entryPoint":"createCheckoutSession","updateTime":"2026-06-04T13:50:41.855Z","versionId":"1","labels":{"deployment-tool":"cli-firebase","firebase-functions-hash":"16c76575d73ded68adb989e0bab01fa6f6fd5eab"},"sourceUploadUrl":"https://storage.googleapis.com/uploads-692370461028.us-central1.cloudfunctions.appspot.com/4436f6aa-1e4b-40fa-8a94-60d055a1c725.zip?GoogleAccessId=service-158237266758@gcf-admin-robot.iam.gserviceaccount.com&Expires=1781238114&Signature=DkrHjDE%2BbtV6oKS1GQlRcqSOI%2B3VlYtP33tXN3kx%2Fav25M5%2FU3R0TaZubs8hZYXtSqWOv%2BqmoaBPVOTPaS1Ttfhk7LGEG74r6F2blyf%2FEH98MGik0ZfVMIbEIcnTK0tBP1PWAObrpPeJdrVgZvP7vGkQ%2BF0BgVAferQC93xeGbIz1xwySdqJjg94XXTyZOXKlbdSu8UPZxzL%2Br4%2Fn7p%2BZmJv5u6wtwTb6tS4wgGre4774xcNPaszeR5UkBMz85JsD%2FWpzoiFnbJQ4WY2jcWy5QjJlaUeO8R5hgnXqs6tuX8yvWiUU9%2BqFvK5hfuP%2BOPCxIMCKmfy5opSphpUy21zKw%3D%3D","environmentVariables":{"FIREBASE_CONFIG":"{\"projectId\":\"wificontent-143da\",\"databaseURL\":\"https://wificontent-143da-default-rtdb.firebaseio.com\",\"storageBucket\":\"wificontent-143da.firebasestorage.app\"}","GCLOUD_PROJECT":"wificontent-143da","EVENTARC_CLOUD_EVENT_SOURCE":"projects/wificontent-143da/locations/us-central1/functions/createCheckoutSession"},"runtime":"nodejs20","buildId":"c96d8118-30a2-4795-9828-102257e4b186","buildEnvironmentVariables":{"GOOGLE_NODE_RUN_SCRIPTS":""},"secretEnvironmentVariables":[{"key":"STRIPE_SECRET","projectId":"wificontent-143da","secret":"STRIPE_SECRET","version":"1"}],"buildName":"projects/158237266758/locations/us-central1/builds/c96d8118-30a2-4795-9828-102257e4b186","dockerRegistry":"ARTIFACT_REGISTRY","automaticUpdatePolicy":{},"buildServiceAccount":"projects/wificontent-143da/serviceAccounts/158237266758-compute@developer.gserviceaccount.com"},"versionId":"2","updateTime":"2026-06-12T03:52:42Z","buildId":"f6c09e6c-90e6-4102-b67d-9ac3ff7f2175","buildName":"projects/158237266758/locations/us-central1/builds/f6c09e6c-90e6-4102-b67d-9ac3ff7f2175"}}
[debug] [2026-06-12T03:52:46.855Z] [create-default-us-central1-cleanBadgesOnContentRemoval] Retrying task index 0
[debug] [2026-06-12T03:52:46.855Z] Checked if tokens are valid: true, expires at: 1781239710613
[debug] [2026-06-12T03:52:46.855Z] Checked if tokens are valid: true, expires at: 1781239710613
[debug] [2026-06-12T03:52:46.855Z] >>> [apiv2][query] GET https://cloudfunctions.googleapis.com/v1/operations/cHJvamVjdHMvd2lmaWNvbnRlbnQtMTQzZGEvbG9jYXRpb25zL3VzLWNlbnRyYWwxL29wZXJhdGlvbnMvb3BlcmF0aW9uLTE3ODEyMzYzNjI0NjctNjU0MDY2OGE1NTg2MS03NTQwODhmNC1mZGJhZWU0Yw [none]
[debug] [2026-06-12T03:52:46.867Z] <<< [apiv2][status] GET https://cloudfunctions.googleapis.com/v1/operations/d2lmaWNvbnRlbnQtMTQzZGEvdXMtY2VudHJhbDEvY3JlYXRlQ2hlY2tvdXRTZXNzaW9uQ2FsbGFibGUvUUtscU5LTzFndDA 200
[debug] [2026-06-12T03:52:46.867Z] <<< [apiv2][body] GET https://cloudfunctions.googleapis.com/v1/operations/d2lmaWNvbnRlbnQtMTQzZGEvdXMtY2VudHJhbDEvY3JlYXRlQ2hlY2tvdXRTZXNzaW9uQ2FsbGFibGUvUUtscU5LTzFndDA {"name":"operations/d2lmaWNvbnRlbnQtMTQzZGEvdXMtY2VudHJhbDEvY3JlYXRlQ2hlY2tvdXRTZXNzaW9uQ2FsbGFibGUvUUtscU5LTzFndDA","metadata":{"@type":"type.googleapis.com/google.cloud.functions.v1.OperationMetadataV1","target":"projects/wificontent-143da/locations/us-central1/functions/createCheckoutSessionCallable","type":"UPDATE_FUNCTION","request":{"@type":"type.googleapis.com/google.cloud.functions.v1.CloudFunction","name":"projects/wificontent-143da/locations/us-central1/functions/createCheckoutSessionCallable","httpsTrigger":{"url":"https://us-central1-wificontent-143da.cloudfunctions.net/createCheckoutSessionCallable","securityLevel":"SECURE_ALWAYS"},"status":"ACTIVE","entryPoint":"createCheckoutSessionCallable","updateTime":"2026-06-04T13:50:38.804Z","versionId":"1","labels":{"deployment-tool":"cli-firebase","deployment-callable":"true","firebase-functions-hash":"16c76575d73ded68adb989e0bab01fa6f6fd5eab"},"sourceUploadUrl":"https://storage.googleapis.com/uploads-692370461028.us-central1.cloudfunctions.appspot.com/4436f6aa-1e4b-40fa-8a94-60d055a1c725.zip?GoogleAccessId=service-158237266758@gcf-admin-robot.iam.gserviceaccount.com&Expires=1781238114&Signature=DkrHjDE%2BbtV6oKS1GQlRcqSOI%2B3VlYtP33tXN3kx%2Fav25M5%2FU3R0TaZubs8hZYXtSqWOv%2BqmoaBPVOTPaS1Ttfhk7LGEG74r6F2blyf%2FEH98MGik0ZfVMIbEIcnTK0tBP1PWAObrpPeJdrVgZvP7vGkQ%2BF0BgVAferQC93xeGbIz1xwySdqJjg94XXTyZOXKlbdSu8UPZxzL%2Br4%2Fn7p%2BZmJv5u6wtwTb6tS4wgGre4774xcNPaszeR5UkBMz85JsD%2FWpzoiFnbJQ4WY2jcWy5QjJlaUeO8R5hgnXqs6tuX8yvWiUU9%2BqFvK5hfuP%2BOPCxIMCKmfy5opSphpUy21zKw%3D%3D","environmentVariables":{"FIREBASE_CONFIG":"{\"projectId\":\"wificontent-143da\",\"databaseURL\":\"https://wificontent-143da-default-rtdb.firebaseio.com\",\"storageBucket\":\"wificontent-143da.firebasestorage.app\"}","GCLOUD_PROJECT":"wificontent-143da","EVENTARC_CLOUD_EVENT_SOURCE":"projects/wificontent-143da/locations/us-central1/functions/createCheckoutSessionCallable"},"runtime":"nodejs20","buildId":"c96d8118-30a2-4795-9828-102257e4b186","buildEnvironmentVariables":{"GOOGLE_NODE_RUN_SCRIPTS":""},"secretEnvironmentVariables":[{"key":"STRIPE_SECRET","projectId":"wificontent-143da","secret":"STRIPE_SECRET","version":"1"}],"buildName":"projects/158237266758/locations/us-central1/builds/c96d8118-30a2-4795-9828-102257e4b186","dockerRegistry":"ARTIFACT_REGISTRY","automaticUpdatePolicy":{},"buildServiceAccount":"projects/wificontent-143da/serviceAccounts/158237266758-compute@developer.gserviceaccount.com"},"versionId":"2","updateTime":"2026-06-12T03:52:42Z","buildId":"b45365b0-0f84-4b0d-9500-d7f3befbf42b","buildName":"projects/158237266758/locations/us-central1/builds/b45365b0-0f84-4b0d-9500-d7f3befbf42b"}}
[debug] [2026-06-12T03:52:46.871Z] <<< [apiv2][status] GET https://cloudfunctions.googleapis.com/v1/operations/d2lmaWNvbnRlbnQtMTQzZGEvdXMtY2VudHJhbDEvYXBpL1BuQ0xkYTZQNXZJ 200
[debug] [2026-06-12T03:52:46.871Z] <<< [apiv2][body] GET https://cloudfunctions.googleapis.com/v1/operations/d2lmaWNvbnRlbnQtMTQzZGEvdXMtY2VudHJhbDEvYXBpL1BuQ0xkYTZQNXZJ {"name":"operations/d2lmaWNvbnRlbnQtMTQzZGEvdXMtY2VudHJhbDEvYXBpL1BuQ0xkYTZQNXZJ","metadata":{"@type":"type.googleapis.com/google.cloud.functions.v1.OperationMetadataV1","target":"projects/wificontent-143da/locations/us-central1/functions/api","type":"UPDATE_FUNCTION","request":{"@type":"type.googleapis.com/google.cloud.functions.v1.CloudFunction","name":"projects/wificontent-143da/locations/us-central1/functions/api","httpsTrigger":{"url":"https://us-central1-wificontent-143da.cloudfunctions.net/api","securityLevel":"SECURE_ALWAYS"},"status":"OFFLINE","entryPoint":"api","updateTime":"2026-06-12T03:49:15.397Z","versionId":"1","labels":{"deployment-tool":"cli-firebase","firebase-functions-hash":"f04f99181a37ddd0deea7a83159d393e6ce5c944"},"sourceUploadUrl":"https://storage.googleapis.com/uploads-692370461028.us-central1.cloudfunctions.appspot.com/4436f6aa-1e4b-40fa-8a94-60d055a1c725.zip?GoogleAccessId=service-158237266758@gcf-admin-robot.iam.gserviceaccount.com&Expires=1781238114&Signature=DkrHjDE%2BbtV6oKS1GQlRcqSOI%2B3VlYtP33tXN3kx%2Fav25M5%2FU3R0TaZubs8hZYXtSqWOv%2BqmoaBPVOTPaS1Ttfhk7LGEG74r6F2blyf%2FEH98MGik0ZfVMIbEIcnTK0tBP1PWAObrpPeJdrVgZvP7vGkQ%2BF0BgVAferQC93xeGbIz1xwySdqJjg94XXTyZOXKlbdSu8UPZxzL%2Br4%2Fn7p%2BZmJv5u6wtwTb6tS4wgGre4774xcNPaszeR5UkBMz85JsD%2FWpzoiFnbJQ4WY2jcWy5QjJlaUeO8R5hgnXqs6tuX8yvWiUU9%2BqFvK5hfuP%2BOPCxIMCKmfy5opSphpUy21zKw%3D%3D","environmentVariables":{"FIREBASE_CONFIG":"{\"projectId\":\"wificontent-143da\",\"databaseURL\":\"https://wificontent-143da-default-rtdb.firebaseio.com\",\"storageBucket\":\"wificontent-143da.firebasestorage.app\"}","GCLOUD_PROJECT":"wificontent-143da","EVENTARC_CLOUD_EVENT_SOURCE":"projects/wificontent-143da/locations/us-central1/functions/api"},"runtime":"nodejs20","buildId":"b32c4fc2-9b93-4a4a-b7b3-6aaa45fe553c","buildEnvironmentVariables":{"GOOGLE_NODE_RUN_SCRIPTS":""},"buildName":"projects/158237266758/locations/us-central1/builds/b32c4fc2-9b93-4a4a-b7b3-6aaa45fe553c","dockerRegistry":"ARTIFACT_REGISTRY","automaticUpdatePolicy":{},"buildServiceAccount":"projects/wificontent-143da/serviceAccounts/158237266758-compute@developer.gserviceaccount.com"},"versionId":"2","updateTime":"2026-06-12T03:52:42Z","buildId":"1d5bf482-31ee-49ff-b691-76933389bcd0","buildName":"projects/158237266758/locations/us-central1/builds/1d5bf482-31ee-49ff-b691-76933389bcd0"}}
[debug] [2026-06-12T03:52:46.871Z] <<< [apiv2][status] GET https://cloudfunctions.googleapis.com/v1/operations/d2lmaWNvbnRlbnQtMTQzZGEvdXMtY2VudHJhbDEvaGFuZGxlU3RyaXBlV2ViaG9vay9xNlNpUjRhT2dwZw 200
[debug] [2026-06-12T03:52:46.871Z] <<< [apiv2][body] GET https://cloudfunctions.googleapis.com/v1/operations/d2lmaWNvbnRlbnQtMTQzZGEvdXMtY2VudHJhbDEvaGFuZGxlU3RyaXBlV2ViaG9vay9xNlNpUjRhT2dwZw {"name":"operations/d2lmaWNvbnRlbnQtMTQzZGEvdXMtY2VudHJhbDEvaGFuZGxlU3RyaXBlV2ViaG9vay9xNlNpUjRhT2dwZw","metadata":{"@type":"type.googleapis.com/google.cloud.functions.v1.OperationMetadataV1","target":"projects/wificontent-143da/locations/us-central1/functions/handleStripeWebhook","type":"UPDATE_FUNCTION","request":{"@type":"type.googleapis.com/google.cloud.functions.v1.CloudFunction","name":"projects/wificontent-143da/locations/us-central1/functions/handleStripeWebhook","httpsTrigger":{"url":"https://us-central1-wificontent-143da.cloudfunctions.net/handleStripeWebhook","securityLevel":"SECURE_ALWAYS"},"status":"ACTIVE","entryPoint":"handleStripeWebhook","updateTime":"2026-06-04T14:26:15.472Z","versionId":"3","labels":{"deployment-tool":"cli-firebase","firebase-functions-hash":"823af96df830f3f75c86b6355a997e6cb543b5fa"},"sourceUploadUrl":"https://storage.googleapis.com/uploads-692370461028.us-central1.cloudfunctions.appspot.com/4436f6aa-1e4b-40fa-8a94-60d055a1c725.zip?GoogleAccessId=service-158237266758@gcf-admin-robot.iam.gserviceaccount.com&Expires=1781238114&Signature=DkrHjDE%2BbtV6oKS1GQlRcqSOI%2B3VlYtP33tXN3kx%2Fav25M5%2FU3R0TaZubs8hZYXtSqWOv%2BqmoaBPVOTPaS1Ttfhk7LGEG74r6F2blyf%2FEH98MGik0ZfVMIbEIcnTK0tBP1PWAObrpPeJdrVgZvP7vGkQ%2BF0BgVAferQC93xeGbIz1xwySdqJjg94XXTyZOXKlbdSu8UPZxzL%2Br4%2Fn7p%2BZmJv5u6wtwTb6tS4wgGre4774xcNPaszeR5UkBMz85JsD%2FWpzoiFnbJQ4WY2jcWy5QjJlaUeO8R5hgnXqs6tuX8yvWiUU9%2BqFvK5hfuP%2BOPCxIMCKmfy5opSphpUy21zKw%3D%3D","environmentVariables":{"FIREBASE_CONFIG":"{\"projectId\":\"wificontent-143da\",\"databaseURL\":\"https://wificontent-143da-default-rtdb.firebaseio.com\",\"storageBucket\":\"wificontent-143da.firebasestorage.app\"}","GCLOUD_PROJECT":"wificontent-143da","EVENTARC_CLOUD_EVENT_SOURCE":"projects/wificontent-143da/locations/us-central1/functions/handleStripeWebhook"},"runtime":"nodejs20","buildId":"99ab3ad8-6f35-417c-8dbe-866afa72bb84","buildEnvironmentVariables":{"GOOGLE_NODE_RUN_SCRIPTS":""},"secretEnvironmentVariables":[{"key":"STRIPE_SECRET","projectId":"wificontent-143da","secret":"STRIPE_SECRET","version":"1"},{"key":"STRIPE_WEBHOOK_SECRET","projectId":"wificontent-143da","secret":"STRIPE_WEBHOOK_SECRET","version":"1"}],"buildName":"projects/158237266758/locations/us-central1/builds/99ab3ad8-6f35-417c-8dbe-866afa72bb84","dockerRegistry":"ARTIFACT_REGISTRY","automaticUpdatePolicy":{},"buildServiceAccount":"projects/wificontent-143da/serviceAccounts/158237266758-compute@developer.gserviceaccount.com"},"versionId":"4","updateTime":"2026-06-12T03:52:42Z","buildId":"51ffc6b3-cca4-4ad4-963c-863b3cd293d1","buildName":"projects/158237266758/locations/us-central1/builds/51ffc6b3-cca4-4ad4-963c-863b3cd293d1"}}
[debug] [2026-06-12T03:52:46.876Z] [create-default-us-central1-consumeUserBadgeOnPostCreate] Retrying task index 0
[debug] [2026-06-12T03:52:46.877Z] Checked if tokens are valid: true, expires at: 1781239710613
[debug] [2026-06-12T03:52:46.877Z] Checked if tokens are valid: true, expires at: 1781239710613
[debug] [2026-06-12T03:52:46.877Z] >>> [apiv2][query] GET https://cloudfunctions.googleapis.com/v1/operations/cHJvamVjdHMvd2lmaWNvbnRlbnQtMTQzZGEvbG9jYXRpb25zL3VzLWNlbnRyYWwxL29wZXJhdGlvbnMvb3BlcmF0aW9uLTE3ODEyMzYzNjI0NjYtNjU0MDY2OGE1NTVhMS0xYWYzMjY1Yy03ZDljNGEwMg [none]
[debug] [2026-06-12T03:52:46.879Z] <<< [apiv2][status] GET https://cloudfunctions.googleapis.com/v1/operations/d2lmaWNvbnRlbnQtMTQzZGEvdXMtY2VudHJhbDEvY3JlYXRlUGF5bWVudEludGVudC9jLU1CVDBFTlRCdw 200
[debug] [2026-06-12T03:52:46.879Z] <<< [apiv2][body] GET https://cloudfunctions.googleapis.com/v1/operations/d2lmaWNvbnRlbnQtMTQzZGEvdXMtY2VudHJhbDEvY3JlYXRlUGF5bWVudEludGVudC9jLU1CVDBFTlRCdw {"name":"operations/d2lmaWNvbnRlbnQtMTQzZGEvdXMtY2VudHJhbDEvY3JlYXRlUGF5bWVudEludGVudC9jLU1CVDBFTlRCdw","metadata":{"@type":"type.googleapis.com/google.cloud.functions.v1.OperationMetadataV1","target":"projects/wificontent-143da/locations/us-central1/functions/createPaymentIntent","type":"UPDATE_FUNCTION","request":{"@type":"type.googleapis.com/google.cloud.functions.v1.CloudFunction","name":"projects/wificontent-143da/locations/us-central1/functions/createPaymentIntent","httpsTrigger":{"url":"https://us-central1-wificontent-143da.cloudfunctions.net/createPaymentIntent","securityLevel":"SECURE_ALWAYS"},"status":"ACTIVE","entryPoint":"createPaymentIntent","updateTime":"2026-06-04T14:26:15.364Z","versionId":"2","labels":{"deployment-tool":"cli-firebase","deployment-callable":"true","firebase-functions-hash":"16c76575d73ded68adb989e0bab01fa6f6fd5eab"},"sourceUploadUrl":"https://storage.googleapis.com/uploads-692370461028.us-central1.cloudfunctions.appspot.com/4436f6aa-1e4b-40fa-8a94-60d055a1c725.zip?GoogleAccessId=service-158237266758@gcf-admin-robot.iam.gserviceaccount.com&Expires=1781238114&Signature=DkrHjDE%2BbtV6oKS1GQlRcqSOI%2B3VlYtP33tXN3kx%2Fav25M5%2FU3R0TaZubs8hZYXtSqWOv%2BqmoaBPVOTPaS1Ttfhk7LGEG74r6F2blyf%2FEH98MGik0ZfVMIbEIcnTK0tBP1PWAObrpPeJdrVgZvP7vGkQ%2BF0BgVAferQC93xeGbIz1xwySdqJjg94XXTyZOXKlbdSu8UPZxzL%2Br4%2Fn7p%2BZmJv5u6wtwTb6tS4wgGre4774xcNPaszeR5UkBMz85JsD%2FWpzoiFnbJQ4WY2jcWy5QjJlaUeO8R5hgnXqs6tuX8yvWiUU9%2BqFvK5hfuP%2BOPCxIMCKmfy5opSphpUy21zKw%3D%3D","environmentVariables":{"FIREBASE_CONFIG":"{\"projectId\":\"wificontent-143da\",\"databaseURL\":\"https://wificontent-143da-default-rtdb.firebaseio.com\",\"storageBucket\":\"wificontent-143da.firebasestorage.app\"}","GCLOUD_PROJECT":"wificontent-143da","EVENTARC_CLOUD_EVENT_SOURCE":"projects/wificontent-143da/locations/us-central1/functions/createPaymentIntent"},"runtime":"nodejs20","buildId":"99ab3ad8-6f35-417c-8dbe-866afa72bb84","buildEnvironmentVariables":{"GOOGLE_NODE_RUN_SCRIPTS":""},"secretEnvironmentVariables":[{"key":"STRIPE_SECRET","projectId":"wificontent-143da","secret":"STRIPE_SECRET","version":"1"}],"buildName":"projects/158237266758/locations/us-central1/builds/99ab3ad8-6f35-417c-8dbe-866afa72bb84","dockerRegistry":"ARTIFACT_REGISTRY","automaticUpdatePolicy":{},"buildServiceAccount":"projects/wificontent-143da/serviceAccounts/158237266758-compute@developer.gserviceaccount.com"},"versionId":"3","updateTime":"2026-06-12T03:52:42Z","buildId":"a94af4a3-b0aa-411b-a088-c97ea8ff8ffe","buildName":"projects/158237266758/locations/us-central1/builds/a94af4a3-b0aa-411b-a088-c97ea8ff8ffe"}}
[debug] [2026-06-12T03:52:46.882Z] [create-default-us-central1-postMetricsAggregator] Retrying task index 0
[debug] [2026-06-12T03:52:46.882Z] Checked if tokens are valid: true, expires at: 1781239710613
[debug] [2026-06-12T03:52:46.882Z] Checked if tokens are valid: true, expires at: 1781239710613
[debug] [2026-06-12T03:52:46.882Z] >>> [apiv2][query] GET https://cloudfunctions.googleapis.com/v1/operations/cHJvamVjdHMvd2lmaWNvbnRlbnQtMTQzZGEvbG9jYXRpb25zL3VzLWNlbnRyYWwxL29wZXJhdGlvbnMvb3BlcmF0aW9uLTE3ODEyMzYzNjI0NTEtNjU0MDY2OGE1MWI1NC1lNjE5ODVkOC01ODQxODNkNA [none]
[debug] [2026-06-12T03:52:46.977Z] <<< [apiv2][status] GET https://cloudfunctions.googleapis.com/v1/operations/cHJvamVjdHMvd2lmaWNvbnRlbnQtMTQzZGEvbG9jYXRpb25zL3VzLWNlbnRyYWwxL29wZXJhdGlvbnMvb3BlcmF0aW9uLTE3ODEyMzYzNjI0NjctNjU0MDY2OGE1NTg2MS03NTQwODhmNC1mZGJhZWU0Yw 200
[debug] [2026-06-12T03:52:46.977Z] <<< [apiv2][body] GET https://cloudfunctions.googleapis.com/v1/operations/cHJvamVjdHMvd2lmaWNvbnRlbnQtMTQzZGEvbG9jYXRpb25zL3VzLWNlbnRyYWwxL29wZXJhdGlvbnMvb3BlcmF0aW9uLTE3ODEyMzYzNjI0NjctNjU0MDY2OGE1NTg2MS03NTQwODhmNC1mZGJhZWU0Yw {"name":"operations/cHJvamVjdHMvd2lmaWNvbnRlbnQtMTQzZGEvbG9jYXRpb25zL3VzLWNlbnRyYWwxL29wZXJhdGlvbnMvb3BlcmF0aW9uLTE3ODEyMzYzNjI0NjctNjU0MDY2OGE1NTg2MS03NTQwODhmNC1mZGJhZWU0Yw","metadata":{"@type":"type.googleapis.com/google.cloud.functions.v1.OperationMetadataV1","target":"projects/wificontent-143da/locations/us-central1/functions/cleanBadgesOnContentRemoval","type":"CREATE_FUNCTION","request":{"@type":"type.googleapis.com/google.cloud.functions.v1.CloudFunction","name":"projects/wificontent-143da/locations/us-central1/functions/cleanBadgesOnContentRemoval","eventTrigger":{"eventType":"providers/google.firebase.database/eventTypes/ref.write","resource":"projects/_/instances/wificontent-143da-default-rtdb/refs/posts/{postId}/content","failurePolicy":{}},"entryPoint":"cleanBadgesOnContentRemoval","updateTime":"1970-01-01T00:00:00Z","labels":{"deployment-tool":"cli-firebase","firebase-functions-hash":"f04f99181a37ddd0deea7a83159d393e6ce5c944"},"sourceUploadUrl":"https://storage.googleapis.com/uploads-692370461028.us-central1.cloudfunctions.appspot.com/4436f6aa-1e4b-40fa-8a94-60d055a1c725.zip?GoogleAccessId=service-158237266758@gcf-admin-robot.iam.gserviceaccount.com&Expires=1781238114&Signature=DkrHjDE%2BbtV6oKS1GQlRcqSOI%2B3VlYtP33tXN3kx%2Fav25M5%2FU3R0TaZubs8hZYXtSqWOv%2BqmoaBPVOTPaS1Ttfhk7LGEG74r6F2blyf%2FEH98MGik0ZfVMIbEIcnTK0tBP1PWAObrpPeJdrVgZvP7vGkQ%2BF0BgVAferQC93xeGbIz1xwySdqJjg94XXTyZOXKlbdSu8UPZxzL%2Br4%2Fn7p%2BZmJv5u6wtwTb6tS4wgGre4774xcNPaszeR5UkBMz85JsD%2FWpzoiFnbJQ4WY2jcWy5QjJlaUeO8R5hgnXqs6tuX8yvWiUU9%2BqFvK5hfuP%2BOPCxIMCKmfy5opSphpUy21zKw%3D%3D","environmentVariables":{"FIREBASE_CONFIG":"{\"projectId\":\"wificontent-143da\",\"databaseURL\":\"https://wificontent-143da-default-rtdb.firebaseio.com\",\"storageBucket\":\"wificontent-143da.firebasestorage.app\"}","GCLOUD_PROJECT":"wificontent-143da","EVENTARC_CLOUD_EVENT_SOURCE":"projects/wificontent-143da/locations/us-central1/functions/cleanBadgesOnContentRemoval"},"runtime":"nodejs20","buildEnvironmentVariables":{"GOOGLE_NODE_RUN_SCRIPTS":""},"dockerRegistry":"ARTIFACT_REGISTRY"},"versionId":"1","updateTime":"2026-06-12T03:52:42.839839353Z","buildId":"85d474bb-49b2-4250-9c74-9e85b7b88383","buildName":"projects/158237266758/locations/us-central1/builds/85d474bb-49b2-4250-9c74-9e85b7b88383"}}
[debug] [2026-06-12T03:52:47.018Z] <<< [apiv2][status] GET https://cloudfunctions.googleapis.com/v1/operations/cHJvamVjdHMvd2lmaWNvbnRlbnQtMTQzZGEvbG9jYXRpb25zL3VzLWNlbnRyYWwxL29wZXJhdGlvbnMvb3BlcmF0aW9uLTE3ODEyMzYzNjI0NjYtNjU0MDY2OGE1NTVhMS0xYWYzMjY1Yy03ZDljNGEwMg 200
[debug] [2026-06-12T03:52:47.018Z] <<< [apiv2][body] GET https://cloudfunctions.googleapis.com/v1/operations/cHJvamVjdHMvd2lmaWNvbnRlbnQtMTQzZGEvbG9jYXRpb25zL3VzLWNlbnRyYWwxL29wZXJhdGlvbnMvb3BlcmF0aW9uLTE3ODEyMzYzNjI0NjYtNjU0MDY2OGE1NTVhMS0xYWYzMjY1Yy03ZDljNGEwMg {"name":"operations/cHJvamVjdHMvd2lmaWNvbnRlbnQtMTQzZGEvbG9jYXRpb25zL3VzLWNlbnRyYWwxL29wZXJhdGlvbnMvb3BlcmF0aW9uLTE3ODEyMzYzNjI0NjYtNjU0MDY2OGE1NTVhMS0xYWYzMjY1Yy03ZDljNGEwMg","metadata":{"@type":"type.googleapis.com/google.cloud.functions.v1.OperationMetadataV1","target":"projects/wificontent-143da/locations/us-central1/functions/consumeUserBadgeOnPostCreate","type":"CREATE_FUNCTION","request":{"@type":"type.googleapis.com/google.cloud.functions.v1.CloudFunction","name":"projects/wificontent-143da/locations/us-central1/functions/consumeUserBadgeOnPostCreate","eventTrigger":{"eventType":"providers/google.firebase.database/eventTypes/ref.create","resource":"projects/_/instances/wificontent-143da-default-rtdb/refs/posts/{postId}","failurePolicy":{}},"entryPoint":"consumeUserBadgeOnPostCreate","updateTime":"1970-01-01T00:00:00Z","labels":{"deployment-tool":"cli-firebase","firebase-functions-hash":"f04f99181a37ddd0deea7a83159d393e6ce5c944"},"sourceUploadUrl":"https://storage.googleapis.com/uploads-692370461028.us-central1.cloudfunctions.appspot.com/4436f6aa-1e4b-40fa-8a94-60d055a1c725.zip?GoogleAccessId=service-158237266758@gcf-admin-robot.iam.gserviceaccount.com&Expires=1781238114&Signature=DkrHjDE%2BbtV6oKS1GQlRcqSOI%2B3VlYtP33tXN3kx%2Fav25M5%2FU3R0TaZubs8hZYXtSqWOv%2BqmoaBPVOTPaS1Ttfhk7LGEG74r6F2blyf%2FEH98MGik0ZfVMIbEIcnTK0tBP1PWAObrpPeJdrVgZvP7vGkQ%2BF0BgVAferQC93xeGbIz1xwySdqJjg94XXTyZOXKlbdSu8UPZxzL%2Br4%2Fn7p%2BZmJv5u6wtwTb6tS4wgGre4774xcNPaszeR5UkBMz85JsD%2FWpzoiFnbJQ4WY2jcWy5QjJlaUeO8R5hgnXqs6tuX8yvWiUU9%2BqFvK5hfuP%2BOPCxIMCKmfy5opSphpUy21zKw%3D%3D","environmentVariables":{"FIREBASE_CONFIG":"{\"projectId\":\"wificontent-143da\",\"databaseURL\":\"https://wificontent-143da-default-rtdb.firebaseio.com\",\"storageBucket\":\"wificontent-143da.firebasestorage.app\"}","GCLOUD_PROJECT":"wificontent-143da","EVENTARC_CLOUD_EVENT_SOURCE":"projects/wificontent-143da/locations/us-central1/functions/consumeUserBadgeOnPostCreate"},"runtime":"nodejs20","buildEnvironmentVariables":{"GOOGLE_NODE_RUN_SCRIPTS":""},"dockerRegistry":"ARTIFACT_REGISTRY"},"versionId":"1","updateTime":"2026-06-12T03:52:42.866366829Z","buildId":"3e0b2707-aedf-4657-bb3b-16b33c30c61b","buildName":"projects/158237266758/locations/us-central1/builds/3e0b2707-aedf-4657-bb3b-16b33c30c61b"}}
[debug] [2026-06-12T03:52:47.025Z] <<< [apiv2][status] GET https://cloudfunctions.googleapis.com/v1/operations/cHJvamVjdHMvd2lmaWNvbnRlbnQtMTQzZGEvbG9jYXRpb25zL3VzLWNlbnRyYWwxL29wZXJhdGlvbnMvb3BlcmF0aW9uLTE3ODEyMzYzNjI0NTEtNjU0MDY2OGE1MWI1NC1lNjE5ODVkOC01ODQxODNkNA 200
[debug] [2026-06-12T03:52:47.025Z] <<< [apiv2][body] GET https://cloudfunctions.googleapis.com/v1/operations/cHJvamVjdHMvd2lmaWNvbnRlbnQtMTQzZGEvbG9jYXRpb25zL3VzLWNlbnRyYWwxL29wZXJhdGlvbnMvb3BlcmF0aW9uLTE3ODEyMzYzNjI0NTEtNjU0MDY2OGE1MWI1NC1lNjE5ODVkOC01ODQxODNkNA {"name":"operations/cHJvamVjdHMvd2lmaWNvbnRlbnQtMTQzZGEvbG9jYXRpb25zL3VzLWNlbnRyYWwxL29wZXJhdGlvbnMvb3BlcmF0aW9uLTE3ODEyMzYzNjI0NTEtNjU0MDY2OGE1MWI1NC1lNjE5ODVkOC01ODQxODNkNA","metadata":{"@type":"type.googleapis.com/google.cloud.functions.v1.OperationMetadataV1","target":"projects/wificontent-143da/locations/us-central1/functions/postMetricsAggregator","type":"CREATE_FUNCTION","request":{"@type":"type.googleapis.com/google.cloud.functions.v1.CloudFunction","name":"projects/wificontent-143da/locations/us-central1/functions/postMetricsAggregator","eventTrigger":{"eventType":"providers/google.firebase.database/eventTypes/ref.create","resource":"projects/_/instances/wificontent-143da-default-rtdb/refs/posts/{postId}","failurePolicy":{}},"entryPoint":"postMetricsAggregator","updateTime":"1970-01-01T00:00:00Z","labels":{"deployment-tool":"cli-firebase","firebase-functions-hash":"f04f99181a37ddd0deea7a83159d393e6ce5c944"},"sourceUploadUrl":"https://storage.googleapis.com/uploads-692370461028.us-central1.cloudfunctions.appspot.com/4436f6aa-1e4b-40fa-8a94-60d055a1c725.zip?GoogleAccessId=service-158237266758@gcf-admin-robot.iam.gserviceaccount.com&Expires=1781238114&Signature=DkrHjDE%2BbtV6oKS1GQlRcqSOI%2B3VlYtP33tXN3kx%2Fav25M5%2FU3R0TaZubs8hZYXtSqWOv%2BqmoaBPVOTPaS1Ttfhk7LGEG74r6F2blyf%2FEH98MGik0ZfVMIbEIcnTK0tBP1PWAObrpPeJdrVgZvP7vGkQ%2BF0BgVAferQC93xeGbIz1xwySdqJjg94XXTyZOXKlbdSu8UPZxzL%2Br4%2Fn7p%2BZmJv5u6wtwTb6tS4wgGre4774xcNPaszeR5UkBMz85JsD%2FWpzoiFnbJQ4WY2jcWy5QjJlaUeO8R5hgnXqs6tuX8yvWiUU9%2BqFvK5hfuP%2BOPCxIMCKmfy5opSphpUy21zKw%3D%3D","environmentVariables":{"FIREBASE_CONFIG":"{\"projectId\":\"wificontent-143da\",\"databaseURL\":\"https://wificontent-143da-default-rtdb.firebaseio.com\",\"storageBucket\":\"wificontent-143da.firebasestorage.app\"}","GCLOUD_PROJECT":"wificontent-143da","EVENTARC_CLOUD_EVENT_SOURCE":"projects/wificontent-143da/locations/us-central1/functions/postMetricsAggregator"},"runtime":"nodejs20","buildEnvironmentVariables":{"GOOGLE_NODE_RUN_SCRIPTS":""},"dockerRegistry":"ARTIFACT_REGISTRY"},"versionId":"1","updateTime":"2026-06-12T03:52:42.823060493Z","buildId":"48fd65e5-179a-459d-a63e-946041d8b683","buildName":"projects/158237266758/locations/us-central1/builds/48fd65e5-179a-459d-a63e-946041d8b683"}}
[debug] [2026-06-12T03:52:50.733Z] [update-default-us-central1-getCheckoutSessionResult] Retrying task index 0
[debug] [2026-06-12T03:52:50.734Z] Checked if tokens are valid: true, expires at: 1781239710613
[debug] [2026-06-12T03:52:50.734Z] Checked if tokens are valid: true, expires at: 1781239710613
[debug] [2026-06-12T03:52:50.734Z] >>> [apiv2][query] GET https://cloudfunctions.googleapis.com/v1/operations/d2lmaWNvbnRlbnQtMTQzZGEvdXMtY2VudHJhbDEvZ2V0Q2hlY2tvdXRTZXNzaW9uUmVzdWx0L2pncUhhSmpKV3hj [none]
[debug] [2026-06-12T03:52:50.844Z] [update-default-us-central1-createCheckoutSession] Retrying task index 0
[debug] [2026-06-12T03:52:50.844Z] Checked if tokens are valid: true, expires at: 1781239710613
[debug] [2026-06-12T03:52:50.844Z] Checked if tokens are valid: true, expires at: 1781239710613
[debug] [2026-06-12T03:52:50.845Z] >>> [apiv2][query] GET https://cloudfunctions.googleapis.com/v1/operations/d2lmaWNvbnRlbnQtMTQzZGEvdXMtY2VudHJhbDEvY3JlYXRlQ2hlY2tvdXRTZXNzaW9uL3NiUXBZTXVmUXI0 [none]
[debug] [2026-06-12T03:52:50.848Z] <<< [apiv2][status] GET https://cloudfunctions.googleapis.com/v1/operations/d2lmaWNvbnRlbnQtMTQzZGEvdXMtY2VudHJhbDEvZ2V0Q2hlY2tvdXRTZXNzaW9uUmVzdWx0L2pncUhhSmpKV3hj 200
[debug] [2026-06-12T03:52:50.848Z] <<< [apiv2][body] GET https://cloudfunctions.googleapis.com/v1/operations/d2lmaWNvbnRlbnQtMTQzZGEvdXMtY2VudHJhbDEvZ2V0Q2hlY2tvdXRTZXNzaW9uUmVzdWx0L2pncUhhSmpKV3hj {"name":"operations/d2lmaWNvbnRlbnQtMTQzZGEvdXMtY2VudHJhbDEvZ2V0Q2hlY2tvdXRTZXNzaW9uUmVzdWx0L2pncUhhSmpKV3hj","metadata":{"@type":"type.googleapis.com/google.cloud.functions.v1.OperationMetadataV1","target":"projects/wificontent-143da/locations/us-central1/functions/getCheckoutSessionResult","type":"UPDATE_FUNCTION","request":{"@type":"type.googleapis.com/google.cloud.functions.v1.CloudFunction","name":"projects/wificontent-143da/locations/us-central1/functions/getCheckoutSessionResult","httpsTrigger":{"url":"https://us-central1-wificontent-143da.cloudfunctions.net/getCheckoutSessionResult","securityLevel":"SECURE_ALWAYS"},"status":"ACTIVE","entryPoint":"getCheckoutSessionResult","updateTime":"2026-06-04T13:50:39.069Z","versionId":"1","labels":{"deployment-tool":"cli-firebase","deployment-callable":"true","firebase-functions-hash":"16c76575d73ded68adb989e0bab01fa6f6fd5eab"},"sourceUploadUrl":"https://storage.googleapis.com/uploads-692370461028.us-central1.cloudfunctions.appspot.com/4436f6aa-1e4b-40fa-8a94-60d055a1c725.zip?GoogleAccessId=service-158237266758@gcf-admin-robot.iam.gserviceaccount.com&Expires=1781238114&Signature=DkrHjDE%2BbtV6oKS1GQlRcqSOI%2B3VlYtP33tXN3kx%2Fav25M5%2FU3R0TaZubs8hZYXtSqWOv%2BqmoaBPVOTPaS1Ttfhk7LGEG74r6F2blyf%2FEH98MGik0ZfVMIbEIcnTK0tBP1PWAObrpPeJdrVgZvP7vGkQ%2BF0BgVAferQC93xeGbIz1xwySdqJjg94XXTyZOXKlbdSu8UPZxzL%2Br4%2Fn7p%2BZmJv5u6wtwTb6tS4wgGre4774xcNPaszeR5UkBMz85JsD%2FWpzoiFnbJQ4WY2jcWy5QjJlaUeO8R5hgnXqs6tuX8yvWiUU9%2BqFvK5hfuP%2BOPCxIMCKmfy5opSphpUy21zKw%3D%3D","environmentVariables":{"FIREBASE_CONFIG":"{\"projectId\":\"wificontent-143da\",\"databaseURL\":\"https://wificontent-143da-default-rtdb.firebaseio.com\",\"storageBucket\":\"wificontent-143da.firebasestorage.app\"}","GCLOUD_PROJECT":"wificontent-143da","EVENTARC_CLOUD_EVENT_SOURCE":"projects/wificontent-143da/locations/us-central1/functions/getCheckoutSessionResult"},"runtime":"nodejs20","buildId":"c96d8118-30a2-4795-9828-102257e4b186","buildEnvironmentVariables":{"GOOGLE_NODE_RUN_SCRIPTS":""},"secretEnvironmentVariables":[{"key":"STRIPE_SECRET","projectId":"wificontent-143da","secret":"STRIPE_SECRET","version":"1"}],"buildName":"projects/158237266758/locations/us-central1/builds/c96d8118-30a2-4795-9828-102257e4b186","dockerRegistry":"ARTIFACT_REGISTRY","automaticUpdatePolicy":{},"buildServiceAccount":"projects/wificontent-143da/serviceAccounts/158237266758-compute@developer.gserviceaccount.com"},"versionId":"2","updateTime":"2026-06-12T03:52:42Z","buildId":"8bfcb52d-304f-49ce-9ce4-cdbad4f825c2","buildName":"projects/158237266758/locations/us-central1/builds/8bfcb52d-304f-49ce-9ce4-cdbad4f825c2"}}
[debug] [2026-06-12T03:52:50.869Z] [update-default-us-central1-createCheckoutSessionCallable] Retrying task index 0
[debug] [2026-06-12T03:52:50.869Z] Checked if tokens are valid: true, expires at: 1781239710613
[debug] [2026-06-12T03:52:50.869Z] Checked if tokens are valid: true, expires at: 1781239710613
[debug] [2026-06-12T03:52:50.869Z] >>> [apiv2][query] GET https://cloudfunctions.googleapis.com/v1/operations/d2lmaWNvbnRlbnQtMTQzZGEvdXMtY2VudHJhbDEvY3JlYXRlQ2hlY2tvdXRTZXNzaW9uQ2FsbGFibGUvUUtscU5LTzFndDA [none]
[debug] [2026-06-12T03:52:50.871Z] [update-default-us-central1-api] Retrying task index 0
[debug] [2026-06-12T03:52:50.871Z] Checked if tokens are valid: true, expires at: 1781239710613
[debug] [2026-06-12T03:52:50.871Z] Checked if tokens are valid: true, expires at: 1781239710613
[debug] [2026-06-12T03:52:50.871Z] >>> [apiv2][query] GET https://cloudfunctions.googleapis.com/v1/operations/d2lmaWNvbnRlbnQtMTQzZGEvdXMtY2VudHJhbDEvYXBpL1BuQ0xkYTZQNXZJ [none]
[debug] [2026-06-12T03:52:50.871Z] [update-default-us-central1-handleStripeWebhook] Retrying task index 0
[debug] [2026-06-12T03:52:50.872Z] Checked if tokens are valid: true, expires at: 1781239710613
[debug] [2026-06-12T03:52:50.872Z] Checked if tokens are valid: true, expires at: 1781239710613
[debug] [2026-06-12T03:52:50.872Z] >>> [apiv2][query] GET https://cloudfunctions.googleapis.com/v1/operations/d2lmaWNvbnRlbnQtMTQzZGEvdXMtY2VudHJhbDEvaGFuZGxlU3RyaXBlV2ViaG9vay9xNlNpUjRhT2dwZw [none]
[debug] [2026-06-12T03:52:50.880Z] [update-default-us-central1-createPaymentIntent] Retrying task index 0
[debug] [2026-06-12T03:52:50.880Z] Checked if tokens are valid: true, expires at: 1781239710613
[debug] [2026-06-12T03:52:50.880Z] Checked if tokens are valid: true, expires at: 1781239710613
[debug] [2026-06-12T03:52:50.881Z] >>> [apiv2][query] GET https://cloudfunctions.googleapis.com/v1/operations/d2lmaWNvbnRlbnQtMTQzZGEvdXMtY2VudHJhbDEvY3JlYXRlUGF5bWVudEludGVudC9jLU1CVDBFTlRCdw [none]
[debug] [2026-06-12T03:52:50.978Z] [create-default-us-central1-cleanBadgesOnContentRemoval] Retrying task index 0
[debug] [2026-06-12T03:52:50.979Z] Checked if tokens are valid: true, expires at: 1781239710613
[debug] [2026-06-12T03:52:50.979Z] Checked if tokens are valid: true, expires at: 1781239710613
[debug] [2026-06-12T03:52:50.979Z] >>> [apiv2][query] GET https://cloudfunctions.googleapis.com/v1/operations/cHJvamVjdHMvd2lmaWNvbnRlbnQtMTQzZGEvbG9jYXRpb25zL3VzLWNlbnRyYWwxL29wZXJhdGlvbnMvb3BlcmF0aW9uLTE3ODEyMzYzNjI0NjctNjU0MDY2OGE1NTg2MS03NTQwODhmNC1mZGJhZWU0Yw [none]
[debug] [2026-06-12T03:52:51.019Z] [create-default-us-central1-consumeUserBadgeOnPostCreate] Retrying task index 0
[debug] [2026-06-12T03:52:51.020Z] Checked if tokens are valid: true, expires at: 1781239710613
[debug] [2026-06-12T03:52:51.020Z] Checked if tokens are valid: true, expires at: 1781239710613
[debug] [2026-06-12T03:52:51.020Z] >>> [apiv2][query] GET https://cloudfunctions.googleapis.com/v1/operations/cHJvamVjdHMvd2lmaWNvbnRlbnQtMTQzZGEvbG9jYXRpb25zL3VzLWNlbnRyYWwxL29wZXJhdGlvbnMvb3BlcmF0aW9uLTE3ODEyMzYzNjI0NjYtNjU0MDY2OGE1NTVhMS0xYWYzMjY1Yy03ZDljNGEwMg [none]
[debug] [2026-06-12T03:52:51.024Z] [create-default-us-central1-postMetricsAggregator] Retrying task index 0
[debug] [2026-06-12T03:52:51.025Z] Checked if tokens are valid: true, expires at: 1781239710613
[debug] [2026-06-12T03:52:51.025Z] Checked if tokens are valid: true, expires at: 1781239710613
[debug] [2026-06-12T03:52:51.025Z] >>> [apiv2][query] GET https://cloudfunctions.googleapis.com/v1/operations/cHJvamVjdHMvd2lmaWNvbnRlbnQtMTQzZGEvbG9jYXRpb25zL3VzLWNlbnRyYWwxL29wZXJhdGlvbnMvb3BlcmF0aW9uLTE3ODEyMzYzNjI0NTEtNjU0MDY2OGE1MWI1NC1lNjE5ODVkOC01ODQxODNkNA [none]
[debug] [2026-06-12T03:52:51.034Z] <<< [apiv2][status] GET https://cloudfunctions.googleapis.com/v1/operations/d2lmaWNvbnRlbnQtMTQzZGEvdXMtY2VudHJhbDEvY3JlYXRlQ2hlY2tvdXRTZXNzaW9uQ2FsbGFibGUvUUtscU5LTzFndDA 200
[debug] [2026-06-12T03:52:51.034Z] <<< [apiv2][body] GET https://cloudfunctions.googleapis.com/v1/operations/d2lmaWNvbnRlbnQtMTQzZGEvdXMtY2VudHJhbDEvY3JlYXRlQ2hlY2tvdXRTZXNzaW9uQ2FsbGFibGUvUUtscU5LTzFndDA {"name":"operations/d2lmaWNvbnRlbnQtMTQzZGEvdXMtY2VudHJhbDEvY3JlYXRlQ2hlY2tvdXRTZXNzaW9uQ2FsbGFibGUvUUtscU5LTzFndDA","metadata":{"@type":"type.googleapis.com/google.cloud.functions.v1.OperationMetadataV1","target":"projects/wificontent-143da/locations/us-central1/functions/createCheckoutSessionCallable","type":"UPDATE_FUNCTION","request":{"@type":"type.googleapis.com/google.cloud.functions.v1.CloudFunction","name":"projects/wificontent-143da/locations/us-central1/functions/createCheckoutSessionCallable","httpsTrigger":{"url":"https://us-central1-wificontent-143da.cloudfunctions.net/createCheckoutSessionCallable","securityLevel":"SECURE_ALWAYS"},"status":"ACTIVE","entryPoint":"createCheckoutSessionCallable","updateTime":"2026-06-04T13:50:38.804Z","versionId":"1","labels":{"deployment-tool":"cli-firebase","deployment-callable":"true","firebase-functions-hash":"16c76575d73ded68adb989e0bab01fa6f6fd5eab"},"sourceUploadUrl":"https://storage.googleapis.com/uploads-692370461028.us-central1.cloudfunctions.appspot.com/4436f6aa-1e4b-40fa-8a94-60d055a1c725.zip?GoogleAccessId=service-158237266758@gcf-admin-robot.iam.gserviceaccount.com&Expires=1781238114&Signature=DkrHjDE%2BbtV6oKS1GQlRcqSOI%2B3VlYtP33tXN3kx%2Fav25M5%2FU3R0TaZubs8hZYXtSqWOv%2BqmoaBPVOTPaS1Ttfhk7LGEG74r6F2blyf%2FEH98MGik0ZfVMIbEIcnTK0tBP1PWAObrpPeJdrVgZvP7vGkQ%2BF0BgVAferQC93xeGbIz1xwySdqJjg94XXTyZOXKlbdSu8UPZxzL%2Br4%2Fn7p%2BZmJv5u6wtwTb6tS4wgGre4774xcNPaszeR5UkBMz85JsD%2FWpzoiFnbJQ4WY2jcWy5QjJlaUeO8R5hgnXqs6tuX8yvWiUU9%2BqFvK5hfuP%2BOPCxIMCKmfy5opSphpUy21zKw%3D%3D","environmentVariables":{"FIREBASE_CONFIG":"{\"projectId\":\"wificontent-143da\",\"databaseURL\":\"https://wificontent-143da-default-rtdb.firebaseio.com\",\"storageBucket\":\"wificontent-143da.firebasestorage.app\"}","GCLOUD_PROJECT":"wificontent-143da","EVENTARC_CLOUD_EVENT_SOURCE":"projects/wificontent-143da/locations/us-central1/functions/createCheckoutSessionCallable"},"runtime":"nodejs20","buildId":"c96d8118-30a2-4795-9828-102257e4b186","buildEnvironmentVariables":{"GOOGLE_NODE_RUN_SCRIPTS":""},"secretEnvironmentVariables":[{"key":"STRIPE_SECRET","projectId":"wificontent-143da","secret":"STRIPE_SECRET","version":"1"}],"buildName":"projects/158237266758/locations/us-central1/builds/c96d8118-30a2-4795-9828-102257e4b186","dockerRegistry":"ARTIFACT_REGISTRY","automaticUpdatePolicy":{},"buildServiceAccount":"projects/wificontent-143da/serviceAccounts/158237266758-compute@developer.gserviceaccount.com"},"versionId":"2","updateTime":"2026-06-12T03:52:42Z","buildId":"b45365b0-0f84-4b0d-9500-d7f3befbf42b","buildName":"projects/158237266758/locations/us-central1/builds/b45365b0-0f84-4b0d-9500-d7f3befbf42b"}}
[debug] [2026-06-12T03:52:51.035Z] <<< [apiv2][status] GET https://cloudfunctions.googleapis.com/v1/operations/d2lmaWNvbnRlbnQtMTQzZGEvdXMtY2VudHJhbDEvaGFuZGxlU3RyaXBlV2ViaG9vay9xNlNpUjRhT2dwZw 200
[debug] [2026-06-12T03:52:51.035Z] <<< [apiv2][body] GET https://cloudfunctions.googleapis.com/v1/operations/d2lmaWNvbnRlbnQtMTQzZGEvdXMtY2VudHJhbDEvaGFuZGxlU3RyaXBlV2ViaG9vay9xNlNpUjRhT2dwZw {"name":"operations/d2lmaWNvbnRlbnQtMTQzZGEvdXMtY2VudHJhbDEvaGFuZGxlU3RyaXBlV2ViaG9vay9xNlNpUjRhT2dwZw","metadata":{"@type":"type.googleapis.com/google.cloud.functions.v1.OperationMetadataV1","target":"projects/wificontent-143da/locations/us-central1/functions/handleStripeWebhook","type":"UPDATE_FUNCTION","request":{"@type":"type.googleapis.com/google.cloud.functions.v1.CloudFunction","name":"projects/wificontent-143da/locations/us-central1/functions/handleStripeWebhook","httpsTrigger":{"url":"https://us-central1-wificontent-143da.cloudfunctions.net/handleStripeWebhook","securityLevel":"SECURE_ALWAYS"},"status":"ACTIVE","entryPoint":"handleStripeWebhook","updateTime":"2026-06-04T14:26:15.472Z","versionId":"3","labels":{"deployment-tool":"cli-firebase","firebase-functions-hash":"823af96df830f3f75c86b6355a997e6cb543b5fa"},"sourceUploadUrl":"https://storage.googleapis.com/uploads-692370461028.us-central1.cloudfunctions.appspot.com/4436f6aa-1e4b-40fa-8a94-60d055a1c725.zip?GoogleAccessId=service-158237266758@gcf-admin-robot.iam.gserviceaccount.com&Expires=1781238114&Signature=DkrHjDE%2BbtV6oKS1GQlRcqSOI%2B3VlYtP33tXN3kx%2Fav25M5%2FU3R0TaZubs8hZYXtSqWOv%2BqmoaBPVOTPaS1Ttfhk7LGEG74r6F2blyf%2FEH98MGik0ZfVMIbEIcnTK0tBP1PWAObrpPeJdrVgZvP7vGkQ%2BF0BgVAferQC93xeGbIz1xwySdqJjg94XXTyZOXKlbdSu8UPZxzL%2Br4%2Fn7p%2BZmJv5u6wtwTb6tS4wgGre4774xcNPaszeR5UkBMz85JsD%2FWpzoiFnbJQ4WY2jcWy5QjJlaUeO8R5hgnXqs6tuX8yvWiUU9%2BqFvK5hfuP%2BOPCxIMCKmfy5opSphpUy21zKw%3D%3D","environmentVariables":{"FIREBASE_CONFIG":"{\"projectId\":\"wificontent-143da\",\"databaseURL\":\"https://wificontent-143da-default-rtdb.firebaseio.com\",\"storageBucket\":\"wificontent-143da.firebasestorage.app\"}","GCLOUD_PROJECT":"wificontent-143da","EVENTARC_CLOUD_EVENT_SOURCE":"projects/wificontent-143da/locations/us-central1/functions/handleStripeWebhook"},"runtime":"nodejs20","buildId":"99ab3ad8-6f35-417c-8dbe-866afa72bb84","buildEnvironmentVariables":{"GOOGLE_NODE_RUN_SCRIPTS":""},"secretEnvironmentVariables":[{"key":"STRIPE_SECRET","projectId":"wificontent-143da","secret":"STRIPE_SECRET","version":"1"},{"key":"STRIPE_WEBHOOK_SECRET","projectId":"wificontent-143da","secret":"STRIPE_WEBHOOK_SECRET","version":"1"}],"buildName":"projects/158237266758/locations/us-central1/builds/99ab3ad8-6f35-417c-8dbe-866afa72bb84","dockerRegistry":"ARTIFACT_REGISTRY","automaticUpdatePolicy":{},"buildServiceAccount":"projects/wificontent-143da/serviceAccounts/158237266758-compute@developer.gserviceaccount.com"},"versionId":"4","updateTime":"2026-06-12T03:52:42Z","buildId":"51ffc6b3-cca4-4ad4-963c-863b3cd293d1","buildName":"projects/158237266758/locations/us-central1/builds/51ffc6b3-cca4-4ad4-963c-863b3cd293d1"}}
[debug] [2026-06-12T03:52:51.035Z] <<< [apiv2][status] GET https://cloudfunctions.googleapis.com/v1/operations/d2lmaWNvbnRlbnQtMTQzZGEvdXMtY2VudHJhbDEvY3JlYXRlUGF5bWVudEludGVudC9jLU1CVDBFTlRCdw 200
[debug] [2026-06-12T03:52:51.035Z] <<< [apiv2][body] GET https://cloudfunctions.googleapis.com/v1/operations/d2lmaWNvbnRlbnQtMTQzZGEvdXMtY2VudHJhbDEvY3JlYXRlUGF5bWVudEludGVudC9jLU1CVDBFTlRCdw {"name":"operations/d2lmaWNvbnRlbnQtMTQzZGEvdXMtY2VudHJhbDEvY3JlYXRlUGF5bWVudEludGVudC9jLU1CVDBFTlRCdw","metadata":{"@type":"type.googleapis.com/google.cloud.functions.v1.OperationMetadataV1","target":"projects/wificontent-143da/locations/us-central1/functions/createPaymentIntent","type":"UPDATE_FUNCTION","request":{"@type":"type.googleapis.com/google.cloud.functions.v1.CloudFunction","name":"projects/wificontent-143da/locations/us-central1/functions/createPaymentIntent","httpsTrigger":{"url":"https://us-central1-wificontent-143da.cloudfunctions.net/createPaymentIntent","securityLevel":"SECURE_ALWAYS"},"status":"ACTIVE","entryPoint":"createPaymentIntent","updateTime":"2026-06-04T14:26:15.364Z","versionId":"2","labels":{"deployment-tool":"cli-firebase","deployment-callable":"true","firebase-functions-hash":"16c76575d73ded68adb989e0bab01fa6f6fd5eab"},"sourceUploadUrl":"https://storage.googleapis.com/uploads-692370461028.us-central1.cloudfunctions.appspot.com/4436f6aa-1e4b-40fa-8a94-60d055a1c725.zip?GoogleAccessId=service-158237266758@gcf-admin-robot.iam.gserviceaccount.com&Expires=1781238114&Signature=DkrHjDE%2BbtV6oKS1GQlRcqSOI%2B3VlYtP33tXN3kx%2Fav25M5%2FU3R0TaZubs8hZYXtSqWOv%2BqmoaBPVOTPaS1Ttfhk7LGEG74r6F2blyf%2FEH98MGik0ZfVMIbEIcnTK0tBP1PWAObrpPeJdrVgZvP7vGkQ%2BF0BgVAferQC93xeGbIz1xwySdqJjg94XXTyZOXKlbdSu8UPZxzL%2Br4%2Fn7p%2BZmJv5u6wtwTb6tS4wgGre4774xcNPaszeR5UkBMz85JsD%2FWpzoiFnbJQ4WY2jcWy5QjJlaUeO8R5hgnXqs6tuX8yvWiUU9%2BqFvK5hfuP%2BOPCxIMCKmfy5opSphpUy21zKw%3D%3D","environmentVariables":{"FIREBASE_CONFIG":"{\"projectId\":\"wificontent-143da\",\"databaseURL\":\"https://wificontent-143da-default-rtdb.firebaseio.com\",\"storageBucket\":\"wificontent-143da.firebasestorage.app\"}","GCLOUD_PROJECT":"wificontent-143da","EVENTARC_CLOUD_EVENT_SOURCE":"projects/wificontent-143da/locations/us-central1/functions/createPaymentIntent"},"runtime":"nodejs20","buildId":"99ab3ad8-6f35-417c-8dbe-866afa72bb84","buildEnvironmentVariables":{"GOOGLE_NODE_RUN_SCRIPTS":""},"secretEnvironmentVariables":[{"key":"STRIPE_SECRET","projectId":"wificontent-143da","secret":"STRIPE_SECRET","version":"1"}],"buildName":"projects/158237266758/locations/us-central1/builds/99ab3ad8-6f35-417c-8dbe-866afa72bb84","dockerRegistry":"ARTIFACT_REGISTRY","automaticUpdatePolicy":{},"buildServiceAccount":"projects/wificontent-143da/serviceAccounts/158237266758-compute@developer.gserviceaccount.com"},"versionId":"3","updateTime":"2026-06-12T03:52:42Z","buildId":"a94af4a3-b0aa-411b-a088-c97ea8ff8ffe","buildName":"projects/158237266758/locations/us-central1/builds/a94af4a3-b0aa-411b-a088-c97ea8ff8ffe"}}
[debug] [2026-06-12T03:52:51.035Z] <<< [apiv2][status] GET https://cloudfunctions.googleapis.com/v1/operations/d2lmaWNvbnRlbnQtMTQzZGEvdXMtY2VudHJhbDEvY3JlYXRlQ2hlY2tvdXRTZXNzaW9uL3NiUXBZTXVmUXI0 200
[debug] [2026-06-12T03:52:51.035Z] <<< [apiv2][body] GET https://cloudfunctions.googleapis.com/v1/operations/d2lmaWNvbnRlbnQtMTQzZGEvdXMtY2VudHJhbDEvY3JlYXRlQ2hlY2tvdXRTZXNzaW9uL3NiUXBZTXVmUXI0 {"name":"operations/d2lmaWNvbnRlbnQtMTQzZGEvdXMtY2VudHJhbDEvY3JlYXRlQ2hlY2tvdXRTZXNzaW9uL3NiUXBZTXVmUXI0","metadata":{"@type":"type.googleapis.com/google.cloud.functions.v1.OperationMetadataV1","target":"projects/wificontent-143da/locations/us-central1/functions/createCheckoutSession","type":"UPDATE_FUNCTION","request":{"@type":"type.googleapis.com/google.cloud.functions.v1.CloudFunction","name":"projects/wificontent-143da/locations/us-central1/functions/createCheckoutSession","httpsTrigger":{"url":"https://us-central1-wificontent-143da.cloudfunctions.net/createCheckoutSession","securityLevel":"SECURE_ALWAYS"},"status":"ACTIVE","entryPoint":"createCheckoutSession","updateTime":"2026-06-04T13:50:41.855Z","versionId":"1","labels":{"deployment-tool":"cli-firebase","firebase-functions-hash":"16c76575d73ded68adb989e0bab01fa6f6fd5eab"},"sourceUploadUrl":"https://storage.googleapis.com/uploads-692370461028.us-central1.cloudfunctions.appspot.com/4436f6aa-1e4b-40fa-8a94-60d055a1c725.zip?GoogleAccessId=service-158237266758@gcf-admin-robot.iam.gserviceaccount.com&Expires=1781238114&Signature=DkrHjDE%2BbtV6oKS1GQlRcqSOI%2B3VlYtP33tXN3kx%2Fav25M5%2FU3R0TaZubs8hZYXtSqWOv%2BqmoaBPVOTPaS1Ttfhk7LGEG74r6F2blyf%2FEH98MGik0ZfVMIbEIcnTK0tBP1PWAObrpPeJdrVgZvP7vGkQ%2BF0BgVAferQC93xeGbIz1xwySdqJjg94XXTyZOXKlbdSu8UPZxzL%2Br4%2Fn7p%2BZmJv5u6wtwTb6tS4wgGre4774xcNPaszeR5UkBMz85JsD%2FWpzoiFnbJQ4WY2jcWy5QjJlaUeO8R5hgnXqs6tuX8yvWiUU9%2BqFvK5hfuP%2BOPCxIMCKmfy5opSphpUy21zKw%3D%3D","environmentVariables":{"FIREBASE_CONFIG":"{\"projectId\":\"wificontent-143da\",\"databaseURL\":\"https://wificontent-143da-default-rtdb.firebaseio.com\",\"storageBucket\":\"wificontent-143da.firebasestorage.app\"}","GCLOUD_PROJECT":"wificontent-143da","EVENTARC_CLOUD_EVENT_SOURCE":"projects/wificontent-143da/locations/us-central1/functions/createCheckoutSession"},"runtime":"nodejs20","buildId":"c96d8118-30a2-4795-9828-102257e4b186","buildEnvironmentVariables":{"GOOGLE_NODE_RUN_SCRIPTS":""},"secretEnvironmentVariables":[{"key":"STRIPE_SECRET","projectId":"wificontent-143da","secret":"STRIPE_SECRET","version":"1"}],"buildName":"projects/158237266758/locations/us-central1/builds/c96d8118-30a2-4795-9828-102257e4b186","dockerRegistry":"ARTIFACT_REGISTRY","automaticUpdatePolicy":{},"buildServiceAccount":"projects/wificontent-143da/serviceAccounts/158237266758-compute@developer.gserviceaccount.com"},"versionId":"2","updateTime":"2026-06-12T03:52:42Z","buildId":"f6c09e6c-90e6-4102-b67d-9ac3ff7f2175","buildName":"projects/158237266758/locations/us-central1/builds/f6c09e6c-90e6-4102-b67d-9ac3ff7f2175"}}
[debug] [2026-06-12T03:52:51.036Z] <<< [apiv2][status] GET https://cloudfunctions.googleapis.com/v1/operations/d2lmaWNvbnRlbnQtMTQzZGEvdXMtY2VudHJhbDEvYXBpL1BuQ0xkYTZQNXZJ 200
[debug] [2026-06-12T03:52:51.036Z] <<< [apiv2][body] GET https://cloudfunctions.googleapis.com/v1/operations/d2lmaWNvbnRlbnQtMTQzZGEvdXMtY2VudHJhbDEvYXBpL1BuQ0xkYTZQNXZJ {"name":"operations/d2lmaWNvbnRlbnQtMTQzZGEvdXMtY2VudHJhbDEvYXBpL1BuQ0xkYTZQNXZJ","metadata":{"@type":"type.googleapis.com/google.cloud.functions.v1.OperationMetadataV1","target":"projects/wificontent-143da/locations/us-central1/functions/api","type":"UPDATE_FUNCTION","request":{"@type":"type.googleapis.com/google.cloud.functions.v1.CloudFunction","name":"projects/wificontent-143da/locations/us-central1/functions/api","httpsTrigger":{"url":"https://us-central1-wificontent-143da.cloudfunctions.net/api","securityLevel":"SECURE_ALWAYS"},"status":"OFFLINE","entryPoint":"api","updateTime":"2026-06-12T03:49:15.397Z","versionId":"1","labels":{"deployment-tool":"cli-firebase","firebase-functions-hash":"f04f99181a37ddd0deea7a83159d393e6ce5c944"},"sourceUploadUrl":"https://storage.googleapis.com/uploads-692370461028.us-central1.cloudfunctions.appspot.com/4436f6aa-1e4b-40fa-8a94-60d055a1c725.zip?GoogleAccessId=service-158237266758@gcf-admin-robot.iam.gserviceaccount.com&Expires=1781238114&Signature=DkrHjDE%2BbtV6oKS1GQlRcqSOI%2B3VlYtP33tXN3kx%2Fav25M5%2FU3R0TaZubs8hZYXtSqWOv%2BqmoaBPVOTPaS1Ttfhk7LGEG74r6F2blyf%2FEH98MGik0ZfVMIbEIcnTK0tBP1PWAObrpPeJdrVgZvP7vGkQ%2BF0BgVAferQC93xeGbIz1xwySdqJjg94XXTyZOXKlbdSu8UPZxzL%2Br4%2Fn7p%2BZmJv5u6wtwTb6tS4wgGre4774xcNPaszeR5UkBMz85JsD%2FWpzoiFnbJQ4WY2jcWy5QjJlaUeO8R5hgnXqs6tuX8yvWiUU9%2BqFvK5hfuP%2BOPCxIMCKmfy5opSphpUy21zKw%3D%3D","environmentVariables":{"FIREBASE_CONFIG":"{\"projectId\":\"wificontent-143da\",\"databaseURL\":\"https://wificontent-143da-default-rtdb.firebaseio.com\",\"storageBucket\":\"wificontent-143da.firebasestorage.app\"}","GCLOUD_PROJECT":"wificontent-143da","EVENTARC_CLOUD_EVENT_SOURCE":"projects/wificontent-143da/locations/us-central1/functions/api"},"runtime":"nodejs20","buildId":"b32c4fc2-9b93-4a4a-b7b3-6aaa45fe553c","buildEnvironmentVariables":{"GOOGLE_NODE_RUN_SCRIPTS":""},"buildName":"projects/158237266758/locations/us-central1/builds/b32c4fc2-9b93-4a4a-b7b3-6aaa45fe553c","dockerRegistry":"ARTIFACT_REGISTRY","automaticUpdatePolicy":{},"buildServiceAccount":"projects/wificontent-143da/serviceAccounts/158237266758-compute@developer.gserviceaccount.com"},"versionId":"2","updateTime":"2026-06-12T03:52:42Z","buildId":"1d5bf482-31ee-49ff-b691-76933389bcd0","buildName":"projects/158237266758/locations/us-central1/builds/1d5bf482-31ee-49ff-b691-76933389bcd0"}}
[debug] [2026-06-12T03:52:51.184Z] <<< [apiv2][status] GET https://cloudfunctions.googleapis.com/v1/operations/cHJvamVjdHMvd2lmaWNvbnRlbnQtMTQzZGEvbG9jYXRpb25zL3VzLWNlbnRyYWwxL29wZXJhdGlvbnMvb3BlcmF0aW9uLTE3ODEyMzYzNjI0NjYtNjU0MDY2OGE1NTVhMS0xYWYzMjY1Yy03ZDljNGEwMg 200
[debug] [2026-06-12T03:52:51.184Z] <<< [apiv2][body] GET https://cloudfunctions.googleapis.com/v1/operations/cHJvamVjdHMvd2lmaWNvbnRlbnQtMTQzZGEvbG9jYXRpb25zL3VzLWNlbnRyYWwxL29wZXJhdGlvbnMvb3BlcmF0aW9uLTE3ODEyMzYzNjI0NjYtNjU0MDY2OGE1NTVhMS0xYWYzMjY1Yy03ZDljNGEwMg {"name":"operations/cHJvamVjdHMvd2lmaWNvbnRlbnQtMTQzZGEvbG9jYXRpb25zL3VzLWNlbnRyYWwxL29wZXJhdGlvbnMvb3BlcmF0aW9uLTE3ODEyMzYzNjI0NjYtNjU0MDY2OGE1NTVhMS0xYWYzMjY1Yy03ZDljNGEwMg","metadata":{"@type":"type.googleapis.com/google.cloud.functions.v1.OperationMetadataV1","target":"projects/wificontent-143da/locations/us-central1/functions/consumeUserBadgeOnPostCreate","type":"CREATE_FUNCTION","request":{"@type":"type.googleapis.com/google.cloud.functions.v1.CloudFunction","name":"projects/wificontent-143da/locations/us-central1/functions/consumeUserBadgeOnPostCreate","eventTrigger":{"eventType":"providers/google.firebase.database/eventTypes/ref.create","resource":"projects/_/instances/wificontent-143da-default-rtdb/refs/posts/{postId}","failurePolicy":{}},"entryPoint":"consumeUserBadgeOnPostCreate","updateTime":"1970-01-01T00:00:00Z","labels":{"deployment-tool":"cli-firebase","firebase-functions-hash":"f04f99181a37ddd0deea7a83159d393e6ce5c944"},"sourceUploadUrl":"https://storage.googleapis.com/uploads-692370461028.us-central1.cloudfunctions.appspot.com/4436f6aa-1e4b-40fa-8a94-60d055a1c725.zip?GoogleAccessId=service-158237266758@gcf-admin-robot.iam.gserviceaccount.com&Expires=1781238114&Signature=DkrHjDE%2BbtV6oKS1GQlRcqSOI%2B3VlYtP33tXN3kx%2Fav25M5%2FU3R0TaZubs8hZYXtSqWOv%2BqmoaBPVOTPaS1Ttfhk7LGEG74r6F2blyf%2FEH98MGik0ZfVMIbEIcnTK0tBP1PWAObrpPeJdrVgZvP7vGkQ%2BF0BgVAferQC93xeGbIz1xwySdqJjg94XXTyZOXKlbdSu8UPZxzL%2Br4%2Fn7p%2BZmJv5u6wtwTb6tS4wgGre4774xcNPaszeR5UkBMz85JsD%2FWpzoiFnbJQ4WY2jcWy5QjJlaUeO8R5hgnXqs6tuX8yvWiUU9%2BqFvK5hfuP%2BOPCxIMCKmfy5opSphpUy21zKw%3D%3D","environmentVariables":{"FIREBASE_CONFIG":"{\"projectId\":\"wificontent-143da\",\"databaseURL\":\"https://wificontent-143da-default-rtdb.firebaseio.com\",\"storageBucket\":\"wificontent-143da.firebasestorage.app\"}","GCLOUD_PROJECT":"wificontent-143da","EVENTARC_CLOUD_EVENT_SOURCE":"projects/wificontent-143da/locations/us-central1/functions/consumeUserBadgeOnPostCreate"},"runtime":"nodejs20","buildEnvironmentVariables":{"GOOGLE_NODE_RUN_SCRIPTS":""},"dockerRegistry":"ARTIFACT_REGISTRY"},"versionId":"1","updateTime":"2026-06-12T03:52:42.866366829Z","buildId":"3e0b2707-aedf-4657-bb3b-16b33c30c61b","buildName":"projects/158237266758/locations/us-central1/builds/3e0b2707-aedf-4657-bb3b-16b33c30c61b"}}
[debug] [2026-06-12T03:52:51.185Z] <<< [apiv2][status] GET https://cloudfunctions.googleapis.com/v1/operations/cHJvamVjdHMvd2lmaWNvbnRlbnQtMTQzZGEvbG9jYXRpb25zL3VzLWNlbnRyYWwxL29wZXJhdGlvbnMvb3BlcmF0aW9uLTE3ODEyMzYzNjI0NTEtNjU0MDY2OGE1MWI1NC1lNjE5ODVkOC01ODQxODNkNA 200
[debug] [2026-06-12T03:52:51.185Z] <<< [apiv2][body] GET https://cloudfunctions.googleapis.com/v1/operations/cHJvamVjdHMvd2lmaWNvbnRlbnQtMTQzZGEvbG9jYXRpb25zL3VzLWNlbnRyYWwxL29wZXJhdGlvbnMvb3BlcmF0aW9uLTE3ODEyMzYzNjI0NTEtNjU0MDY2OGE1MWI1NC1lNjE5ODVkOC01ODQxODNkNA {"name":"operations/cHJvamVjdHMvd2lmaWNvbnRlbnQtMTQzZGEvbG9jYXRpb25zL3VzLWNlbnRyYWwxL29wZXJhdGlvbnMvb3BlcmF0aW9uLTE3ODEyMzYzNjI0NTEtNjU0MDY2OGE1MWI1NC1lNjE5ODVkOC01ODQxODNkNA","metadata":{"@type":"type.googleapis.com/google.cloud.functions.v1.OperationMetadataV1","target":"projects/wificontent-143da/locations/us-central1/functions/postMetricsAggregator","type":"CREATE_FUNCTION","request":{"@type":"type.googleapis.com/google.cloud.functions.v1.CloudFunction","name":"projects/wificontent-143da/locations/us-central1/functions/postMetricsAggregator","eventTrigger":{"eventType":"providers/google.firebase.database/eventTypes/ref.create","resource":"projects/_/instances/wificontent-143da-default-rtdb/refs/posts/{postId}","failurePolicy":{}},"entryPoint":"postMetricsAggregator","updateTime":"1970-01-01T00:00:00Z","labels":{"deployment-tool":"cli-firebase","firebase-functions-hash":"f04f99181a37ddd0deea7a83159d393e6ce5c944"},"sourceUploadUrl":"https://storage.googleapis.com/uploads-692370461028.us-central1.cloudfunctions.appspot.com/4436f6aa-1e4b-40fa-8a94-60d055a1c725.zip?GoogleAccessId=service-158237266758@gcf-admin-robot.iam.gserviceaccount.com&Expires=1781238114&Signature=DkrHjDE%2BbtV6oKS1GQlRcqSOI%2B3VlYtP33tXN3kx%2Fav25M5%2FU3R0TaZubs8hZYXtSqWOv%2BqmoaBPVOTPaS1Ttfhk7LGEG74r6F2blyf%2FEH98MGik0ZfVMIbEIcnTK0tBP1PWAObrpPeJdrVgZvP7vGkQ%2BF0BgVAferQC93xeGbIz1xwySdqJjg94XXTyZOXKlbdSu8UPZxzL%2Br4%2Fn7p%2BZmJv5u6wtwTb6tS4wgGre4774xcNPaszeR5UkBMz85JsD%2FWpzoiFnbJQ4WY2jcWy5QjJlaUeO8R5hgnXqs6tuX8yvWiUU9%2BqFvK5hfuP%2BOPCxIMCKmfy5opSphpUy21zKw%3D%3D","environmentVariables":{"FIREBASE_CONFIG":"{\"projectId\":\"wificontent-143da\",\"databaseURL\":\"https://wificontent-143da-default-rtdb.firebaseio.com\",\"storageBucket\":\"wificontent-143da.firebasestorage.app\"}","GCLOUD_PROJECT":"wificontent-143da","EVENTARC_CLOUD_EVENT_SOURCE":"projects/wificontent-143da/locations/us-central1/functions/postMetricsAggregator"},"runtime":"nodejs20","buildEnvironmentVariables":{"GOOGLE_NODE_RUN_SCRIPTS":""},"dockerRegistry":"ARTIFACT_REGISTRY"},"versionId":"1","updateTime":"2026-06-12T03:52:42.823060493Z","buildId":"48fd65e5-179a-459d-a63e-946041d8b683","buildName":"projects/158237266758/locations/us-central1/builds/48fd65e5-179a-459d-a63e-946041d8b683"}}
[debug] [2026-06-12T03:52:51.199Z] <<< [apiv2][status] GET https://cloudfunctions.googleapis.com/v1/operations/cHJvamVjdHMvd2lmaWNvbnRlbnQtMTQzZGEvbG9jYXRpb25zL3VzLWNlbnRyYWwxL29wZXJhdGlvbnMvb3BlcmF0aW9uLTE3ODEyMzYzNjI0NjctNjU0MDY2OGE1NTg2MS03NTQwODhmNC1mZGJhZWU0Yw 200
[debug] [2026-06-12T03:52:51.199Z] <<< [apiv2][body] GET https://cloudfunctions.googleapis.com/v1/operations/cHJvamVjdHMvd2lmaWNvbnRlbnQtMTQzZGEvbG9jYXRpb25zL3VzLWNlbnRyYWwxL29wZXJhdGlvbnMvb3BlcmF0aW9uLTE3ODEyMzYzNjI0NjctNjU0MDY2OGE1NTg2MS03NTQwODhmNC1mZGJhZWU0Yw {"name":"operations/cHJvamVjdHMvd2lmaWNvbnRlbnQtMTQzZGEvbG9jYXRpb25zL3VzLWNlbnRyYWwxL29wZXJhdGlvbnMvb3BlcmF0aW9uLTE3ODEyMzYzNjI0NjctNjU0MDY2OGE1NTg2MS03NTQwODhmNC1mZGJhZWU0Yw","metadata":{"@type":"type.googleapis.com/google.cloud.functions.v1.OperationMetadataV1","target":"projects/wificontent-143da/locations/us-central1/functions/cleanBadgesOnContentRemoval","type":"CREATE_FUNCTION","request":{"@type":"type.googleapis.com/google.cloud.functions.v1.CloudFunction","name":"projects/wificontent-143da/locations/us-central1/functions/cleanBadgesOnContentRemoval","eventTrigger":{"eventType":"providers/google.firebase.database/eventTypes/ref.write","resource":"projects/_/instances/wificontent-143da-default-rtdb/refs/posts/{postId}/content","failurePolicy":{}},"entryPoint":"cleanBadgesOnContentRemoval","updateTime":"1970-01-01T00:00:00Z","labels":{"deployment-tool":"cli-firebase","firebase-functions-hash":"f04f99181a37ddd0deea7a83159d393e6ce5c944"},"sourceUploadUrl":"https://storage.googleapis.com/uploads-692370461028.us-central1.cloudfunctions.appspot.com/4436f6aa-1e4b-40fa-8a94-60d055a1c725.zip?GoogleAccessId=service-158237266758@gcf-admin-robot.iam.gserviceaccount.com&Expires=1781238114&Signature=DkrHjDE%2BbtV6oKS1GQlRcqSOI%2B3VlYtP33tXN3kx%2Fav25M5%2FU3R0TaZubs8hZYXtSqWOv%2BqmoaBPVOTPaS1Ttfhk7LGEG74r6F2blyf%2FEH98MGik0ZfVMIbEIcnTK0tBP1PWAObrpPeJdrVgZvP7vGkQ%2BF0BgVAferQC93xeGbIz1xwySdqJjg94XXTyZOXKlbdSu8UPZxzL%2Br4%2Fn7p%2BZmJv5u6wtwTb6tS4wgGre4774xcNPaszeR5UkBMz85JsD%2FWpzoiFnbJQ4WY2jcWy5QjJlaUeO8R5hgnXqs6tuX8yvWiUU9%2BqFvK5hfuP%2BOPCxIMCKmfy5opSphpUy21zKw%3D%3D","environmentVariables":{"FIREBASE_CONFIG":"{\"projectId\":\"wificontent-143da\",\"databaseURL\":\"https://wificontent-143da-default-rtdb.firebaseio.com\",\"storageBucket\":\"wificontent-143da.firebasestorage.app\"}","GCLOUD_PROJECT":"wificontent-143da","EVENTARC_CLOUD_EVENT_SOURCE":"projects/wificontent-143da/locations/us-central1/functions/cleanBadgesOnContentRemoval"},"runtime":"nodejs20","buildEnvironmentVariables":{"GOOGLE_NODE_RUN_SCRIPTS":""},"dockerRegistry":"ARTIFACT_REGISTRY"},"versionId":"1","updateTime":"2026-06-12T03:52:42.839839353Z","buildId":"85d474bb-49b2-4250-9c74-9e85b7b88383","buildName":"projects/158237266758/locations/us-central1/builds/85d474bb-49b2-4250-9c74-9e85b7b88383"}}
[debug] [2026-06-12T03:52:58.849Z] [update-default-us-central1-getCheckoutSessionResult] Retrying task index 0
[debug] [2026-06-12T03:52:58.850Z] Checked if tokens are valid: true, expires at: 1781239710613
[debug] [2026-06-12T03:52:58.850Z] Checked if tokens are valid: true, expires at: 1781239710613
[debug] [2026-06-12T03:52:58.850Z] >>> [apiv2][query] GET https://cloudfunctions.googleapis.com/v1/operations/d2lmaWNvbnRlbnQtMTQzZGEvdXMtY2VudHJhbDEvZ2V0Q2hlY2tvdXRTZXNzaW9uUmVzdWx0L2pncUhhSmpKV3hj [none]
[debug] [2026-06-12T03:52:59.036Z] [update-default-us-central1-createCheckoutSessionCallable] Retrying task index 0
[debug] [2026-06-12T03:52:59.036Z] Checked if tokens are valid: true, expires at: 1781239710613
[debug] [2026-06-12T03:52:59.036Z] Checked if tokens are valid: true, expires at: 1781239710613
[debug] [2026-06-12T03:52:59.036Z] >>> [apiv2][query] GET https://cloudfunctions.googleapis.com/v1/operations/d2lmaWNvbnRlbnQtMTQzZGEvdXMtY2VudHJhbDEvY3JlYXRlQ2hlY2tvdXRTZXNzaW9uQ2FsbGFibGUvUUtscU5LTzFndDA [none]
[debug] [2026-06-12T03:52:59.037Z] [update-default-us-central1-handleStripeWebhook] Retrying task index 0
[debug] [2026-06-12T03:52:59.037Z] Checked if tokens are valid: true, expires at: 1781239710613
[debug] [2026-06-12T03:52:59.038Z] Checked if tokens are valid: true, expires at: 1781239710613
[debug] [2026-06-12T03:52:59.038Z] >>> [apiv2][query] GET https://cloudfunctions.googleapis.com/v1/operations/d2lmaWNvbnRlbnQtMTQzZGEvdXMtY2VudHJhbDEvaGFuZGxlU3RyaXBlV2ViaG9vay9xNlNpUjRhT2dwZw [none]
[debug] [2026-06-12T03:52:59.039Z] [update-default-us-central1-createPaymentIntent] Retrying task index 0
[debug] [2026-06-12T03:52:59.039Z] Checked if tokens are valid: true, expires at: 1781239710613
[debug] [2026-06-12T03:52:59.039Z] Checked if tokens are valid: true, expires at: 1781239710613
[debug] [2026-06-12T03:52:59.039Z] >>> [apiv2][query] GET https://cloudfunctions.googleapis.com/v1/operations/d2lmaWNvbnRlbnQtMTQzZGEvdXMtY2VudHJhbDEvY3JlYXRlUGF5bWVudEludGVudC9jLU1CVDBFTlRCdw [none]
[debug] [2026-06-12T03:52:59.040Z] [update-default-us-central1-createCheckoutSession] Retrying task index 0
[debug] [2026-06-12T03:52:59.040Z] Checked if tokens are valid: true, expires at: 1781239710613
[debug] [2026-06-12T03:52:59.040Z] Checked if tokens are valid: true, expires at: 1781239710613
[debug] [2026-06-12T03:52:59.040Z] >>> [apiv2][query] GET https://cloudfunctions.googleapis.com/v1/operations/d2lmaWNvbnRlbnQtMTQzZGEvdXMtY2VudHJhbDEvY3JlYXRlQ2hlY2tvdXRTZXNzaW9uL3NiUXBZTXVmUXI0 [none]
[debug] [2026-06-12T03:52:59.042Z] [update-default-us-central1-api] Retrying task index 0
[debug] [2026-06-12T03:52:59.042Z] Checked if tokens are valid: true, expires at: 1781239710613
[debug] [2026-06-12T03:52:59.042Z] Checked if tokens are valid: true, expires at: 1781239710613
[debug] [2026-06-12T03:52:59.042Z] >>> [apiv2][query] GET https://cloudfunctions.googleapis.com/v1/operations/d2lmaWNvbnRlbnQtMTQzZGEvdXMtY2VudHJhbDEvYXBpL1BuQ0xkYTZQNXZJ [none]
[debug] [2026-06-12T03:52:59.068Z] <<< [apiv2][status] GET https://cloudfunctions.googleapis.com/v1/operations/d2lmaWNvbnRlbnQtMTQzZGEvdXMtY2VudHJhbDEvZ2V0Q2hlY2tvdXRTZXNzaW9uUmVzdWx0L2pncUhhSmpKV3hj 200
[debug] [2026-06-12T03:52:59.069Z] <<< [apiv2][body] GET https://cloudfunctions.googleapis.com/v1/operations/d2lmaWNvbnRlbnQtMTQzZGEvdXMtY2VudHJhbDEvZ2V0Q2hlY2tvdXRTZXNzaW9uUmVzdWx0L2pncUhhSmpKV3hj {"name":"operations/d2lmaWNvbnRlbnQtMTQzZGEvdXMtY2VudHJhbDEvZ2V0Q2hlY2tvdXRTZXNzaW9uUmVzdWx0L2pncUhhSmpKV3hj","metadata":{"@type":"type.googleapis.com/google.cloud.functions.v1.OperationMetadataV1","target":"projects/wificontent-143da/locations/us-central1/functions/getCheckoutSessionResult","type":"UPDATE_FUNCTION","request":{"@type":"type.googleapis.com/google.cloud.functions.v1.CloudFunction","name":"projects/wificontent-143da/locations/us-central1/functions/getCheckoutSessionResult","httpsTrigger":{"url":"https://us-central1-wificontent-143da.cloudfunctions.net/getCheckoutSessionResult","securityLevel":"SECURE_ALWAYS"},"status":"ACTIVE","entryPoint":"getCheckoutSessionResult","updateTime":"2026-06-04T13:50:39.069Z","versionId":"1","labels":{"deployment-tool":"cli-firebase","deployment-callable":"true","firebase-functions-hash":"16c76575d73ded68adb989e0bab01fa6f6fd5eab"},"sourceUploadUrl":"https://storage.googleapis.com/uploads-692370461028.us-central1.cloudfunctions.appspot.com/4436f6aa-1e4b-40fa-8a94-60d055a1c725.zip?GoogleAccessId=service-158237266758@gcf-admin-robot.iam.gserviceaccount.com&Expires=1781238114&Signature=DkrHjDE%2BbtV6oKS1GQlRcqSOI%2B3VlYtP33tXN3kx%2Fav25M5%2FU3R0TaZubs8hZYXtSqWOv%2BqmoaBPVOTPaS1Ttfhk7LGEG74r6F2blyf%2FEH98MGik0ZfVMIbEIcnTK0tBP1PWAObrpPeJdrVgZvP7vGkQ%2BF0BgVAferQC93xeGbIz1xwySdqJjg94XXTyZOXKlbdSu8UPZxzL%2Br4%2Fn7p%2BZmJv5u6wtwTb6tS4wgGre4774xcNPaszeR5UkBMz85JsD%2FWpzoiFnbJQ4WY2jcWy5QjJlaUeO8R5hgnXqs6tuX8yvWiUU9%2BqFvK5hfuP%2BOPCxIMCKmfy5opSphpUy21zKw%3D%3D","environmentVariables":{"FIREBASE_CONFIG":"{\"projectId\":\"wificontent-143da\",\"databaseURL\":\"https://wificontent-143da-default-rtdb.firebaseio.com\",\"storageBucket\":\"wificontent-143da.firebasestorage.app\"}","GCLOUD_PROJECT":"wificontent-143da","EVENTARC_CLOUD_EVENT_SOURCE":"projects/wificontent-143da/locations/us-central1/functions/getCheckoutSessionResult"},"runtime":"nodejs20","buildId":"c96d8118-30a2-4795-9828-102257e4b186","buildEnvironmentVariables":{"GOOGLE_NODE_RUN_SCRIPTS":""},"secretEnvironmentVariables":[{"key":"STRIPE_SECRET","projectId":"wificontent-143da","secret":"STRIPE_SECRET","version":"1"}],"buildName":"projects/158237266758/locations/us-central1/builds/c96d8118-30a2-4795-9828-102257e4b186","dockerRegistry":"ARTIFACT_REGISTRY","automaticUpdatePolicy":{},"buildServiceAccount":"projects/wificontent-143da/serviceAccounts/158237266758-compute@developer.gserviceaccount.com"},"versionId":"2","updateTime":"2026-06-12T03:52:42Z","buildId":"8bfcb52d-304f-49ce-9ce4-cdbad4f825c2","buildName":"projects/158237266758/locations/us-central1/builds/8bfcb52d-304f-49ce-9ce4-cdbad4f825c2"}}
[debug] [2026-06-12T03:52:59.185Z] [create-default-us-central1-consumeUserBadgeOnPostCreate] Retrying task index 0
[debug] [2026-06-12T03:52:59.185Z] Checked if tokens are valid: true, expires at: 1781239710613
[debug] [2026-06-12T03:52:59.186Z] Checked if tokens are valid: true, expires at: 1781239710613
[debug] [2026-06-12T03:52:59.186Z] >>> [apiv2][query] GET https://cloudfunctions.googleapis.com/v1/operations/cHJvamVjdHMvd2lmaWNvbnRlbnQtMTQzZGEvbG9jYXRpb25zL3VzLWNlbnRyYWwxL29wZXJhdGlvbnMvb3BlcmF0aW9uLTE3ODEyMzYzNjI0NjYtNjU0MDY2OGE1NTVhMS0xYWYzMjY1Yy03ZDljNGEwMg [none]
[debug] [2026-06-12T03:52:59.186Z] [create-default-us-central1-postMetricsAggregator] Retrying task index 0
[debug] [2026-06-12T03:52:59.186Z] Checked if tokens are valid: true, expires at: 1781239710613
[debug] [2026-06-12T03:52:59.186Z] Checked if tokens are valid: true, expires at: 1781239710613
[debug] [2026-06-12T03:52:59.186Z] >>> [apiv2][query] GET https://cloudfunctions.googleapis.com/v1/operations/cHJvamVjdHMvd2lmaWNvbnRlbnQtMTQzZGEvbG9jYXRpb25zL3VzLWNlbnRyYWwxL29wZXJhdGlvbnMvb3BlcmF0aW9uLTE3ODEyMzYzNjI0NTEtNjU0MDY2OGE1MWI1NC1lNjE5ODVkOC01ODQxODNkNA [none]
[debug] [2026-06-12T03:52:59.201Z] [create-default-us-central1-cleanBadgesOnContentRemoval] Retrying task index 0
[debug] [2026-06-12T03:52:59.201Z] Checked if tokens are valid: true, expires at: 1781239710613
[debug] [2026-06-12T03:52:59.201Z] Checked if tokens are valid: true, expires at: 1781239710613
[debug] [2026-06-12T03:52:59.201Z] >>> [apiv2][query] GET https://cloudfunctions.googleapis.com/v1/operations/cHJvamVjdHMvd2lmaWNvbnRlbnQtMTQzZGEvbG9jYXRpb25zL3VzLWNlbnRyYWwxL29wZXJhdGlvbnMvb3BlcmF0aW9uLTE3ODEyMzYzNjI0NjctNjU0MDY2OGE1NTg2MS03NTQwODhmNC1mZGJhZWU0Yw [none]
[debug] [2026-06-12T03:52:59.219Z] <<< [apiv2][status] GET https://cloudfunctions.googleapis.com/v1/operations/d2lmaWNvbnRlbnQtMTQzZGEvdXMtY2VudHJhbDEvYXBpL1BuQ0xkYTZQNXZJ 200
[debug] [2026-06-12T03:52:59.219Z] <<< [apiv2][body] GET https://cloudfunctions.googleapis.com/v1/operations/d2lmaWNvbnRlbnQtMTQzZGEvdXMtY2VudHJhbDEvYXBpL1BuQ0xkYTZQNXZJ {"name":"operations/d2lmaWNvbnRlbnQtMTQzZGEvdXMtY2VudHJhbDEvYXBpL1BuQ0xkYTZQNXZJ","metadata":{"@type":"type.googleapis.com/google.cloud.functions.v1.OperationMetadataV1","target":"projects/wificontent-143da/locations/us-central1/functions/api","type":"UPDATE_FUNCTION","request":{"@type":"type.googleapis.com/google.cloud.functions.v1.CloudFunction","name":"projects/wificontent-143da/locations/us-central1/functions/api","httpsTrigger":{"url":"https://us-central1-wificontent-143da.cloudfunctions.net/api","securityLevel":"SECURE_ALWAYS"},"status":"OFFLINE","entryPoint":"api","updateTime":"2026-06-12T03:49:15.397Z","versionId":"1","labels":{"deployment-tool":"cli-firebase","firebase-functions-hash":"f04f99181a37ddd0deea7a83159d393e6ce5c944"},"sourceUploadUrl":"https://storage.googleapis.com/uploads-692370461028.us-central1.cloudfunctions.appspot.com/4436f6aa-1e4b-40fa-8a94-60d055a1c725.zip?GoogleAccessId=service-158237266758@gcf-admin-robot.iam.gserviceaccount.com&Expires=1781238114&Signature=DkrHjDE%2BbtV6oKS1GQlRcqSOI%2B3VlYtP33tXN3kx%2Fav25M5%2FU3R0TaZubs8hZYXtSqWOv%2BqmoaBPVOTPaS1Ttfhk7LGEG74r6F2blyf%2FEH98MGik0ZfVMIbEIcnTK0tBP1PWAObrpPeJdrVgZvP7vGkQ%2BF0BgVAferQC93xeGbIz1xwySdqJjg94XXTyZOXKlbdSu8UPZxzL%2Br4%2Fn7p%2BZmJv5u6wtwTb6tS4wgGre4774xcNPaszeR5UkBMz85JsD%2FWpzoiFnbJQ4WY2jcWy5QjJlaUeO8R5hgnXqs6tuX8yvWiUU9%2BqFvK5hfuP%2BOPCxIMCKmfy5opSphpUy21zKw%3D%3D","environmentVariables":{"FIREBASE_CONFIG":"{\"projectId\":\"wificontent-143da\",\"databaseURL\":\"https://wificontent-143da-default-rtdb.firebaseio.com\",\"storageBucket\":\"wificontent-143da.firebasestorage.app\"}","GCLOUD_PROJECT":"wificontent-143da","EVENTARC_CLOUD_EVENT_SOURCE":"projects/wificontent-143da/locations/us-central1/functions/api"},"runtime":"nodejs20","buildId":"b32c4fc2-9b93-4a4a-b7b3-6aaa45fe553c","buildEnvironmentVariables":{"GOOGLE_NODE_RUN_SCRIPTS":""},"buildName":"projects/158237266758/locations/us-central1/builds/b32c4fc2-9b93-4a4a-b7b3-6aaa45fe553c","dockerRegistry":"ARTIFACT_REGISTRY","automaticUpdatePolicy":{},"buildServiceAccount":"projects/wificontent-143da/serviceAccounts/158237266758-compute@developer.gserviceaccount.com"},"versionId":"2","updateTime":"2026-06-12T03:52:42Z","buildId":"1d5bf482-31ee-49ff-b691-76933389bcd0","buildName":"projects/158237266758/locations/us-central1/builds/1d5bf482-31ee-49ff-b691-76933389bcd0"}}
[debug] [2026-06-12T03:52:59.219Z] <<< [apiv2][status] GET https://cloudfunctions.googleapis.com/v1/operations/d2lmaWNvbnRlbnQtMTQzZGEvdXMtY2VudHJhbDEvY3JlYXRlUGF5bWVudEludGVudC9jLU1CVDBFTlRCdw 200
[debug] [2026-06-12T03:52:59.219Z] <<< [apiv2][body] GET https://cloudfunctions.googleapis.com/v1/operations/d2lmaWNvbnRlbnQtMTQzZGEvdXMtY2VudHJhbDEvY3JlYXRlUGF5bWVudEludGVudC9jLU1CVDBFTlRCdw {"name":"operations/d2lmaWNvbnRlbnQtMTQzZGEvdXMtY2VudHJhbDEvY3JlYXRlUGF5bWVudEludGVudC9jLU1CVDBFTlRCdw","metadata":{"@type":"type.googleapis.com/google.cloud.functions.v1.OperationMetadataV1","target":"projects/wificontent-143da/locations/us-central1/functions/createPaymentIntent","type":"UPDATE_FUNCTION","request":{"@type":"type.googleapis.com/google.cloud.functions.v1.CloudFunction","name":"projects/wificontent-143da/locations/us-central1/functions/createPaymentIntent","httpsTrigger":{"url":"https://us-central1-wificontent-143da.cloudfunctions.net/createPaymentIntent","securityLevel":"SECURE_ALWAYS"},"status":"ACTIVE","entryPoint":"createPaymentIntent","updateTime":"2026-06-04T14:26:15.364Z","versionId":"2","labels":{"deployment-tool":"cli-firebase","deployment-callable":"true","firebase-functions-hash":"16c76575d73ded68adb989e0bab01fa6f6fd5eab"},"sourceUploadUrl":"https://storage.googleapis.com/uploads-692370461028.us-central1.cloudfunctions.appspot.com/4436f6aa-1e4b-40fa-8a94-60d055a1c725.zip?GoogleAccessId=service-158237266758@gcf-admin-robot.iam.gserviceaccount.com&Expires=1781238114&Signature=DkrHjDE%2BbtV6oKS1GQlRcqSOI%2B3VlYtP33tXN3kx%2Fav25M5%2FU3R0TaZubs8hZYXtSqWOv%2BqmoaBPVOTPaS1Ttfhk7LGEG74r6F2blyf%2FEH98MGik0ZfVMIbEIcnTK0tBP1PWAObrpPeJdrVgZvP7vGkQ%2BF0BgVAferQC93xeGbIz1xwySdqJjg94XXTyZOXKlbdSu8UPZxzL%2Br4%2Fn7p%2BZmJv5u6wtwTb6tS4wgGre4774xcNPaszeR5UkBMz85JsD%2FWpzoiFnbJQ4WY2jcWy5QjJlaUeO8R5hgnXqs6tuX8yvWiUU9%2BqFvK5hfuP%2BOPCxIMCKmfy5opSphpUy21zKw%3D%3D","environmentVariables":{"FIREBASE_CONFIG":"{\"projectId\":\"wificontent-143da\",\"databaseURL\":\"https://wificontent-143da-default-rtdb.firebaseio.com\",\"storageBucket\":\"wificontent-143da.firebasestorage.app\"}","GCLOUD_PROJECT":"wificontent-143da","EVENTARC_CLOUD_EVENT_SOURCE":"projects/wificontent-143da/locations/us-central1/functions/createPaymentIntent"},"runtime":"nodejs20","buildId":"99ab3ad8-6f35-417c-8dbe-866afa72bb84","buildEnvironmentVariables":{"GOOGLE_NODE_RUN_SCRIPTS":""},"secretEnvironmentVariables":[{"key":"STRIPE_SECRET","projectId":"wificontent-143da","secret":"STRIPE_SECRET","version":"1"}],"buildName":"projects/158237266758/locations/us-central1/builds/99ab3ad8-6f35-417c-8dbe-866afa72bb84","dockerRegistry":"ARTIFACT_REGISTRY","automaticUpdatePolicy":{},"buildServiceAccount":"projects/wificontent-143da/serviceAccounts/158237266758-compute@developer.gserviceaccount.com"},"versionId":"3","updateTime":"2026-06-12T03:52:42Z","buildId":"a94af4a3-b0aa-411b-a088-c97ea8ff8ffe","buildName":"projects/158237266758/locations/us-central1/builds/a94af4a3-b0aa-411b-a088-c97ea8ff8ffe"}}
[debug] [2026-06-12T03:52:59.224Z] <<< [apiv2][status] GET https://cloudfunctions.googleapis.com/v1/operations/d2lmaWNvbnRlbnQtMTQzZGEvdXMtY2VudHJhbDEvY3JlYXRlQ2hlY2tvdXRTZXNzaW9uQ2FsbGFibGUvUUtscU5LTzFndDA 200
[debug] [2026-06-12T03:52:59.224Z] <<< [apiv2][body] GET https://cloudfunctions.googleapis.com/v1/operations/d2lmaWNvbnRlbnQtMTQzZGEvdXMtY2VudHJhbDEvY3JlYXRlQ2hlY2tvdXRTZXNzaW9uQ2FsbGFibGUvUUtscU5LTzFndDA {"name":"operations/d2lmaWNvbnRlbnQtMTQzZGEvdXMtY2VudHJhbDEvY3JlYXRlQ2hlY2tvdXRTZXNzaW9uQ2FsbGFibGUvUUtscU5LTzFndDA","metadata":{"@type":"type.googleapis.com/google.cloud.functions.v1.OperationMetadataV1","target":"projects/wificontent-143da/locations/us-central1/functions/createCheckoutSessionCallable","type":"UPDATE_FUNCTION","request":{"@type":"type.googleapis.com/google.cloud.functions.v1.CloudFunction","name":"projects/wificontent-143da/locations/us-central1/functions/createCheckoutSessionCallable","httpsTrigger":{"url":"https://us-central1-wificontent-143da.cloudfunctions.net/createCheckoutSessionCallable","securityLevel":"SECURE_ALWAYS"},"status":"ACTIVE","entryPoint":"createCheckoutSessionCallable","updateTime":"2026-06-04T13:50:38.804Z","versionId":"1","labels":{"deployment-tool":"cli-firebase","deployment-callable":"true","firebase-functions-hash":"16c76575d73ded68adb989e0bab01fa6f6fd5eab"},"sourceUploadUrl":"https://storage.googleapis.com/uploads-692370461028.us-central1.cloudfunctions.appspot.com/4436f6aa-1e4b-40fa-8a94-60d055a1c725.zip?GoogleAccessId=service-158237266758@gcf-admin-robot.iam.gserviceaccount.com&Expires=1781238114&Signature=DkrHjDE%2BbtV6oKS1GQlRcqSOI%2B3VlYtP33tXN3kx%2Fav25M5%2FU3R0TaZubs8hZYXtSqWOv%2BqmoaBPVOTPaS1Ttfhk7LGEG74r6F2blyf%2FEH98MGik0ZfVMIbEIcnTK0tBP1PWAObrpPeJdrVgZvP7vGkQ%2BF0BgVAferQC93xeGbIz1xwySdqJjg94XXTyZOXKlbdSu8UPZxzL%2Br4%2Fn7p%2BZmJv5u6wtwTb6tS4wgGre4774xcNPaszeR5UkBMz85JsD%2FWpzoiFnbJQ4WY2jcWy5QjJlaUeO8R5hgnXqs6tuX8yvWiUU9%2BqFvK5hfuP%2BOPCxIMCKmfy5opSphpUy21zKw%3D%3D","environmentVariables":{"FIREBASE_CONFIG":"{\"projectId\":\"wificontent-143da\",\"databaseURL\":\"https://wificontent-143da-default-rtdb.firebaseio.com\",\"storageBucket\":\"wificontent-143da.firebasestorage.app\"}","GCLOUD_PROJECT":"wificontent-143da","EVENTARC_CLOUD_EVENT_SOURCE":"projects/wificontent-143da/locations/us-central1/functions/createCheckoutSessionCallable"},"runtime":"nodejs20","buildId":"c96d8118-30a2-4795-9828-102257e4b186","buildEnvironmentVariables":{"GOOGLE_NODE_RUN_SCRIPTS":""},"secretEnvironmentVariables":[{"key":"STRIPE_SECRET","projectId":"wificontent-143da","secret":"STRIPE_SECRET","version":"1"}],"buildName":"projects/158237266758/locations/us-central1/builds/c96d8118-30a2-4795-9828-102257e4b186","dockerRegistry":"ARTIFACT_REGISTRY","automaticUpdatePolicy":{},"buildServiceAccount":"projects/wificontent-143da/serviceAccounts/158237266758-compute@developer.gserviceaccount.com"},"versionId":"2","updateTime":"2026-06-12T03:52:42Z","buildId":"b45365b0-0f84-4b0d-9500-d7f3befbf42b","buildName":"projects/158237266758/locations/us-central1/builds/b45365b0-0f84-4b0d-9500-d7f3befbf42b"}}
[debug] [2026-06-12T03:52:59.230Z] <<< [apiv2][status] GET https://cloudfunctions.googleapis.com/v1/operations/d2lmaWNvbnRlbnQtMTQzZGEvdXMtY2VudHJhbDEvY3JlYXRlQ2hlY2tvdXRTZXNzaW9uL3NiUXBZTXVmUXI0 200
[debug] [2026-06-12T03:52:59.230Z] <<< [apiv2][body] GET https://cloudfunctions.googleapis.com/v1/operations/d2lmaWNvbnRlbnQtMTQzZGEvdXMtY2VudHJhbDEvY3JlYXRlQ2hlY2tvdXRTZXNzaW9uL3NiUXBZTXVmUXI0 {"name":"operations/d2lmaWNvbnRlbnQtMTQzZGEvdXMtY2VudHJhbDEvY3JlYXRlQ2hlY2tvdXRTZXNzaW9uL3NiUXBZTXVmUXI0","metadata":{"@type":"type.googleapis.com/google.cloud.functions.v1.OperationMetadataV1","target":"projects/wificontent-143da/locations/us-central1/functions/createCheckoutSession","type":"UPDATE_FUNCTION","request":{"@type":"type.googleapis.com/google.cloud.functions.v1.CloudFunction","name":"projects/wificontent-143da/locations/us-central1/functions/createCheckoutSession","httpsTrigger":{"url":"https://us-central1-wificontent-143da.cloudfunctions.net/createCheckoutSession","securityLevel":"SECURE_ALWAYS"},"status":"ACTIVE","entryPoint":"createCheckoutSession","updateTime":"2026-06-04T13:50:41.855Z","versionId":"1","labels":{"deployment-tool":"cli-firebase","firebase-functions-hash":"16c76575d73ded68adb989e0bab01fa6f6fd5eab"},"sourceUploadUrl":"https://storage.googleapis.com/uploads-692370461028.us-central1.cloudfunctions.appspot.com/4436f6aa-1e4b-40fa-8a94-60d055a1c725.zip?GoogleAccessId=service-158237266758@gcf-admin-robot.iam.gserviceaccount.com&Expires=1781238114&Signature=DkrHjDE%2BbtV6oKS1GQlRcqSOI%2B3VlYtP33tXN3kx%2Fav25M5%2FU3R0TaZubs8hZYXtSqWOv%2BqmoaBPVOTPaS1Ttfhk7LGEG74r6F2blyf%2FEH98MGik0ZfVMIbEIcnTK0tBP1PWAObrpPeJdrVgZvP7vGkQ%2BF0BgVAferQC93xeGbIz1xwySdqJjg94XXTyZOXKlbdSu8UPZxzL%2Br4%2Fn7p%2BZmJv5u6wtwTb6tS4wgGre4774xcNPaszeR5UkBMz85JsD%2FWpzoiFnbJQ4WY2jcWy5QjJlaUeO8R5hgnXqs6tuX8yvWiUU9%2BqFvK5hfuP%2BOPCxIMCKmfy5opSphpUy21zKw%3D%3D","environmentVariables":{"FIREBASE_CONFIG":"{\"projectId\":\"wificontent-143da\",\"databaseURL\":\"https://wificontent-143da-default-rtdb.firebaseio.com\",\"storageBucket\":\"wificontent-143da.firebasestorage.app\"}","GCLOUD_PROJECT":"wificontent-143da","EVENTARC_CLOUD_EVENT_SOURCE":"projects/wificontent-143da/locations/us-central1/functions/createCheckoutSession"},"runtime":"nodejs20","buildId":"c96d8118-30a2-4795-9828-102257e4b186","buildEnvironmentVariables":{"GOOGLE_NODE_RUN_SCRIPTS":""},"secretEnvironmentVariables":[{"key":"STRIPE_SECRET","projectId":"wificontent-143da","secret":"STRIPE_SECRET","version":"1"}],"buildName":"projects/158237266758/locations/us-central1/builds/c96d8118-30a2-4795-9828-102257e4b186","dockerRegistry":"ARTIFACT_REGISTRY","automaticUpdatePolicy":{},"buildServiceAccount":"projects/wificontent-143da/serviceAccounts/158237266758-compute@developer.gserviceaccount.com"},"versionId":"2","updateTime":"2026-06-12T03:52:42Z","buildId":"f6c09e6c-90e6-4102-b67d-9ac3ff7f2175","buildName":"projects/158237266758/locations/us-central1/builds/f6c09e6c-90e6-4102-b67d-9ac3ff7f2175"}}
[debug] [2026-06-12T03:52:59.231Z] <<< [apiv2][status] GET https://cloudfunctions.googleapis.com/v1/operations/d2lmaWNvbnRlbnQtMTQzZGEvdXMtY2VudHJhbDEvaGFuZGxlU3RyaXBlV2ViaG9vay9xNlNpUjRhT2dwZw 200
[debug] [2026-06-12T03:52:59.231Z] <<< [apiv2][body] GET https://cloudfunctions.googleapis.com/v1/operations/d2lmaWNvbnRlbnQtMTQzZGEvdXMtY2VudHJhbDEvaGFuZGxlU3RyaXBlV2ViaG9vay9xNlNpUjRhT2dwZw {"name":"operations/d2lmaWNvbnRlbnQtMTQzZGEvdXMtY2VudHJhbDEvaGFuZGxlU3RyaXBlV2ViaG9vay9xNlNpUjRhT2dwZw","metadata":{"@type":"type.googleapis.com/google.cloud.functions.v1.OperationMetadataV1","target":"projects/wificontent-143da/locations/us-central1/functions/handleStripeWebhook","type":"UPDATE_FUNCTION","request":{"@type":"type.googleapis.com/google.cloud.functions.v1.CloudFunction","name":"projects/wificontent-143da/locations/us-central1/functions/handleStripeWebhook","httpsTrigger":{"url":"https://us-central1-wificontent-143da.cloudfunctions.net/handleStripeWebhook","securityLevel":"SECURE_ALWAYS"},"status":"ACTIVE","entryPoint":"handleStripeWebhook","updateTime":"2026-06-04T14:26:15.472Z","versionId":"3","labels":{"deployment-tool":"cli-firebase","firebase-functions-hash":"823af96df830f3f75c86b6355a997e6cb543b5fa"},"sourceUploadUrl":"https://storage.googleapis.com/uploads-692370461028.us-central1.cloudfunctions.appspot.com/4436f6aa-1e4b-40fa-8a94-60d055a1c725.zip?GoogleAccessId=service-158237266758@gcf-admin-robot.iam.gserviceaccount.com&Expires=1781238114&Signature=DkrHjDE%2BbtV6oKS1GQlRcqSOI%2B3VlYtP33tXN3kx%2Fav25M5%2FU3R0TaZubs8hZYXtSqWOv%2BqmoaBPVOTPaS1Ttfhk7LGEG74r6F2blyf%2FEH98MGik0ZfVMIbEIcnTK0tBP1PWAObrpPeJdrVgZvP7vGkQ%2BF0BgVAferQC93xeGbIz1xwySdqJjg94XXTyZOXKlbdSu8UPZxzL%2Br4%2Fn7p%2BZmJv5u6wtwTb6tS4wgGre4774xcNPaszeR5UkBMz85JsD%2FWpzoiFnbJQ4WY2jcWy5QjJlaUeO8R5hgnXqs6tuX8yvWiUU9%2BqFvK5hfuP%2BOPCxIMCKmfy5opSphpUy21zKw%3D%3D","environmentVariables":{"FIREBASE_CONFIG":"{\"projectId\":\"wificontent-143da\",\"databaseURL\":\"https://wificontent-143da-default-rtdb.firebaseio.com\",\"storageBucket\":\"wificontent-143da.firebasestorage.app\"}","GCLOUD_PROJECT":"wificontent-143da","EVENTARC_CLOUD_EVENT_SOURCE":"projects/wificontent-143da/locations/us-central1/functions/handleStripeWebhook"},"runtime":"nodejs20","buildId":"99ab3ad8-6f35-417c-8dbe-866afa72bb84","buildEnvironmentVariables":{"GOOGLE_NODE_RUN_SCRIPTS":""},"secretEnvironmentVariables":[{"key":"STRIPE_SECRET","projectId":"wificontent-143da","secret":"STRIPE_SECRET","version":"1"},{"key":"STRIPE_WEBHOOK_SECRET","projectId":"wificontent-143da","secret":"STRIPE_WEBHOOK_SECRET","version":"1"}],"buildName":"projects/158237266758/locations/us-central1/builds/99ab3ad8-6f35-417c-8dbe-866afa72bb84","dockerRegistry":"ARTIFACT_REGISTRY","automaticUpdatePolicy":{},"buildServiceAccount":"projects/wificontent-143da/serviceAccounts/158237266758-compute@developer.gserviceaccount.com"},"versionId":"4","updateTime":"2026-06-12T03:52:42Z","buildId":"51ffc6b3-cca4-4ad4-963c-863b3cd293d1","buildName":"projects/158237266758/locations/us-central1/builds/51ffc6b3-cca4-4ad4-963c-863b3cd293d1"}}
[debug] [2026-06-12T03:52:59.308Z] <<< [apiv2][status] GET https://cloudfunctions.googleapis.com/v1/operations/cHJvamVjdHMvd2lmaWNvbnRlbnQtMTQzZGEvbG9jYXRpb25zL3VzLWNlbnRyYWwxL29wZXJhdGlvbnMvb3BlcmF0aW9uLTE3ODEyMzYzNjI0NjYtNjU0MDY2OGE1NTVhMS0xYWYzMjY1Yy03ZDljNGEwMg 200
[debug] [2026-06-12T03:52:59.308Z] <<< [apiv2][body] GET https://cloudfunctions.googleapis.com/v1/operations/cHJvamVjdHMvd2lmaWNvbnRlbnQtMTQzZGEvbG9jYXRpb25zL3VzLWNlbnRyYWwxL29wZXJhdGlvbnMvb3BlcmF0aW9uLTE3ODEyMzYzNjI0NjYtNjU0MDY2OGE1NTVhMS0xYWYzMjY1Yy03ZDljNGEwMg {"name":"operations/cHJvamVjdHMvd2lmaWNvbnRlbnQtMTQzZGEvbG9jYXRpb25zL3VzLWNlbnRyYWwxL29wZXJhdGlvbnMvb3BlcmF0aW9uLTE3ODEyMzYzNjI0NjYtNjU0MDY2OGE1NTVhMS0xYWYzMjY1Yy03ZDljNGEwMg","metadata":{"@type":"type.googleapis.com/google.cloud.functions.v1.OperationMetadataV1","target":"projects/wificontent-143da/locations/us-central1/functions/consumeUserBadgeOnPostCreate","type":"CREATE_FUNCTION","request":{"@type":"type.googleapis.com/google.cloud.functions.v1.CloudFunction","name":"projects/wificontent-143da/locations/us-central1/functions/consumeUserBadgeOnPostCreate","eventTrigger":{"eventType":"providers/google.firebase.database/eventTypes/ref.create","resource":"projects/_/instances/wificontent-143da-default-rtdb/refs/posts/{postId}","failurePolicy":{}},"entryPoint":"consumeUserBadgeOnPostCreate","updateTime":"1970-01-01T00:00:00Z","labels":{"deployment-tool":"cli-firebase","firebase-functions-hash":"f04f99181a37ddd0deea7a83159d393e6ce5c944"},"sourceUploadUrl":"https://storage.googleapis.com/uploads-692370461028.us-central1.cloudfunctions.appspot.com/4436f6aa-1e4b-40fa-8a94-60d055a1c725.zip?GoogleAccessId=service-158237266758@gcf-admin-robot.iam.gserviceaccount.com&Expires=1781238114&Signature=DkrHjDE%2BbtV6oKS1GQlRcqSOI%2B3VlYtP33tXN3kx%2Fav25M5%2FU3R0TaZubs8hZYXtSqWOv%2BqmoaBPVOTPaS1Ttfhk7LGEG74r6F2blyf%2FEH98MGik0ZfVMIbEIcnTK0tBP1PWAObrpPeJdrVgZvP7vGkQ%2BF0BgVAferQC93xeGbIz1xwySdqJjg94XXTyZOXKlbdSu8UPZxzL%2Br4%2Fn7p%2BZmJv5u6wtwTb6tS4wgGre4774xcNPaszeR5UkBMz85JsD%2FWpzoiFnbJQ4WY2jcWy5QjJlaUeO8R5hgnXqs6tuX8yvWiUU9%2BqFvK5hfuP%2BOPCxIMCKmfy5opSphpUy21zKw%3D%3D","environmentVariables":{"FIREBASE_CONFIG":"{\"projectId\":\"wificontent-143da\",\"databaseURL\":\"https://wificontent-143da-default-rtdb.firebaseio.com\",\"storageBucket\":\"wificontent-143da.firebasestorage.app\"}","GCLOUD_PROJECT":"wificontent-143da","EVENTARC_CLOUD_EVENT_SOURCE":"projects/wificontent-143da/locations/us-central1/functions/consumeUserBadgeOnPostCreate"},"runtime":"nodejs20","buildEnvironmentVariables":{"GOOGLE_NODE_RUN_SCRIPTS":""},"dockerRegistry":"ARTIFACT_REGISTRY"},"versionId":"1","updateTime":"2026-06-12T03:52:42.866366829Z","buildId":"3e0b2707-aedf-4657-bb3b-16b33c30c61b","buildName":"projects/158237266758/locations/us-central1/builds/3e0b2707-aedf-4657-bb3b-16b33c30c61b"}}
[debug] [2026-06-12T03:52:59.429Z] <<< [apiv2][status] GET https://cloudfunctions.googleapis.com/v1/operations/cHJvamVjdHMvd2lmaWNvbnRlbnQtMTQzZGEvbG9jYXRpb25zL3VzLWNlbnRyYWwxL29wZXJhdGlvbnMvb3BlcmF0aW9uLTE3ODEyMzYzNjI0NjctNjU0MDY2OGE1NTg2MS03NTQwODhmNC1mZGJhZWU0Yw 200
[debug] [2026-06-12T03:52:59.429Z] <<< [apiv2][body] GET https://cloudfunctions.googleapis.com/v1/operations/cHJvamVjdHMvd2lmaWNvbnRlbnQtMTQzZGEvbG9jYXRpb25zL3VzLWNlbnRyYWwxL29wZXJhdGlvbnMvb3BlcmF0aW9uLTE3ODEyMzYzNjI0NjctNjU0MDY2OGE1NTg2MS03NTQwODhmNC1mZGJhZWU0Yw {"name":"operations/cHJvamVjdHMvd2lmaWNvbnRlbnQtMTQzZGEvbG9jYXRpb25zL3VzLWNlbnRyYWwxL29wZXJhdGlvbnMvb3BlcmF0aW9uLTE3ODEyMzYzNjI0NjctNjU0MDY2OGE1NTg2MS03NTQwODhmNC1mZGJhZWU0Yw","metadata":{"@type":"type.googleapis.com/google.cloud.functions.v1.OperationMetadataV1","target":"projects/wificontent-143da/locations/us-central1/functions/cleanBadgesOnContentRemoval","type":"CREATE_FUNCTION","request":{"@type":"type.googleapis.com/google.cloud.functions.v1.CloudFunction","name":"projects/wificontent-143da/locations/us-central1/functions/cleanBadgesOnContentRemoval","eventTrigger":{"eventType":"providers/google.firebase.database/eventTypes/ref.write","resource":"projects/_/instances/wificontent-143da-default-rtdb/refs/posts/{postId}/content","failurePolicy":{}},"entryPoint":"cleanBadgesOnContentRemoval","updateTime":"1970-01-01T00:00:00Z","labels":{"deployment-tool":"cli-firebase","firebase-functions-hash":"f04f99181a37ddd0deea7a83159d393e6ce5c944"},"sourceUploadUrl":"https://storage.googleapis.com/uploads-692370461028.us-central1.cloudfunctions.appspot.com/4436f6aa-1e4b-40fa-8a94-60d055a1c725.zip?GoogleAccessId=service-158237266758@gcf-admin-robot.iam.gserviceaccount.com&Expires=1781238114&Signature=DkrHjDE%2BbtV6oKS1GQlRcqSOI%2B3VlYtP33tXN3kx%2Fav25M5%2FU3R0TaZubs8hZYXtSqWOv%2BqmoaBPVOTPaS1Ttfhk7LGEG74r6F2blyf%2FEH98MGik0ZfVMIbEIcnTK0tBP1PWAObrpPeJdrVgZvP7vGkQ%2BF0BgVAferQC93xeGbIz1xwySdqJjg94XXTyZOXKlbdSu8UPZxzL%2Br4%2Fn7p%2BZmJv5u6wtwTb6tS4wgGre4774xcNPaszeR5UkBMz85JsD%2FWpzoiFnbJQ4WY2jcWy5QjJlaUeO8R5hgnXqs6tuX8yvWiUU9%2BqFvK5hfuP%2BOPCxIMCKmfy5opSphpUy21zKw%3D%3D","environmentVariables":{"FIREBASE_CONFIG":"{\"projectId\":\"wificontent-143da\",\"databaseURL\":\"https://wificontent-143da-default-rtdb.firebaseio.com\",\"storageBucket\":\"wificontent-143da.firebasestorage.app\"}","GCLOUD_PROJECT":"wificontent-143da","EVENTARC_CLOUD_EVENT_SOURCE":"projects/wificontent-143da/locations/us-central1/functions/cleanBadgesOnContentRemoval"},"runtime":"nodejs20","buildEnvironmentVariables":{"GOOGLE_NODE_RUN_SCRIPTS":""},"dockerRegistry":"ARTIFACT_REGISTRY"},"versionId":"1","updateTime":"2026-06-12T03:52:42.839839353Z","buildId":"85d474bb-49b2-4250-9c74-9e85b7b88383","buildName":"projects/158237266758/locations/us-central1/builds/85d474bb-49b2-4250-9c74-9e85b7b88383"}}
[debug] [2026-06-12T03:52:59.429Z] <<< [apiv2][status] GET https://cloudfunctions.googleapis.com/v1/operations/cHJvamVjdHMvd2lmaWNvbnRlbnQtMTQzZGEvbG9jYXRpb25zL3VzLWNlbnRyYWwxL29wZXJhdGlvbnMvb3BlcmF0aW9uLTE3ODEyMzYzNjI0NTEtNjU0MDY2OGE1MWI1NC1lNjE5ODVkOC01ODQxODNkNA 200
[debug] [2026-06-12T03:52:59.429Z] <<< [apiv2][body] GET https://cloudfunctions.googleapis.com/v1/operations/cHJvamVjdHMvd2lmaWNvbnRlbnQtMTQzZGEvbG9jYXRpb25zL3VzLWNlbnRyYWwxL29wZXJhdGlvbnMvb3BlcmF0aW9uLTE3ODEyMzYzNjI0NTEtNjU0MDY2OGE1MWI1NC1lNjE5ODVkOC01ODQxODNkNA {"name":"operations/cHJvamVjdHMvd2lmaWNvbnRlbnQtMTQzZGEvbG9jYXRpb25zL3VzLWNlbnRyYWwxL29wZXJhdGlvbnMvb3BlcmF0aW9uLTE3ODEyMzYzNjI0NTEtNjU0MDY2OGE1MWI1NC1lNjE5ODVkOC01ODQxODNkNA","metadata":{"@type":"type.googleapis.com/google.cloud.functions.v1.OperationMetadataV1","target":"projects/wificontent-143da/locations/us-central1/functions/postMetricsAggregator","type":"CREATE_FUNCTION","request":{"@type":"type.googleapis.com/google.cloud.functions.v1.CloudFunction","name":"projects/wificontent-143da/locations/us-central1/functions/postMetricsAggregator","eventTrigger":{"eventType":"providers/google.firebase.database/eventTypes/ref.create","resource":"projects/_/instances/wificontent-143da-default-rtdb/refs/posts/{postId}","failurePolicy":{}},"entryPoint":"postMetricsAggregator","updateTime":"1970-01-01T00:00:00Z","labels":{"deployment-tool":"cli-firebase","firebase-functions-hash":"f04f99181a37ddd0deea7a83159d393e6ce5c944"},"sourceUploadUrl":"https://storage.googleapis.com/uploads-692370461028.us-central1.cloudfunctions.appspot.com/4436f6aa-1e4b-40fa-8a94-60d055a1c725.zip?GoogleAccessId=service-158237266758@gcf-admin-robot.iam.gserviceaccount.com&Expires=1781238114&Signature=DkrHjDE%2BbtV6oKS1GQlRcqSOI%2B3VlYtP33tXN3kx%2Fav25M5%2FU3R0TaZubs8hZYXtSqWOv%2BqmoaBPVOTPaS1Ttfhk7LGEG74r6F2blyf%2FEH98MGik0ZfVMIbEIcnTK0tBP1PWAObrpPeJdrVgZvP7vGkQ%2BF0BgVAferQC93xeGbIz1xwySdqJjg94XXTyZOXKlbdSu8UPZxzL%2Br4%2Fn7p%2BZmJv5u6wtwTb6tS4wgGre4774xcNPaszeR5UkBMz85JsD%2FWpzoiFnbJQ4WY2jcWy5QjJlaUeO8R5hgnXqs6tuX8yvWiUU9%2BqFvK5hfuP%2BOPCxIMCKmfy5opSphpUy21zKw%3D%3D","environmentVariables":{"FIREBASE_CONFIG":"{\"projectId\":\"wificontent-143da\",\"databaseURL\":\"https://wificontent-143da-default-rtdb.firebaseio.com\",\"storageBucket\":\"wificontent-143da.firebasestorage.app\"}","GCLOUD_PROJECT":"wificontent-143da","EVENTARC_CLOUD_EVENT_SOURCE":"projects/wificontent-143da/locations/us-central1/functions/postMetricsAggregator"},"runtime":"nodejs20","buildEnvironmentVariables":{"GOOGLE_NODE_RUN_SCRIPTS":""},"dockerRegistry":"ARTIFACT_REGISTRY"},"versionId":"1","updateTime":"2026-06-12T03:52:42.823060493Z","buildId":"48fd65e5-179a-459d-a63e-946041d8b683","buildName":"projects/158237266758/locations/us-central1/builds/48fd65e5-179a-459d-a63e-946041d8b683"}}
[debug] [2026-06-12T03:53:09.070Z] [update-default-us-central1-getCheckoutSessionResult] Retrying task index 0
[debug] [2026-06-12T03:53:09.072Z] Checked if tokens are valid: true, expires at: 1781239710613
[debug] [2026-06-12T03:53:09.072Z] Checked if tokens are valid: true, expires at: 1781239710613
[debug] [2026-06-12T03:53:09.072Z] >>> [apiv2][query] GET https://cloudfunctions.googleapis.com/v1/operations/d2lmaWNvbnRlbnQtMTQzZGEvdXMtY2VudHJhbDEvZ2V0Q2hlY2tvdXRTZXNzaW9uUmVzdWx0L2pncUhhSmpKV3hj [none]
[debug] [2026-06-12T03:53:09.220Z] [update-default-us-central1-api] Retrying task index 0
[debug] [2026-06-12T03:53:09.220Z] Checked if tokens are valid: true, expires at: 1781239710613
[debug] [2026-06-12T03:53:09.220Z] Checked if tokens are valid: true, expires at: 1781239710613
[debug] [2026-06-12T03:53:09.220Z] >>> [apiv2][query] GET https://cloudfunctions.googleapis.com/v1/operations/d2lmaWNvbnRlbnQtMTQzZGEvdXMtY2VudHJhbDEvYXBpL1BuQ0xkYTZQNXZJ [none]
[debug] [2026-06-12T03:53:09.222Z] [update-default-us-central1-createPaymentIntent] Retrying task index 0
[debug] [2026-06-12T03:53:09.222Z] Checked if tokens are valid: true, expires at: 1781239710613
[debug] [2026-06-12T03:53:09.222Z] Checked if tokens are valid: true, expires at: 1781239710613
[debug] [2026-06-12T03:53:09.223Z] >>> [apiv2][query] GET https://cloudfunctions.googleapis.com/v1/operations/d2lmaWNvbnRlbnQtMTQzZGEvdXMtY2VudHJhbDEvY3JlYXRlUGF5bWVudEludGVudC9jLU1CVDBFTlRCdw [none]
[debug] [2026-06-12T03:53:09.224Z] [update-default-us-central1-createCheckoutSessionCallable] Retrying task index 0
[debug] [2026-06-12T03:53:09.224Z] Checked if tokens are valid: true, expires at: 1781239710613
[debug] [2026-06-12T03:53:09.224Z] Checked if tokens are valid: true, expires at: 1781239710613
[debug] [2026-06-12T03:53:09.224Z] >>> [apiv2][query] GET https://cloudfunctions.googleapis.com/v1/operations/d2lmaWNvbnRlbnQtMTQzZGEvdXMtY2VudHJhbDEvY3JlYXRlQ2hlY2tvdXRTZXNzaW9uQ2FsbGFibGUvUUtscU5LTzFndDA [none]
[debug] [2026-06-12T03:53:09.229Z] [update-default-us-central1-createCheckoutSession] Retrying task index 0
[debug] [2026-06-12T03:53:09.229Z] Checked if tokens are valid: true, expires at: 1781239710613
[debug] [2026-06-12T03:53:09.229Z] Checked if tokens are valid: true, expires at: 1781239710613
[debug] [2026-06-12T03:53:09.229Z] >>> [apiv2][query] GET https://cloudfunctions.googleapis.com/v1/operations/d2lmaWNvbnRlbnQtMTQzZGEvdXMtY2VudHJhbDEvY3JlYXRlQ2hlY2tvdXRTZXNzaW9uL3NiUXBZTXVmUXI0 [none]
[debug] [2026-06-12T03:53:09.232Z] [update-default-us-central1-handleStripeWebhook] Retrying task index 0
[debug] [2026-06-12T03:53:09.232Z] Checked if tokens are valid: true, expires at: 1781239710613
[debug] [2026-06-12T03:53:09.232Z] Checked if tokens are valid: true, expires at: 1781239710613
[debug] [2026-06-12T03:53:09.232Z] >>> [apiv2][query] GET https://cloudfunctions.googleapis.com/v1/operations/d2lmaWNvbnRlbnQtMTQzZGEvdXMtY2VudHJhbDEvaGFuZGxlU3RyaXBlV2ViaG9vay9xNlNpUjRhT2dwZw [none]
[debug] [2026-06-12T03:53:09.238Z] <<< [apiv2][status] GET https://cloudfunctions.googleapis.com/v1/operations/d2lmaWNvbnRlbnQtMTQzZGEvdXMtY2VudHJhbDEvZ2V0Q2hlY2tvdXRTZXNzaW9uUmVzdWx0L2pncUhhSmpKV3hj 200
[debug] [2026-06-12T03:53:09.239Z] <<< [apiv2][body] GET https://cloudfunctions.googleapis.com/v1/operations/d2lmaWNvbnRlbnQtMTQzZGEvdXMtY2VudHJhbDEvZ2V0Q2hlY2tvdXRTZXNzaW9uUmVzdWx0L2pncUhhSmpKV3hj {"name":"operations/d2lmaWNvbnRlbnQtMTQzZGEvdXMtY2VudHJhbDEvZ2V0Q2hlY2tvdXRTZXNzaW9uUmVzdWx0L2pncUhhSmpKV3hj","metadata":{"@type":"type.googleapis.com/google.cloud.functions.v1.OperationMetadataV1","target":"projects/wificontent-143da/locations/us-central1/functions/getCheckoutSessionResult","type":"UPDATE_FUNCTION","request":{"@type":"type.googleapis.com/google.cloud.functions.v1.CloudFunction","name":"projects/wificontent-143da/locations/us-central1/functions/getCheckoutSessionResult","httpsTrigger":{"url":"https://us-central1-wificontent-143da.cloudfunctions.net/getCheckoutSessionResult","securityLevel":"SECURE_ALWAYS"},"status":"ACTIVE","entryPoint":"getCheckoutSessionResult","updateTime":"2026-06-04T13:50:39.069Z","versionId":"1","labels":{"deployment-tool":"cli-firebase","deployment-callable":"true","firebase-functions-hash":"16c76575d73ded68adb989e0bab01fa6f6fd5eab"},"sourceUploadUrl":"https://storage.googleapis.com/uploads-692370461028.us-central1.cloudfunctions.appspot.com/4436f6aa-1e4b-40fa-8a94-60d055a1c725.zip?GoogleAccessId=service-158237266758@gcf-admin-robot.iam.gserviceaccount.com&Expires=1781238114&Signature=DkrHjDE%2BbtV6oKS1GQlRcqSOI%2B3VlYtP33tXN3kx%2Fav25M5%2FU3R0TaZubs8hZYXtSqWOv%2BqmoaBPVOTPaS1Ttfhk7LGEG74r6F2blyf%2FEH98MGik0ZfVMIbEIcnTK0tBP1PWAObrpPeJdrVgZvP7vGkQ%2BF0BgVAferQC93xeGbIz1xwySdqJjg94XXTyZOXKlbdSu8UPZxzL%2Br4%2Fn7p%2BZmJv5u6wtwTb6tS4wgGre4774xcNPaszeR5UkBMz85JsD%2FWpzoiFnbJQ4WY2jcWy5QjJlaUeO8R5hgnXqs6tuX8yvWiUU9%2BqFvK5hfuP%2BOPCxIMCKmfy5opSphpUy21zKw%3D%3D","environmentVariables":{"FIREBASE_CONFIG":"{\"projectId\":\"wificontent-143da\",\"databaseURL\":\"https://wificontent-143da-default-rtdb.firebaseio.com\",\"storageBucket\":\"wificontent-143da.firebasestorage.app\"}","GCLOUD_PROJECT":"wificontent-143da","EVENTARC_CLOUD_EVENT_SOURCE":"projects/wificontent-143da/locations/us-central1/functions/getCheckoutSessionResult"},"runtime":"nodejs20","buildId":"c96d8118-30a2-4795-9828-102257e4b186","buildEnvironmentVariables":{"GOOGLE_NODE_RUN_SCRIPTS":""},"secretEnvironmentVariables":[{"key":"STRIPE_SECRET","projectId":"wificontent-143da","secret":"STRIPE_SECRET","version":"1"}],"buildName":"projects/158237266758/locations/us-central1/builds/c96d8118-30a2-4795-9828-102257e4b186","dockerRegistry":"ARTIFACT_REGISTRY","automaticUpdatePolicy":{},"buildServiceAccount":"projects/wificontent-143da/serviceAccounts/158237266758-compute@developer.gserviceaccount.com"},"versionId":"2","updateTime":"2026-06-12T03:52:42Z","buildId":"8bfcb52d-304f-49ce-9ce4-cdbad4f825c2","buildName":"projects/158237266758/locations/us-central1/builds/8bfcb52d-304f-49ce-9ce4-cdbad4f825c2"}}
[debug] [2026-06-12T03:53:09.310Z] [create-default-us-central1-consumeUserBadgeOnPostCreate] Retrying task index 0
[debug] [2026-06-12T03:53:09.310Z] Checked if tokens are valid: true, expires at: 1781239710613
[debug] [2026-06-12T03:53:09.310Z] Checked if tokens are valid: true, expires at: 1781239710613
[debug] [2026-06-12T03:53:09.310Z] >>> [apiv2][query] GET https://cloudfunctions.googleapis.com/v1/operations/cHJvamVjdHMvd2lmaWNvbnRlbnQtMTQzZGEvbG9jYXRpb25zL3VzLWNlbnRyYWwxL29wZXJhdGlvbnMvb3BlcmF0aW9uLTE3ODEyMzYzNjI0NjYtNjU0MDY2OGE1NTVhMS0xYWYzMjY1Yy03ZDljNGEwMg [none]
[debug] [2026-06-12T03:53:09.386Z] <<< [apiv2][status] GET https://cloudfunctions.googleapis.com/v1/operations/d2lmaWNvbnRlbnQtMTQzZGEvdXMtY2VudHJhbDEvY3JlYXRlQ2hlY2tvdXRTZXNzaW9uL3NiUXBZTXVmUXI0 200
[debug] [2026-06-12T03:53:09.386Z] <<< [apiv2][body] GET https://cloudfunctions.googleapis.com/v1/operations/d2lmaWNvbnRlbnQtMTQzZGEvdXMtY2VudHJhbDEvY3JlYXRlQ2hlY2tvdXRTZXNzaW9uL3NiUXBZTXVmUXI0 {"name":"operations/d2lmaWNvbnRlbnQtMTQzZGEvdXMtY2VudHJhbDEvY3JlYXRlQ2hlY2tvdXRTZXNzaW9uL3NiUXBZTXVmUXI0","metadata":{"@type":"type.googleapis.com/google.cloud.functions.v1.OperationMetadataV1","target":"projects/wificontent-143da/locations/us-central1/functions/createCheckoutSession","type":"UPDATE_FUNCTION","request":{"@type":"type.googleapis.com/google.cloud.functions.v1.CloudFunction","name":"projects/wificontent-143da/locations/us-central1/functions/createCheckoutSession","httpsTrigger":{"url":"https://us-central1-wificontent-143da.cloudfunctions.net/createCheckoutSession","securityLevel":"SECURE_ALWAYS"},"status":"ACTIVE","entryPoint":"createCheckoutSession","updateTime":"2026-06-04T13:50:41.855Z","versionId":"1","labels":{"deployment-tool":"cli-firebase","firebase-functions-hash":"16c76575d73ded68adb989e0bab01fa6f6fd5eab"},"sourceUploadUrl":"https://storage.googleapis.com/uploads-692370461028.us-central1.cloudfunctions.appspot.com/4436f6aa-1e4b-40fa-8a94-60d055a1c725.zip?GoogleAccessId=service-158237266758@gcf-admin-robot.iam.gserviceaccount.com&Expires=1781238114&Signature=DkrHjDE%2BbtV6oKS1GQlRcqSOI%2B3VlYtP33tXN3kx%2Fav25M5%2FU3R0TaZubs8hZYXtSqWOv%2BqmoaBPVOTPaS1Ttfhk7LGEG74r6F2blyf%2FEH98MGik0ZfVMIbEIcnTK0tBP1PWAObrpPeJdrVgZvP7vGkQ%2BF0BgVAferQC93xeGbIz1xwySdqJjg94XXTyZOXKlbdSu8UPZxzL%2Br4%2Fn7p%2BZmJv5u6wtwTb6tS4wgGre4774xcNPaszeR5UkBMz85JsD%2FWpzoiFnbJQ4WY2jcWy5QjJlaUeO8R5hgnXqs6tuX8yvWiUU9%2BqFvK5hfuP%2BOPCxIMCKmfy5opSphpUy21zKw%3D%3D","environmentVariables":{"FIREBASE_CONFIG":"{\"projectId\":\"wificontent-143da\",\"databaseURL\":\"https://wificontent-143da-default-rtdb.firebaseio.com\",\"storageBucket\":\"wificontent-143da.firebasestorage.app\"}","GCLOUD_PROJECT":"wificontent-143da","EVENTARC_CLOUD_EVENT_SOURCE":"projects/wificontent-143da/locations/us-central1/functions/createCheckoutSession"},"runtime":"nodejs20","buildId":"c96d8118-30a2-4795-9828-102257e4b186","buildEnvironmentVariables":{"GOOGLE_NODE_RUN_SCRIPTS":""},"secretEnvironmentVariables":[{"key":"STRIPE_SECRET","projectId":"wificontent-143da","secret":"STRIPE_SECRET","version":"1"}],"buildName":"projects/158237266758/locations/us-central1/builds/c96d8118-30a2-4795-9828-102257e4b186","dockerRegistry":"ARTIFACT_REGISTRY","automaticUpdatePolicy":{},"buildServiceAccount":"projects/wificontent-143da/serviceAccounts/158237266758-compute@developer.gserviceaccount.com"},"versionId":"2","updateTime":"2026-06-12T03:52:42Z","buildId":"f6c09e6c-90e6-4102-b67d-9ac3ff7f2175","buildName":"projects/158237266758/locations/us-central1/builds/f6c09e6c-90e6-4102-b67d-9ac3ff7f2175"}}
[debug] [2026-06-12T03:53:09.388Z] <<< [apiv2][status] GET https://cloudfunctions.googleapis.com/v1/operations/d2lmaWNvbnRlbnQtMTQzZGEvdXMtY2VudHJhbDEvY3JlYXRlQ2hlY2tvdXRTZXNzaW9uQ2FsbGFibGUvUUtscU5LTzFndDA 200
[debug] [2026-06-12T03:53:09.388Z] <<< [apiv2][body] GET https://cloudfunctions.googleapis.com/v1/operations/d2lmaWNvbnRlbnQtMTQzZGEvdXMtY2VudHJhbDEvY3JlYXRlQ2hlY2tvdXRTZXNzaW9uQ2FsbGFibGUvUUtscU5LTzFndDA {"name":"operations/d2lmaWNvbnRlbnQtMTQzZGEvdXMtY2VudHJhbDEvY3JlYXRlQ2hlY2tvdXRTZXNzaW9uQ2FsbGFibGUvUUtscU5LTzFndDA","metadata":{"@type":"type.googleapis.com/google.cloud.functions.v1.OperationMetadataV1","target":"projects/wificontent-143da/locations/us-central1/functions/createCheckoutSessionCallable","type":"UPDATE_FUNCTION","request":{"@type":"type.googleapis.com/google.cloud.functions.v1.CloudFunction","name":"projects/wificontent-143da/locations/us-central1/functions/createCheckoutSessionCallable","httpsTrigger":{"url":"https://us-central1-wificontent-143da.cloudfunctions.net/createCheckoutSessionCallable","securityLevel":"SECURE_ALWAYS"},"status":"ACTIVE","entryPoint":"createCheckoutSessionCallable","updateTime":"2026-06-04T13:50:38.804Z","versionId":"1","labels":{"deployment-tool":"cli-firebase","deployment-callable":"true","firebase-functions-hash":"16c76575d73ded68adb989e0bab01fa6f6fd5eab"},"sourceUploadUrl":"https://storage.googleapis.com/uploads-692370461028.us-central1.cloudfunctions.appspot.com/4436f6aa-1e4b-40fa-8a94-60d055a1c725.zip?GoogleAccessId=service-158237266758@gcf-admin-robot.iam.gserviceaccount.com&Expires=1781238114&Signature=DkrHjDE%2BbtV6oKS1GQlRcqSOI%2B3VlYtP33tXN3kx%2Fav25M5%2FU3R0TaZubs8hZYXtSqWOv%2BqmoaBPVOTPaS1Ttfhk7LGEG74r6F2blyf%2FEH98MGik0ZfVMIbEIcnTK0tBP1PWAObrpPeJdrVgZvP7vGkQ%2BF0BgVAferQC93xeGbIz1xwySdqJjg94XXTyZOXKlbdSu8UPZxzL%2Br4%2Fn7p%2BZmJv5u6wtwTb6tS4wgGre4774xcNPaszeR5UkBMz85JsD%2FWpzoiFnbJQ4WY2jcWy5QjJlaUeO8R5hgnXqs6tuX8yvWiUU9%2BqFvK5hfuP%2BOPCxIMCKmfy5opSphpUy21zKw%3D%3D","environmentVariables":{"FIREBASE_CONFIG":"{\"projectId\":\"wificontent-143da\",\"databaseURL\":\"https://wificontent-143da-default-rtdb.firebaseio.com\",\"storageBucket\":\"wificontent-143da.firebasestorage.app\"}","GCLOUD_PROJECT":"wificontent-143da","EVENTARC_CLOUD_EVENT_SOURCE":"projects/wificontent-143da/locations/us-central1/functions/createCheckoutSessionCallable"},"runtime":"nodejs20","buildId":"c96d8118-30a2-4795-9828-102257e4b186","buildEnvironmentVariables":{"GOOGLE_NODE_RUN_SCRIPTS":""},"secretEnvironmentVariables":[{"key":"STRIPE_SECRET","projectId":"wificontent-143da","secret":"STRIPE_SECRET","version":"1"}],"buildName":"projects/158237266758/locations/us-central1/builds/c96d8118-30a2-4795-9828-102257e4b186","dockerRegistry":"ARTIFACT_REGISTRY","automaticUpdatePolicy":{},"buildServiceAccount":"projects/wificontent-143da/serviceAccounts/158237266758-compute@developer.gserviceaccount.com"},"versionId":"2","updateTime":"2026-06-12T03:52:42Z","buildId":"b45365b0-0f84-4b0d-9500-d7f3befbf42b","buildName":"projects/158237266758/locations/us-central1/builds/b45365b0-0f84-4b0d-9500-d7f3befbf42b"}}
[debug] [2026-06-12T03:53:09.388Z] <<< [apiv2][status] GET https://cloudfunctions.googleapis.com/v1/operations/d2lmaWNvbnRlbnQtMTQzZGEvdXMtY2VudHJhbDEvYXBpL1BuQ0xkYTZQNXZJ 200
[debug] [2026-06-12T03:53:09.388Z] <<< [apiv2][body] GET https://cloudfunctions.googleapis.com/v1/operations/d2lmaWNvbnRlbnQtMTQzZGEvdXMtY2VudHJhbDEvYXBpL1BuQ0xkYTZQNXZJ {"name":"operations/d2lmaWNvbnRlbnQtMTQzZGEvdXMtY2VudHJhbDEvYXBpL1BuQ0xkYTZQNXZJ","metadata":{"@type":"type.googleapis.com/google.cloud.functions.v1.OperationMetadataV1","target":"projects/wificontent-143da/locations/us-central1/functions/api","type":"UPDATE_FUNCTION","request":{"@type":"type.googleapis.com/google.cloud.functions.v1.CloudFunction","name":"projects/wificontent-143da/locations/us-central1/functions/api","httpsTrigger":{"url":"https://us-central1-wificontent-143da.cloudfunctions.net/api","securityLevel":"SECURE_ALWAYS"},"status":"OFFLINE","entryPoint":"api","updateTime":"2026-06-12T03:49:15.397Z","versionId":"1","labels":{"deployment-tool":"cli-firebase","firebase-functions-hash":"f04f99181a37ddd0deea7a83159d393e6ce5c944"},"sourceUploadUrl":"https://storage.googleapis.com/uploads-692370461028.us-central1.cloudfunctions.appspot.com/4436f6aa-1e4b-40fa-8a94-60d055a1c725.zip?GoogleAccessId=service-158237266758@gcf-admin-robot.iam.gserviceaccount.com&Expires=1781238114&Signature=DkrHjDE%2BbtV6oKS1GQlRcqSOI%2B3VlYtP33tXN3kx%2Fav25M5%2FU3R0TaZubs8hZYXtSqWOv%2BqmoaBPVOTPaS1Ttfhk7LGEG74r6F2blyf%2FEH98MGik0ZfVMIbEIcnTK0tBP1PWAObrpPeJdrVgZvP7vGkQ%2BF0BgVAferQC93xeGbIz1xwySdqJjg94XXTyZOXKlbdSu8UPZxzL%2Br4%2Fn7p%2BZmJv5u6wtwTb6tS4wgGre4774xcNPaszeR5UkBMz85JsD%2FWpzoiFnbJQ4WY2jcWy5QjJlaUeO8R5hgnXqs6tuX8yvWiUU9%2BqFvK5hfuP%2BOPCxIMCKmfy5opSphpUy21zKw%3D%3D","environmentVariables":{"FIREBASE_CONFIG":"{\"projectId\":\"wificontent-143da\",\"databaseURL\":\"https://wificontent-143da-default-rtdb.firebaseio.com\",\"storageBucket\":\"wificontent-143da.firebasestorage.app\"}","GCLOUD_PROJECT":"wificontent-143da","EVENTARC_CLOUD_EVENT_SOURCE":"projects/wificontent-143da/locations/us-central1/functions/api"},"runtime":"nodejs20","buildId":"b32c4fc2-9b93-4a4a-b7b3-6aaa45fe553c","buildEnvironmentVariables":{"GOOGLE_NODE_RUN_SCRIPTS":""},"buildName":"projects/158237266758/locations/us-central1/builds/b32c4fc2-9b93-4a4a-b7b3-6aaa45fe553c","dockerRegistry":"ARTIFACT_REGISTRY","automaticUpdatePolicy":{},"buildServiceAccount":"projects/wificontent-143da/serviceAccounts/158237266758-compute@developer.gserviceaccount.com"},"versionId":"2","updateTime":"2026-06-12T03:52:42Z","buildId":"1d5bf482-31ee-49ff-b691-76933389bcd0","buildName":"projects/158237266758/locations/us-central1/builds/1d5bf482-31ee-49ff-b691-76933389bcd0"}}
[debug] [2026-06-12T03:53:09.393Z] <<< [apiv2][status] GET https://cloudfunctions.googleapis.com/v1/operations/d2lmaWNvbnRlbnQtMTQzZGEvdXMtY2VudHJhbDEvaGFuZGxlU3RyaXBlV2ViaG9vay9xNlNpUjRhT2dwZw 200
[debug] [2026-06-12T03:53:09.393Z] <<< [apiv2][body] GET https://cloudfunctions.googleapis.com/v1/operations/d2lmaWNvbnRlbnQtMTQzZGEvdXMtY2VudHJhbDEvaGFuZGxlU3RyaXBlV2ViaG9vay9xNlNpUjRhT2dwZw {"name":"operations/d2lmaWNvbnRlbnQtMTQzZGEvdXMtY2VudHJhbDEvaGFuZGxlU3RyaXBlV2ViaG9vay9xNlNpUjRhT2dwZw","metadata":{"@type":"type.googleapis.com/google.cloud.functions.v1.OperationMetadataV1","target":"projects/wificontent-143da/locations/us-central1/functions/handleStripeWebhook","type":"UPDATE_FUNCTION","request":{"@type":"type.googleapis.com/google.cloud.functions.v1.CloudFunction","name":"projects/wificontent-143da/locations/us-central1/functions/handleStripeWebhook","httpsTrigger":{"url":"https://us-central1-wificontent-143da.cloudfunctions.net/handleStripeWebhook","securityLevel":"SECURE_ALWAYS"},"status":"ACTIVE","entryPoint":"handleStripeWebhook","updateTime":"2026-06-04T14:26:15.472Z","versionId":"3","labels":{"deployment-tool":"cli-firebase","firebase-functions-hash":"823af96df830f3f75c86b6355a997e6cb543b5fa"},"sourceUploadUrl":"https://storage.googleapis.com/uploads-692370461028.us-central1.cloudfunctions.appspot.com/4436f6aa-1e4b-40fa-8a94-60d055a1c725.zip?GoogleAccessId=service-158237266758@gcf-admin-robot.iam.gserviceaccount.com&Expires=1781238114&Signature=DkrHjDE%2BbtV6oKS1GQlRcqSOI%2B3VlYtP33tXN3kx%2Fav25M5%2FU3R0TaZubs8hZYXtSqWOv%2BqmoaBPVOTPaS1Ttfhk7LGEG74r6F2blyf%2FEH98MGik0ZfVMIbEIcnTK0tBP1PWAObrpPeJdrVgZvP7vGkQ%2BF0BgVAferQC93xeGbIz1xwySdqJjg94XXTyZOXKlbdSu8UPZxzL%2Br4%2Fn7p%2BZmJv5u6wtwTb6tS4wgGre4774xcNPaszeR5UkBMz85JsD%2FWpzoiFnbJQ4WY2jcWy5QjJlaUeO8R5hgnXqs6tuX8yvWiUU9%2BqFvK5hfuP%2BOPCxIMCKmfy5opSphpUy21zKw%3D%3D","environmentVariables":{"FIREBASE_CONFIG":"{\"projectId\":\"wificontent-143da\",\"databaseURL\":\"https://wificontent-143da-default-rtdb.firebaseio.com\",\"storageBucket\":\"wificontent-143da.firebasestorage.app\"}","GCLOUD_PROJECT":"wificontent-143da","EVENTARC_CLOUD_EVENT_SOURCE":"projects/wificontent-143da/locations/us-central1/functions/handleStripeWebhook"},"runtime":"nodejs20","buildId":"99ab3ad8-6f35-417c-8dbe-866afa72bb84","buildEnvironmentVariables":{"GOOGLE_NODE_RUN_SCRIPTS":""},"secretEnvironmentVariables":[{"key":"STRIPE_SECRET","projectId":"wificontent-143da","secret":"STRIPE_SECRET","version":"1"},{"key":"STRIPE_WEBHOOK_SECRET","projectId":"wificontent-143da","secret":"STRIPE_WEBHOOK_SECRET","version":"1"}],"buildName":"projects/158237266758/locations/us-central1/builds/99ab3ad8-6f35-417c-8dbe-866afa72bb84","dockerRegistry":"ARTIFACT_REGISTRY","automaticUpdatePolicy":{},"buildServiceAccount":"projects/wificontent-143da/serviceAccounts/158237266758-compute@developer.gserviceaccount.com"},"versionId":"4","updateTime":"2026-06-12T03:52:42Z","buildId":"51ffc6b3-cca4-4ad4-963c-863b3cd293d1","buildName":"projects/158237266758/locations/us-central1/builds/51ffc6b3-cca4-4ad4-963c-863b3cd293d1"}}
[debug] [2026-06-12T03:53:09.424Z] <<< [apiv2][status] GET https://cloudfunctions.googleapis.com/v1/operations/d2lmaWNvbnRlbnQtMTQzZGEvdXMtY2VudHJhbDEvY3JlYXRlUGF5bWVudEludGVudC9jLU1CVDBFTlRCdw 200
[debug] [2026-06-12T03:53:09.424Z] <<< [apiv2][body] GET https://cloudfunctions.googleapis.com/v1/operations/d2lmaWNvbnRlbnQtMTQzZGEvdXMtY2VudHJhbDEvY3JlYXRlUGF5bWVudEludGVudC9jLU1CVDBFTlRCdw {"name":"operations/d2lmaWNvbnRlbnQtMTQzZGEvdXMtY2VudHJhbDEvY3JlYXRlUGF5bWVudEludGVudC9jLU1CVDBFTlRCdw","metadata":{"@type":"type.googleapis.com/google.cloud.functions.v1.OperationMetadataV1","target":"projects/wificontent-143da/locations/us-central1/functions/createPaymentIntent","type":"UPDATE_FUNCTION","request":{"@type":"type.googleapis.com/google.cloud.functions.v1.CloudFunction","name":"projects/wificontent-143da/locations/us-central1/functions/createPaymentIntent","httpsTrigger":{"url":"https://us-central1-wificontent-143da.cloudfunctions.net/createPaymentIntent","securityLevel":"SECURE_ALWAYS"},"status":"ACTIVE","entryPoint":"createPaymentIntent","updateTime":"2026-06-04T14:26:15.364Z","versionId":"2","labels":{"deployment-tool":"cli-firebase","deployment-callable":"true","firebase-functions-hash":"16c76575d73ded68adb989e0bab01fa6f6fd5eab"},"sourceUploadUrl":"https://storage.googleapis.com/uploads-692370461028.us-central1.cloudfunctions.appspot.com/4436f6aa-1e4b-40fa-8a94-60d055a1c725.zip?GoogleAccessId=service-158237266758@gcf-admin-robot.iam.gserviceaccount.com&Expires=1781238114&Signature=DkrHjDE%2BbtV6oKS1GQlRcqSOI%2B3VlYtP33tXN3kx%2Fav25M5%2FU3R0TaZubs8hZYXtSqWOv%2BqmoaBPVOTPaS1Ttfhk7LGEG74r6F2blyf%2FEH98MGik0ZfVMIbEIcnTK0tBP1PWAObrpPeJdrVgZvP7vGkQ%2BF0BgVAferQC93xeGbIz1xwySdqJjg94XXTyZOXKlbdSu8UPZxzL%2Br4%2Fn7p%2BZmJv5u6wtwTb6tS4wgGre4774xcNPaszeR5UkBMz85JsD%2FWpzoiFnbJQ4WY2jcWy5QjJlaUeO8R5hgnXqs6tuX8yvWiUU9%2BqFvK5hfuP%2BOPCxIMCKmfy5opSphpUy21zKw%3D%3D","environmentVariables":{"FIREBASE_CONFIG":"{\"projectId\":\"wificontent-143da\",\"databaseURL\":\"https://wificontent-143da-default-rtdb.firebaseio.com\",\"storageBucket\":\"wificontent-143da.firebasestorage.app\"}","GCLOUD_PROJECT":"wificontent-143da","EVENTARC_CLOUD_EVENT_SOURCE":"projects/wificontent-143da/locations/us-central1/functions/createPaymentIntent"},"runtime":"nodejs20","buildId":"99ab3ad8-6f35-417c-8dbe-866afa72bb84","buildEnvironmentVariables":{"GOOGLE_NODE_RUN_SCRIPTS":""},"secretEnvironmentVariables":[{"key":"STRIPE_SECRET","projectId":"wificontent-143da","secret":"STRIPE_SECRET","version":"1"}],"buildName":"projects/158237266758/locations/us-central1/builds/99ab3ad8-6f35-417c-8dbe-866afa72bb84","dockerRegistry":"ARTIFACT_REGISTRY","automaticUpdatePolicy":{},"buildServiceAccount":"projects/wificontent-143da/serviceAccounts/158237266758-compute@developer.gserviceaccount.com"},"versionId":"3","updateTime":"2026-06-12T03:52:42Z","buildId":"a94af4a3-b0aa-411b-a088-c97ea8ff8ffe","buildName":"projects/158237266758/locations/us-central1/builds/a94af4a3-b0aa-411b-a088-c97ea8ff8ffe"}}
[debug] [2026-06-12T03:53:09.429Z] [create-default-us-central1-cleanBadgesOnContentRemoval] Retrying task index 0
[debug] [2026-06-12T03:53:09.429Z] Checked if tokens are valid: true, expires at: 1781239710613
[debug] [2026-06-12T03:53:09.429Z] Checked if tokens are valid: true, expires at: 1781239710613
[debug] [2026-06-12T03:53:09.430Z] >>> [apiv2][query] GET https://cloudfunctions.googleapis.com/v1/operations/cHJvamVjdHMvd2lmaWNvbnRlbnQtMTQzZGEvbG9jYXRpb25zL3VzLWNlbnRyYWwxL29wZXJhdGlvbnMvb3BlcmF0aW9uLTE3ODEyMzYzNjI0NjctNjU0MDY2OGE1NTg2MS03NTQwODhmNC1mZGJhZWU0Yw [none]
[debug] [2026-06-12T03:53:09.430Z] [create-default-us-central1-postMetricsAggregator] Retrying task index 0
[debug] [2026-06-12T03:53:09.430Z] Checked if tokens are valid: true, expires at: 1781239710613
[debug] [2026-06-12T03:53:09.430Z] Checked if tokens are valid: true, expires at: 1781239710613
[debug] [2026-06-12T03:53:09.430Z] >>> [apiv2][query] GET https://cloudfunctions.googleapis.com/v1/operations/cHJvamVjdHMvd2lmaWNvbnRlbnQtMTQzZGEvbG9jYXRpb25zL3VzLWNlbnRyYWwxL29wZXJhdGlvbnMvb3BlcmF0aW9uLTE3ODEyMzYzNjI0NTEtNjU0MDY2OGE1MWI1NC1lNjE5ODVkOC01ODQxODNkNA [none]
[debug] [2026-06-12T03:53:09.495Z] <<< [apiv2][status] GET https://cloudfunctions.googleapis.com/v1/operations/cHJvamVjdHMvd2lmaWNvbnRlbnQtMTQzZGEvbG9jYXRpb25zL3VzLWNlbnRyYWwxL29wZXJhdGlvbnMvb3BlcmF0aW9uLTE3ODEyMzYzNjI0NjYtNjU0MDY2OGE1NTVhMS0xYWYzMjY1Yy03ZDljNGEwMg 200
[debug] [2026-06-12T03:53:09.495Z] <<< [apiv2][body] GET https://cloudfunctions.googleapis.com/v1/operations/cHJvamVjdHMvd2lmaWNvbnRlbnQtMTQzZGEvbG9jYXRpb25zL3VzLWNlbnRyYWwxL29wZXJhdGlvbnMvb3BlcmF0aW9uLTE3ODEyMzYzNjI0NjYtNjU0MDY2OGE1NTVhMS0xYWYzMjY1Yy03ZDljNGEwMg {"name":"operations/cHJvamVjdHMvd2lmaWNvbnRlbnQtMTQzZGEvbG9jYXRpb25zL3VzLWNlbnRyYWwxL29wZXJhdGlvbnMvb3BlcmF0aW9uLTE3ODEyMzYzNjI0NjYtNjU0MDY2OGE1NTVhMS0xYWYzMjY1Yy03ZDljNGEwMg","metadata":{"@type":"type.googleapis.com/google.cloud.functions.v1.OperationMetadataV1","target":"projects/wificontent-143da/locations/us-central1/functions/consumeUserBadgeOnPostCreate","type":"CREATE_FUNCTION","request":{"@type":"type.googleapis.com/google.cloud.functions.v1.CloudFunction","name":"projects/wificontent-143da/locations/us-central1/functions/consumeUserBadgeOnPostCreate","eventTrigger":{"eventType":"providers/google.firebase.database/eventTypes/ref.create","resource":"projects/_/instances/wificontent-143da-default-rtdb/refs/posts/{postId}","failurePolicy":{}},"entryPoint":"consumeUserBadgeOnPostCreate","updateTime":"1970-01-01T00:00:00Z","labels":{"deployment-tool":"cli-firebase","firebase-functions-hash":"f04f99181a37ddd0deea7a83159d393e6ce5c944"},"sourceUploadUrl":"https://storage.googleapis.com/uploads-692370461028.us-central1.cloudfunctions.appspot.com/4436f6aa-1e4b-40fa-8a94-60d055a1c725.zip?GoogleAccessId=service-158237266758@gcf-admin-robot.iam.gserviceaccount.com&Expires=1781238114&Signature=DkrHjDE%2BbtV6oKS1GQlRcqSOI%2B3VlYtP33tXN3kx%2Fav25M5%2FU3R0TaZubs8hZYXtSqWOv%2BqmoaBPVOTPaS1Ttfhk7LGEG74r6F2blyf%2FEH98MGik0ZfVMIbEIcnTK0tBP1PWAObrpPeJdrVgZvP7vGkQ%2BF0BgVAferQC93xeGbIz1xwySdqJjg94XXTyZOXKlbdSu8UPZxzL%2Br4%2Fn7p%2BZmJv5u6wtwTb6tS4wgGre4774xcNPaszeR5UkBMz85JsD%2FWpzoiFnbJQ4WY2jcWy5QjJlaUeO8R5hgnXqs6tuX8yvWiUU9%2BqFvK5hfuP%2BOPCxIMCKmfy5opSphpUy21zKw%3D%3D","environmentVariables":{"FIREBASE_CONFIG":"{\"projectId\":\"wificontent-143da\",\"databaseURL\":\"https://wificontent-143da-default-rtdb.firebaseio.com\",\"storageBucket\":\"wificontent-143da.firebasestorage.app\"}","GCLOUD_PROJECT":"wificontent-143da","EVENTARC_CLOUD_EVENT_SOURCE":"projects/wificontent-143da/locations/us-central1/functions/consumeUserBadgeOnPostCreate"},"runtime":"nodejs20","buildEnvironmentVariables":{"GOOGLE_NODE_RUN_SCRIPTS":""},"dockerRegistry":"ARTIFACT_REGISTRY"},"versionId":"1","updateTime":"2026-06-12T03:52:42.866366829Z","buildId":"3e0b2707-aedf-4657-bb3b-16b33c30c61b","buildName":"projects/158237266758/locations/us-central1/builds/3e0b2707-aedf-4657-bb3b-16b33c30c61b"}}
[debug] [2026-06-12T03:53:09.546Z] <<< [apiv2][status] GET https://cloudfunctions.googleapis.com/v1/operations/cHJvamVjdHMvd2lmaWNvbnRlbnQtMTQzZGEvbG9jYXRpb25zL3VzLWNlbnRyYWwxL29wZXJhdGlvbnMvb3BlcmF0aW9uLTE3ODEyMzYzNjI0NTEtNjU0MDY2OGE1MWI1NC1lNjE5ODVkOC01ODQxODNkNA 200
[debug] [2026-06-12T03:53:09.546Z] <<< [apiv2][body] GET https://cloudfunctions.googleapis.com/v1/operations/cHJvamVjdHMvd2lmaWNvbnRlbnQtMTQzZGEvbG9jYXRpb25zL3VzLWNlbnRyYWwxL29wZXJhdGlvbnMvb3BlcmF0aW9uLTE3ODEyMzYzNjI0NTEtNjU0MDY2OGE1MWI1NC1lNjE5ODVkOC01ODQxODNkNA {"name":"operations/cHJvamVjdHMvd2lmaWNvbnRlbnQtMTQzZGEvbG9jYXRpb25zL3VzLWNlbnRyYWwxL29wZXJhdGlvbnMvb3BlcmF0aW9uLTE3ODEyMzYzNjI0NTEtNjU0MDY2OGE1MWI1NC1lNjE5ODVkOC01ODQxODNkNA","metadata":{"@type":"type.googleapis.com/google.cloud.functions.v1.OperationMetadataV1","target":"projects/wificontent-143da/locations/us-central1/functions/postMetricsAggregator","type":"CREATE_FUNCTION","request":{"@type":"type.googleapis.com/google.cloud.functions.v1.CloudFunction","name":"projects/wificontent-143da/locations/us-central1/functions/postMetricsAggregator","eventTrigger":{"eventType":"providers/google.firebase.database/eventTypes/ref.create","resource":"projects/_/instances/wificontent-143da-default-rtdb/refs/posts/{postId}","failurePolicy":{}},"entryPoint":"postMetricsAggregator","updateTime":"1970-01-01T00:00:00Z","labels":{"deployment-tool":"cli-firebase","firebase-functions-hash":"f04f99181a37ddd0deea7a83159d393e6ce5c944"},"sourceUploadUrl":"https://storage.googleapis.com/uploads-692370461028.us-central1.cloudfunctions.appspot.com/4436f6aa-1e4b-40fa-8a94-60d055a1c725.zip?GoogleAccessId=service-158237266758@gcf-admin-robot.iam.gserviceaccount.com&Expires=1781238114&Signature=DkrHjDE%2BbtV6oKS1GQlRcqSOI%2B3VlYtP33tXN3kx%2Fav25M5%2FU3R0TaZubs8hZYXtSqWOv%2BqmoaBPVOTPaS1Ttfhk7LGEG74r6F2blyf%2FEH98MGik0ZfVMIbEIcnTK0tBP1PWAObrpPeJdrVgZvP7vGkQ%2BF0BgVAferQC93xeGbIz1xwySdqJjg94XXTyZOXKlbdSu8UPZxzL%2Br4%2Fn7p%2BZmJv5u6wtwTb6tS4wgGre4774xcNPaszeR5UkBMz85JsD%2FWpzoiFnbJQ4WY2jcWy5QjJlaUeO8R5hgnXqs6tuX8yvWiUU9%2BqFvK5hfuP%2BOPCxIMCKmfy5opSphpUy21zKw%3D%3D","environmentVariables":{"FIREBASE_CONFIG":"{\"projectId\":\"wificontent-143da\",\"databaseURL\":\"https://wificontent-143da-default-rtdb.firebaseio.com\",\"storageBucket\":\"wificontent-143da.firebasestorage.app\"}","GCLOUD_PROJECT":"wificontent-143da","EVENTARC_CLOUD_EVENT_SOURCE":"projects/wificontent-143da/locations/us-central1/functions/postMetricsAggregator"},"runtime":"nodejs20","buildEnvironmentVariables":{"GOOGLE_NODE_RUN_SCRIPTS":""},"dockerRegistry":"ARTIFACT_REGISTRY"},"versionId":"1","updateTime":"2026-06-12T03:52:42.823060493Z","buildId":"48fd65e5-179a-459d-a63e-946041d8b683","buildName":"projects/158237266758/locations/us-central1/builds/48fd65e5-179a-459d-a63e-946041d8b683"}}
[debug] [2026-06-12T03:53:09.563Z] <<< [apiv2][status] GET https://cloudfunctions.googleapis.com/v1/operations/cHJvamVjdHMvd2lmaWNvbnRlbnQtMTQzZGEvbG9jYXRpb25zL3VzLWNlbnRyYWwxL29wZXJhdGlvbnMvb3BlcmF0aW9uLTE3ODEyMzYzNjI0NjctNjU0MDY2OGE1NTg2MS03NTQwODhmNC1mZGJhZWU0Yw 200
[debug] [2026-06-12T03:53:09.563Z] <<< [apiv2][body] GET https://cloudfunctions.googleapis.com/v1/operations/cHJvamVjdHMvd2lmaWNvbnRlbnQtMTQzZGEvbG9jYXRpb25zL3VzLWNlbnRyYWwxL29wZXJhdGlvbnMvb3BlcmF0aW9uLTE3ODEyMzYzNjI0NjctNjU0MDY2OGE1NTg2MS03NTQwODhmNC1mZGJhZWU0Yw {"name":"operations/cHJvamVjdHMvd2lmaWNvbnRlbnQtMTQzZGEvbG9jYXRpb25zL3VzLWNlbnRyYWwxL29wZXJhdGlvbnMvb3BlcmF0aW9uLTE3ODEyMzYzNjI0NjctNjU0MDY2OGE1NTg2MS03NTQwODhmNC1mZGJhZWU0Yw","metadata":{"@type":"type.googleapis.com/google.cloud.functions.v1.OperationMetadataV1","target":"projects/wificontent-143da/locations/us-central1/functions/cleanBadgesOnContentRemoval","type":"CREATE_FUNCTION","request":{"@type":"type.googleapis.com/google.cloud.functions.v1.CloudFunction","name":"projects/wificontent-143da/locations/us-central1/functions/cleanBadgesOnContentRemoval","eventTrigger":{"eventType":"providers/google.firebase.database/eventTypes/ref.write","resource":"projects/_/instances/wificontent-143da-default-rtdb/refs/posts/{postId}/content","failurePolicy":{}},"entryPoint":"cleanBadgesOnContentRemoval","updateTime":"1970-01-01T00:00:00Z","labels":{"deployment-tool":"cli-firebase","firebase-functions-hash":"f04f99181a37ddd0deea7a83159d393e6ce5c944"},"sourceUploadUrl":"https://storage.googleapis.com/uploads-692370461028.us-central1.cloudfunctions.appspot.com/4436f6aa-1e4b-40fa-8a94-60d055a1c725.zip?GoogleAccessId=service-158237266758@gcf-admin-robot.iam.gserviceaccount.com&Expires=1781238114&Signature=DkrHjDE%2BbtV6oKS1GQlRcqSOI%2B3VlYtP33tXN3kx%2Fav25M5%2FU3R0TaZubs8hZYXtSqWOv%2BqmoaBPVOTPaS1Ttfhk7LGEG74r6F2blyf%2FEH98MGik0ZfVMIbEIcnTK0tBP1PWAObrpPeJdrVgZvP7vGkQ%2BF0BgVAferQC93xeGbIz1xwySdqJjg94XXTyZOXKlbdSu8UPZxzL%2Br4%2Fn7p%2BZmJv5u6wtwTb6tS4wgGre4774xcNPaszeR5UkBMz85JsD%2FWpzoiFnbJQ4WY2jcWy5QjJlaUeO8R5hgnXqs6tuX8yvWiUU9%2BqFvK5hfuP%2BOPCxIMCKmfy5opSphpUy21zKw%3D%3D","environmentVariables":{"FIREBASE_CONFIG":"{\"projectId\":\"wificontent-143da\",\"databaseURL\":\"https://wificontent-143da-default-rtdb.firebaseio.com\",\"storageBucket\":\"wificontent-143da.firebasestorage.app\"}","GCLOUD_PROJECT":"wificontent-143da","EVENTARC_CLOUD_EVENT_SOURCE":"projects/wificontent-143da/locations/us-central1/functions/cleanBadgesOnContentRemoval"},"runtime":"nodejs20","buildEnvironmentVariables":{"GOOGLE_NODE_RUN_SCRIPTS":""},"dockerRegistry":"ARTIFACT_REGISTRY"},"versionId":"1","updateTime":"2026-06-12T03:52:42.839839353Z","buildId":"85d474bb-49b2-4250-9c74-9e85b7b88383","buildName":"projects/158237266758/locations/us-central1/builds/85d474bb-49b2-4250-9c74-9e85b7b88383"}}
[debug] [2026-06-12T03:53:19.239Z] [update-default-us-central1-getCheckoutSessionResult] Retrying task index 0
[debug] [2026-06-12T03:53:19.241Z] Checked if tokens are valid: true, expires at: 1781239710613
[debug] [2026-06-12T03:53:19.241Z] Checked if tokens are valid: true, expires at: 1781239710613
[debug] [2026-06-12T03:53:19.241Z] >>> [apiv2][query] GET https://cloudfunctions.googleapis.com/v1/operations/d2lmaWNvbnRlbnQtMTQzZGEvdXMtY2VudHJhbDEvZ2V0Q2hlY2tvdXRTZXNzaW9uUmVzdWx0L2pncUhhSmpKV3hj [none]
[debug] [2026-06-12T03:53:19.387Z] [update-default-us-central1-createCheckoutSession] Retrying task index 0
[debug] [2026-06-12T03:53:19.387Z] Checked if tokens are valid: true, expires at: 1781239710613
[debug] [2026-06-12T03:53:19.387Z] Checked if tokens are valid: true, expires at: 1781239710613
[debug] [2026-06-12T03:53:19.387Z] >>> [apiv2][query] GET https://cloudfunctions.googleapis.com/v1/operations/d2lmaWNvbnRlbnQtMTQzZGEvdXMtY2VudHJhbDEvY3JlYXRlQ2hlY2tvdXRTZXNzaW9uL3NiUXBZTXVmUXI0 [none]
[debug] [2026-06-12T03:53:19.389Z] [update-default-us-central1-createCheckoutSessionCallable] Retrying task index 0
[debug] [2026-06-12T03:53:19.389Z] Checked if tokens are valid: true, expires at: 1781239710613
[debug] [2026-06-12T03:53:19.389Z] Checked if tokens are valid: true, expires at: 1781239710613
[debug] [2026-06-12T03:53:19.389Z] >>> [apiv2][query] GET https://cloudfunctions.googleapis.com/v1/operations/d2lmaWNvbnRlbnQtMTQzZGEvdXMtY2VudHJhbDEvY3JlYXRlQ2hlY2tvdXRTZXNzaW9uQ2FsbGFibGUvUUtscU5LTzFndDA [none]
[debug] [2026-06-12T03:53:19.390Z] [update-default-us-central1-api] Retrying task index 0
[debug] [2026-06-12T03:53:19.391Z] Checked if tokens are valid: true, expires at: 1781239710613
[debug] [2026-06-12T03:53:19.391Z] Checked if tokens are valid: true, expires at: 1781239710613
[debug] [2026-06-12T03:53:19.391Z] >>> [apiv2][query] GET https://cloudfunctions.googleapis.com/v1/operations/d2lmaWNvbnRlbnQtMTQzZGEvdXMtY2VudHJhbDEvYXBpL1BuQ0xkYTZQNXZJ [none]
[debug] [2026-06-12T03:53:19.394Z] [update-default-us-central1-handleStripeWebhook] Retrying task index 0
[debug] [2026-06-12T03:53:19.394Z] Checked if tokens are valid: true, expires at: 1781239710613
[debug] [2026-06-12T03:53:19.394Z] Checked if tokens are valid: true, expires at: 1781239710613
[debug] [2026-06-12T03:53:19.394Z] >>> [apiv2][query] GET https://cloudfunctions.googleapis.com/v1/operations/d2lmaWNvbnRlbnQtMTQzZGEvdXMtY2VudHJhbDEvaGFuZGxlU3RyaXBlV2ViaG9vay9xNlNpUjRhT2dwZw [none]
[debug] [2026-06-12T03:53:19.426Z] [update-default-us-central1-createPaymentIntent] Retrying task index 0
[debug] [2026-06-12T03:53:19.426Z] Checked if tokens are valid: true, expires at: 1781239710613
[debug] [2026-06-12T03:53:19.426Z] Checked if tokens are valid: true, expires at: 1781239710613
[debug] [2026-06-12T03:53:19.426Z] >>> [apiv2][query] GET https://cloudfunctions.googleapis.com/v1/operations/d2lmaWNvbnRlbnQtMTQzZGEvdXMtY2VudHJhbDEvY3JlYXRlUGF5bWVudEludGVudC9jLU1CVDBFTlRCdw [none]
[debug] [2026-06-12T03:53:19.493Z] <<< [apiv2][status] GET https://cloudfunctions.googleapis.com/v1/operations/d2lmaWNvbnRlbnQtMTQzZGEvdXMtY2VudHJhbDEvZ2V0Q2hlY2tvdXRTZXNzaW9uUmVzdWx0L2pncUhhSmpKV3hj 200
[debug] [2026-06-12T03:53:19.493Z] <<< [apiv2][body] GET https://cloudfunctions.googleapis.com/v1/operations/d2lmaWNvbnRlbnQtMTQzZGEvdXMtY2VudHJhbDEvZ2V0Q2hlY2tvdXRTZXNzaW9uUmVzdWx0L2pncUhhSmpKV3hj {"name":"operations/d2lmaWNvbnRlbnQtMTQzZGEvdXMtY2VudHJhbDEvZ2V0Q2hlY2tvdXRTZXNzaW9uUmVzdWx0L2pncUhhSmpKV3hj","metadata":{"@type":"type.googleapis.com/google.cloud.functions.v1.OperationMetadataV1","target":"projects/wificontent-143da/locations/us-central1/functions/getCheckoutSessionResult","type":"UPDATE_FUNCTION","request":{"@type":"type.googleapis.com/google.cloud.functions.v1.CloudFunction","name":"projects/wificontent-143da/locations/us-central1/functions/getCheckoutSessionResult","httpsTrigger":{"url":"https://us-central1-wificontent-143da.cloudfunctions.net/getCheckoutSessionResult","securityLevel":"SECURE_ALWAYS"},"status":"ACTIVE","entryPoint":"getCheckoutSessionResult","updateTime":"2026-06-04T13:50:39.069Z","versionId":"1","labels":{"deployment-tool":"cli-firebase","deployment-callable":"true","firebase-functions-hash":"16c76575d73ded68adb989e0bab01fa6f6fd5eab"},"sourceUploadUrl":"https://storage.googleapis.com/uploads-692370461028.us-central1.cloudfunctions.appspot.com/4436f6aa-1e4b-40fa-8a94-60d055a1c725.zip?GoogleAccessId=service-158237266758@gcf-admin-robot.iam.gserviceaccount.com&Expires=1781238114&Signature=DkrHjDE%2BbtV6oKS1GQlRcqSOI%2B3VlYtP33tXN3kx%2Fav25M5%2FU3R0TaZubs8hZYXtSqWOv%2BqmoaBPVOTPaS1Ttfhk7LGEG74r6F2blyf%2FEH98MGik0ZfVMIbEIcnTK0tBP1PWAObrpPeJdrVgZvP7vGkQ%2BF0BgVAferQC93xeGbIz1xwySdqJjg94XXTyZOXKlbdSu8UPZxzL%2Br4%2Fn7p%2BZmJv5u6wtwTb6tS4wgGre4774xcNPaszeR5UkBMz85JsD%2FWpzoiFnbJQ4WY2jcWy5QjJlaUeO8R5hgnXqs6tuX8yvWiUU9%2BqFvK5hfuP%2BOPCxIMCKmfy5opSphpUy21zKw%3D%3D","environmentVariables":{"FIREBASE_CONFIG":"{\"projectId\":\"wificontent-143da\",\"databaseURL\":\"https://wificontent-143da-default-rtdb.firebaseio.com\",\"storageBucket\":\"wificontent-143da.firebasestorage.app\"}","GCLOUD_PROJECT":"wificontent-143da","EVENTARC_CLOUD_EVENT_SOURCE":"projects/wificontent-143da/locations/us-central1/functions/getCheckoutSessionResult"},"runtime":"nodejs20","buildId":"c96d8118-30a2-4795-9828-102257e4b186","buildEnvironmentVariables":{"GOOGLE_NODE_RUN_SCRIPTS":""},"secretEnvironmentVariables":[{"key":"STRIPE_SECRET","projectId":"wificontent-143da","secret":"STRIPE_SECRET","version":"1"}],"buildName":"projects/158237266758/locations/us-central1/builds/c96d8118-30a2-4795-9828-102257e4b186","dockerRegistry":"ARTIFACT_REGISTRY","automaticUpdatePolicy":{},"buildServiceAccount":"projects/wificontent-143da/serviceAccounts/158237266758-compute@developer.gserviceaccount.com"},"versionId":"2","updateTime":"2026-06-12T03:53:13Z","buildId":"8bfcb52d-304f-49ce-9ce4-cdbad4f825c2","buildName":"projects/158237266758/locations/us-central1/builds/8bfcb52d-304f-49ce-9ce4-cdbad4f825c2"},"done":true,"error":{"code":3,"message":"Build failed: npm error code EUSAGE\nnpm error\nnpm error `npm ci` can only install packages when your package.json and package-lock.json or npm-shrinkwrap.json are in sync. Please update your lock file with `npm install` before continuing.\nnpm error\nnpm error Missing: acorn@8.17.0 from lock file\nnpm error Missing: @types/markdown-it@14.1.2 from lock file\nnpm error Missing: markdown-it@14.2.0 from lock file\nnpm error\nnpm error Clean install a project\nnpm error\nnpm error Usage:\nnpm error npm ci\nnpm error\nnpm error Options:\nnpm error [--install-strategy <hoisted|nested|shallow|linked>] [--legacy-bundling]\nnpm error [--global-style] [--omit <dev|optional|peer> [--omit <dev|optional|peer> ...]]\nnpm error [--include <prod|dev|optional|peer> [--include <prod|dev|optional|peer> ...]]\nnpm error [--strict-peer-deps] [--foreground-scripts] [--ignore-scripts] [--no-audit]\nnpm error [--no-bin-links] [--no-fund] [--dry-run]\nnpm error [-w|--workspace <workspace-name> [-w|--workspace <workspace-name> ...]]\nnpm error [-ws|--workspaces] [--include-workspace-root] [--install-links]\nnpm error\nnpm error aliases: clean-install, ic, install-clean, isntall-clean\nnpm error\nnpm error Run \"npm help ci\" for more info\nnpm error A complete log of this run can be found in: /www-data-home/.npm/_logs/2026-06-12T03_52_56_610Z-debug-0.log; Error ID: 7fa33aaa"}}
[debug] [2026-06-12T03:53:19.493Z] Got source token undefined for region us-central1
[error] Build failed: npm error code EUSAGE
npm error
npm error `npm ci` can only install packages when your package.json and package-lock.json or npm-shrinkwrap.json are in sync. Please update your lock file with `npm install` before continuing.
npm error
npm error Missing: acorn@8.17.0 from lock file
npm error Missing: @types/markdown-it@14.1.2 from lock file
npm error Missing: markdown-it@14.2.0 from lock file
npm error
npm error Clean install a project
npm error
npm error Usage:
npm error npm ci
npm error
npm error Options:
npm error [--install-strategy <hoisted|nested|shallow|linked>] [--legacy-bundling]
npm error [--global-style] [--omit <dev|optional|peer> [--omit <dev|optional|peer> ...]]
npm error [--include <prod|dev|optional|peer> [--include <prod|dev|optional|peer> ...]]
npm error [--strict-peer-deps] [--foreground-scripts] [--ignore-scripts] [--no-audit]
npm error [--no-bin-links] [--no-fund] [--dry-run]
npm error [-w|--workspace <workspace-name> [-w|--workspace <workspace-name> ...]]
npm error [-ws|--workspaces] [--include-workspace-root] [--install-links]
npm error
npm error aliases: clean-install, ic, install-clean, isntall-clean
npm error
npm error Run "npm help ci" for more info
npm error A complete log of this run can be found in: /www-data-home/.npm/_logs/2026-06-12T03_52_56_610Z-debug-0.log; Error ID: 7fa33aaa
[debug] [2026-06-12T03:53:19.498Z] [create-default-us-central1-consumeUserBadgeOnPostCreate] Retrying task index 0
[debug] [2026-06-12T03:53:19.498Z] Checked if tokens are valid: true, expires at: 1781239710613
[debug] [2026-06-12T03:53:19.498Z] Checked if tokens are valid: true, expires at: 1781239710613
[debug] [2026-06-12T03:53:19.498Z] >>> [apiv2][query] GET https://cloudfunctions.googleapis.com/v1/operations/cHJvamVjdHMvd2lmaWNvbnRlbnQtMTQzZGEvbG9jYXRpb25zL3VzLWNlbnRyYWwxL29wZXJhdGlvbnMvb3BlcmF0aW9uLTE3ODEyMzYzNjI0NjYtNjU0MDY2OGE1NTVhMS0xYWYzMjY1Yy03ZDljNGEwMg [none]
[debug] [2026-06-12T03:53:19.538Z] <<< [apiv2][status] GET https://cloudfunctions.googleapis.com/v1/operations/d2lmaWNvbnRlbnQtMTQzZGEvdXMtY2VudHJhbDEvY3JlYXRlQ2hlY2tvdXRTZXNzaW9uL3NiUXBZTXVmUXI0 200
[debug] [2026-06-12T03:53:19.538Z] <<< [apiv2][body] GET https://cloudfunctions.googleapis.com/v1/operations/d2lmaWNvbnRlbnQtMTQzZGEvdXMtY2VudHJhbDEvY3JlYXRlQ2hlY2tvdXRTZXNzaW9uL3NiUXBZTXVmUXI0 {"name":"operations/d2lmaWNvbnRlbnQtMTQzZGEvdXMtY2VudHJhbDEvY3JlYXRlQ2hlY2tvdXRTZXNzaW9uL3NiUXBZTXVmUXI0","metadata":{"@type":"type.googleapis.com/google.cloud.functions.v1.OperationMetadataV1","target":"projects/wificontent-143da/locations/us-central1/functions/createCheckoutSession","type":"UPDATE_FUNCTION","request":{"@type":"type.googleapis.com/google.cloud.functions.v1.CloudFunction","name":"projects/wificontent-143da/locations/us-central1/functions/createCheckoutSession","httpsTrigger":{"url":"https://us-central1-wificontent-143da.cloudfunctions.net/createCheckoutSession","securityLevel":"SECURE_ALWAYS"},"status":"ACTIVE","entryPoint":"createCheckoutSession","updateTime":"2026-06-04T13:50:41.855Z","versionId":"1","labels":{"deployment-tool":"cli-firebase","firebase-functions-hash":"16c76575d73ded68adb989e0bab01fa6f6fd5eab"},"sourceUploadUrl":"https://storage.googleapis.com/uploads-692370461028.us-central1.cloudfunctions.appspot.com/4436f6aa-1e4b-40fa-8a94-60d055a1c725.zip?GoogleAccessId=service-158237266758@gcf-admin-robot.iam.gserviceaccount.com&Expires=1781238114&Signature=DkrHjDE%2BbtV6oKS1GQlRcqSOI%2B3VlYtP33tXN3kx%2Fav25M5%2FU3R0TaZubs8hZYXtSqWOv%2BqmoaBPVOTPaS1Ttfhk7LGEG74r6F2blyf%2FEH98MGik0ZfVMIbEIcnTK0tBP1PWAObrpPeJdrVgZvP7vGkQ%2BF0BgVAferQC93xeGbIz1xwySdqJjg94XXTyZOXKlbdSu8UPZxzL%2Br4%2Fn7p%2BZmJv5u6wtwTb6tS4wgGre4774xcNPaszeR5UkBMz85JsD%2FWpzoiFnbJQ4WY2jcWy5QjJlaUeO8R5hgnXqs6tuX8yvWiUU9%2BqFvK5hfuP%2BOPCxIMCKmfy5opSphpUy21zKw%3D%3D","environmentVariables":{"FIREBASE_CONFIG":"{\"projectId\":\"wificontent-143da\",\"databaseURL\":\"https://wificontent-143da-default-rtdb.firebaseio.com\",\"storageBucket\":\"wificontent-143da.firebasestorage.app\"}","GCLOUD_PROJECT":"wificontent-143da","EVENTARC_CLOUD_EVENT_SOURCE":"projects/wificontent-143da/locations/us-central1/functions/createCheckoutSession"},"runtime":"nodejs20","buildId":"c96d8118-30a2-4795-9828-102257e4b186","buildEnvironmentVariables":{"GOOGLE_NODE_RUN_SCRIPTS":""},"secretEnvironmentVariables":[{"key":"STRIPE_SECRET","projectId":"wificontent-143da","secret":"STRIPE_SECRET","version":"1"}],"buildName":"projects/158237266758/locations/us-central1/builds/c96d8118-30a2-4795-9828-102257e4b186","dockerRegistry":"ARTIFACT_REGISTRY","automaticUpdatePolicy":{},"buildServiceAccount":"projects/wificontent-143da/serviceAccounts/158237266758-compute@developer.gserviceaccount.com"},"versionId":"2","updateTime":"2026-06-12T03:53:13Z","buildId":"f6c09e6c-90e6-4102-b67d-9ac3ff7f2175","buildName":"projects/158237266758/locations/us-central1/builds/f6c09e6c-90e6-4102-b67d-9ac3ff7f2175"},"done":true,"error":{"code":3,"message":"Build failed: npm error code EUSAGE\nnpm error\nnpm error `npm ci` can only install packages when your package.json and package-lock.json or npm-shrinkwrap.json are in sync. Please update your lock file with `npm install` before continuing.\nnpm error\nnpm error Missing: acorn@8.17.0 from lock file\nnpm error Missing: @types/markdown-it@14.1.2 from lock file\nnpm error Missing: markdown-it@14.2.0 from lock file\nnpm error\nnpm error Clean install a project\nnpm error\nnpm error Usage:\nnpm error npm ci\nnpm error\nnpm error Options:\nnpm error [--install-strategy <hoisted|nested|shallow|linked>] [--legacy-bundling]\nnpm error [--global-style] [--omit <dev|optional|peer> [--omit <dev|optional|peer> ...]]\nnpm error [--include <prod|dev|optional|peer> [--include <prod|dev|optional|peer> ...]]\nnpm error [--strict-peer-deps] [--foreground-scripts] [--ignore-scripts] [--no-audit]\nnpm error [--no-bin-links] [--no-fund] [--dry-run]\nnpm error [-w|--workspace <workspace-name> [-w|--workspace <workspace-name> ...]]\nnpm error [-ws|--workspaces] [--include-workspace-root] [--install-links]\nnpm error\nnpm error aliases: clean-install, ic, install-clean, isntall-clean\nnpm error\nnpm error Run \"npm help ci\" for more info\nnpm error A complete log of this run can be found in: /www-data-home/.npm/_logs/2026-06-12T03_52_58_279Z-debug-0.log; Error ID: 7fa33aaa"}}
[debug] [2026-06-12T03:53:19.538Z] Got source token undefined for region us-central1
[error] Build failed: npm error code EUSAGE
npm error
npm error `npm ci` can only install packages when your package.json and package-lock.json or npm-shrinkwrap.json are in sync. Please update your lock file with `npm install` before continuing.
npm error
npm error Missing: acorn@8.17.0 from lock file
npm error Missing: @types/markdown-it@14.1.2 from lock file
npm error Missing: markdown-it@14.2.0 from lock file
npm error
npm error Clean install a project
npm error
npm error Usage:
npm error npm ci
npm error
npm error Options:
npm error [--install-strategy <hoisted|nested|shallow|linked>] [--legacy-bundling]
npm error [--global-style] [--omit <dev|optional|peer> [--omit <dev|optional|peer> ...]]
npm error [--include <prod|dev|optional|peer> [--include <prod|dev|optional|peer> ...]]
npm error [--strict-peer-deps] [--foreground-scripts] [--ignore-scripts] [--no-audit]
npm error [--no-bin-links] [--no-fund] [--dry-run]
npm error [-w|--workspace <workspace-name> [-w|--workspace <workspace-name> ...]]
npm error [-ws|--workspaces] [--include-workspace-root] [--install-links]
npm error
npm error aliases: clean-install, ic, install-clean, isntall-clean
npm error
npm error Run "npm help ci" for more info
npm error A complete log of this run can be found in: /www-data-home/.npm/_logs/2026-06-12T03_52_58_279Z-debug-0.log; Error ID: 7fa33aaa
[debug] [2026-06-12T03:53:19.547Z] [create-default-us-central1-postMetricsAggregator] Retrying task index 0
[debug] [2026-06-12T03:53:19.549Z] Checked if tokens are valid: true, expires at: 1781239710613
[debug] [2026-06-12T03:53:19.550Z] Checked if tokens are valid: true, expires at: 1781239710613
[debug] [2026-06-12T03:53:19.550Z] >>> [apiv2][query] GET https://cloudfunctions.googleapis.com/v1/operations/cHJvamVjdHMvd2lmaWNvbnRlbnQtMTQzZGEvbG9jYXRpb25zL3VzLWNlbnRyYWwxL29wZXJhdGlvbnMvb3BlcmF0aW9uLTE3ODEyMzYzNjI0NTEtNjU0MDY2OGE1MWI1NC1lNjE5ODVkOC01ODQxODNkNA [none]
[debug] [2026-06-12T03:53:19.565Z] [create-default-us-central1-cleanBadgesOnContentRemoval] Retrying task index 0
[debug] [2026-06-12T03:53:19.565Z] Checked if tokens are valid: true, expires at: 1781239710613
[debug] [2026-06-12T03:53:19.565Z] Checked if tokens are valid: true, expires at: 1781239710613
[debug] [2026-06-12T03:53:19.565Z] >>> [apiv2][query] GET https://cloudfunctions.googleapis.com/v1/operations/cHJvamVjdHMvd2lmaWNvbnRlbnQtMTQzZGEvbG9jYXRpb25zL3VzLWNlbnRyYWwxL29wZXJhdGlvbnMvb3BlcmF0aW9uLTE3ODEyMzYzNjI0NjctNjU0MDY2OGE1NTg2MS03NTQwODhmNC1mZGJhZWU0Yw [none]
[debug] [2026-06-12T03:53:19.566Z] <<< [apiv2][status] GET https://cloudfunctions.googleapis.com/v1/operations/d2lmaWNvbnRlbnQtMTQzZGEvdXMtY2VudHJhbDEvaGFuZGxlU3RyaXBlV2ViaG9vay9xNlNpUjRhT2dwZw 200
[debug] [2026-06-12T03:53:19.566Z] <<< [apiv2][body] GET https://cloudfunctions.googleapis.com/v1/operations/d2lmaWNvbnRlbnQtMTQzZGEvdXMtY2VudHJhbDEvaGFuZGxlU3RyaXBlV2ViaG9vay9xNlNpUjRhT2dwZw {"name":"operations/d2lmaWNvbnRlbnQtMTQzZGEvdXMtY2VudHJhbDEvaGFuZGxlU3RyaXBlV2ViaG9vay9xNlNpUjRhT2dwZw","metadata":{"@type":"type.googleapis.com/google.cloud.functions.v1.OperationMetadataV1","target":"projects/wificontent-143da/locations/us-central1/functions/handleStripeWebhook","type":"UPDATE_FUNCTION","request":{"@type":"type.googleapis.com/google.cloud.functions.v1.CloudFunction","name":"projects/wificontent-143da/locations/us-central1/functions/handleStripeWebhook","httpsTrigger":{"url":"https://us-central1-wificontent-143da.cloudfunctions.net/handleStripeWebhook","securityLevel":"SECURE_ALWAYS"},"status":"ACTIVE","entryPoint":"handleStripeWebhook","updateTime":"2026-06-04T14:26:15.472Z","versionId":"3","labels":{"deployment-tool":"cli-firebase","firebase-functions-hash":"823af96df830f3f75c86b6355a997e6cb543b5fa"},"sourceUploadUrl":"https://storage.googleapis.com/uploads-692370461028.us-central1.cloudfunctions.appspot.com/4436f6aa-1e4b-40fa-8a94-60d055a1c725.zip?GoogleAccessId=service-158237266758@gcf-admin-robot.iam.gserviceaccount.com&Expires=1781238114&Signature=DkrHjDE%2BbtV6oKS1GQlRcqSOI%2B3VlYtP33tXN3kx%2Fav25M5%2FU3R0TaZubs8hZYXtSqWOv%2BqmoaBPVOTPaS1Ttfhk7LGEG74r6F2blyf%2FEH98MGik0ZfVMIbEIcnTK0tBP1PWAObrpPeJdrVgZvP7vGkQ%2BF0BgVAferQC93xeGbIz1xwySdqJjg94XXTyZOXKlbdSu8UPZxzL%2Br4%2Fn7p%2BZmJv5u6wtwTb6tS4wgGre4774xcNPaszeR5UkBMz85JsD%2FWpzoiFnbJQ4WY2jcWy5QjJlaUeO8R5hgnXqs6tuX8yvWiUU9%2BqFvK5hfuP%2BOPCxIMCKmfy5opSphpUy21zKw%3D%3D","environmentVariables":{"FIREBASE_CONFIG":"{\"projectId\":\"wificontent-143da\",\"databaseURL\":\"https://wificontent-143da-default-rtdb.firebaseio.com\",\"storageBucket\":\"wificontent-143da.firebasestorage.app\"}","GCLOUD_PROJECT":"wificontent-143da","EVENTARC_CLOUD_EVENT_SOURCE":"projects/wificontent-143da/locations/us-central1/functions/handleStripeWebhook"},"runtime":"nodejs20","buildId":"99ab3ad8-6f35-417c-8dbe-866afa72bb84","buildEnvironmentVariables":{"GOOGLE_NODE_RUN_SCRIPTS":""},"secretEnvironmentVariables":[{"key":"STRIPE_SECRET","projectId":"wificontent-143da","secret":"STRIPE_SECRET","version":"1"},{"key":"STRIPE_WEBHOOK_SECRET","projectId":"wificontent-143da","secret":"STRIPE_WEBHOOK_SECRET","version":"1"}],"buildName":"projects/158237266758/locations/us-central1/builds/99ab3ad8-6f35-417c-8dbe-866afa72bb84","dockerRegistry":"ARTIFACT_REGISTRY","automaticUpdatePolicy":{},"buildServiceAccount":"projects/wificontent-143da/serviceAccounts/158237266758-compute@developer.gserviceaccount.com"},"versionId":"4","updateTime":"2026-06-12T03:53:11Z","buildId":"51ffc6b3-cca4-4ad4-963c-863b3cd293d1","buildName":"projects/158237266758/locations/us-central1/builds/51ffc6b3-cca4-4ad4-963c-863b3cd293d1"},"done":true,"error":{"code":3,"message":"Build failed: npm error code EUSAGE\nnpm error\nnpm error `npm ci` can only install packages when your package.json and package-lock.json or npm-shrinkwrap.json are in sync. Please update your lock file with `npm install` before continuing.\nnpm error\nnpm error Missing: acorn@8.17.0 from lock file\nnpm error Missing: @types/markdown-it@14.1.2 from lock file\nnpm error Missing: markdown-it@14.2.0 from lock file\nnpm error\nnpm error Clean install a project\nnpm error\nnpm error Usage:\nnpm error npm ci\nnpm error\nnpm error Options:\nnpm error [--install-strategy <hoisted|nested|shallow|linked>] [--legacy-bundling]\nnpm error [--global-style] [--omit <dev|optional|peer> [--omit <dev|optional|peer> ...]]\nnpm error [--include <prod|dev|optional|peer> [--include <prod|dev|optional|peer> ...]]\nnpm error [--strict-peer-deps] [--foreground-scripts] [--ignore-scripts] [--no-audit]\nnpm error [--no-bin-links] [--no-fund] [--dry-run]\nnpm error [-w|--workspace <workspace-name> [-w|--workspace <workspace-name> ...]]\nnpm error [-ws|--workspaces] [--include-workspace-root] [--install-links]\nnpm error\nnpm error aliases: clean-install, ic, install-clean, isntall-clean\nnpm error\nnpm error Run \"npm help ci\" for more info\nnpm error A complete log of this run can be found in: /www-data-home/.npm/_logs/2026-06-12T03_52_55_628Z-debug-0.log; Error ID: 7fa33aaa"}}
[debug] [2026-06-12T03:53:19.566Z] Got source token undefined for region us-central1
[error] Build failed: npm error code EUSAGE
npm error
npm error `npm ci` can only install packages when your package.json and package-lock.json or npm-shrinkwrap.json are in sync. Please update your lock file with `npm install` before continuing.
npm error
npm error Missing: acorn@8.17.0 from lock file
npm error Missing: @types/markdown-it@14.1.2 from lock file
npm error Missing: markdown-it@14.2.0 from lock file
npm error
npm error Clean install a project
npm error
npm error Usage:
npm error npm ci
npm error
npm error Options:
npm error [--install-strategy <hoisted|nested|shallow|linked>] [--legacy-bundling]
npm error [--global-style] [--omit <dev|optional|peer> [--omit <dev|optional|peer> ...]]
npm error [--include <prod|dev|optional|peer> [--include <prod|dev|optional|peer> ...]]
npm error [--strict-peer-deps] [--foreground-scripts] [--ignore-scripts] [--no-audit]
npm error [--no-bin-links] [--no-fund] [--dry-run]
npm error [-w|--workspace <workspace-name> [-w|--workspace <workspace-name> ...]]
npm error [-ws|--workspaces] [--include-workspace-root] [--install-links]
npm error
npm error aliases: clean-install, ic, install-clean, isntall-clean
npm error
npm error Run "npm help ci" for more info
npm error A complete log of this run can be found in: /www-data-home/.npm/_logs/2026-06-12T03_52_55_628Z-debug-0.log; Error ID: 7fa33aaa
[debug] [2026-06-12T03:53:19.573Z] <<< [apiv2][status] GET https://cloudfunctions.googleapis.com/v1/operations/d2lmaWNvbnRlbnQtMTQzZGEvdXMtY2VudHJhbDEvY3JlYXRlQ2hlY2tvdXRTZXNzaW9uQ2FsbGFibGUvUUtscU5LTzFndDA 200
[debug] [2026-06-12T03:53:19.573Z] <<< [apiv2][body] GET https://cloudfunctions.googleapis.com/v1/operations/d2lmaWNvbnRlbnQtMTQzZGEvdXMtY2VudHJhbDEvY3JlYXRlQ2hlY2tvdXRTZXNzaW9uQ2FsbGFibGUvUUtscU5LTzFndDA {"name":"operations/d2lmaWNvbnRlbnQtMTQzZGEvdXMtY2VudHJhbDEvY3JlYXRlQ2hlY2tvdXRTZXNzaW9uQ2FsbGFibGUvUUtscU5LTzFndDA","metadata":{"@type":"type.googleapis.com/google.cloud.functions.v1.OperationMetadataV1","target":"projects/wificontent-143da/locations/us-central1/functions/createCheckoutSessionCallable","type":"UPDATE_FUNCTION","request":{"@type":"type.googleapis.com/google.cloud.functions.v1.CloudFunction","name":"projects/wificontent-143da/locations/us-central1/functions/createCheckoutSessionCallable","httpsTrigger":{"url":"https://us-central1-wificontent-143da.cloudfunctions.net/createCheckoutSessionCallable","securityLevel":"SECURE_ALWAYS"},"status":"ACTIVE","entryPoint":"createCheckoutSessionCallable","updateTime":"2026-06-04T13:50:38.804Z","versionId":"1","labels":{"deployment-tool":"cli-firebase","deployment-callable":"true","firebase-functions-hash":"16c76575d73ded68adb989e0bab01fa6f6fd5eab"},"sourceUploadUrl":"https://storage.googleapis.com/uploads-692370461028.us-central1.cloudfunctions.appspot.com/4436f6aa-1e4b-40fa-8a94-60d055a1c725.zip?GoogleAccessId=service-158237266758@gcf-admin-robot.iam.gserviceaccount.com&Expires=1781238114&Signature=DkrHjDE%2BbtV6oKS1GQlRcqSOI%2B3VlYtP33tXN3kx%2Fav25M5%2FU3R0TaZubs8hZYXtSqWOv%2BqmoaBPVOTPaS1Ttfhk7LGEG74r6F2blyf%2FEH98MGik0ZfVMIbEIcnTK0tBP1PWAObrpPeJdrVgZvP7vGkQ%2BF0BgVAferQC93xeGbIz1xwySdqJjg94XXTyZOXKlbdSu8UPZxzL%2Br4%2Fn7p%2BZmJv5u6wtwTb6tS4wgGre4774xcNPaszeR5UkBMz85JsD%2FWpzoiFnbJQ4WY2jcWy5QjJlaUeO8R5hgnXqs6tuX8yvWiUU9%2BqFvK5hfuP%2BOPCxIMCKmfy5opSphpUy21zKw%3D%3D","environmentVariables":{"FIREBASE_CONFIG":"{\"projectId\":\"wificontent-143da\",\"databaseURL\":\"https://wificontent-143da-default-rtdb.firebaseio.com\",\"storageBucket\":\"wificontent-143da.firebasestorage.app\"}","GCLOUD_PROJECT":"wificontent-143da","EVENTARC_CLOUD_EVENT_SOURCE":"projects/wificontent-143da/locations/us-central1/functions/createCheckoutSessionCallable"},"runtime":"nodejs20","buildId":"c96d8118-30a2-4795-9828-102257e4b186","buildEnvironmentVariables":{"GOOGLE_NODE_RUN_SCRIPTS":""},"secretEnvironmentVariables":[{"key":"STRIPE_SECRET","projectId":"wificontent-143da","secret":"STRIPE_SECRET","version":"1"}],"buildName":"projects/158237266758/locations/us-central1/builds/c96d8118-30a2-4795-9828-102257e4b186","dockerRegistry":"ARTIFACT_REGISTRY","automaticUpdatePolicy":{},"buildServiceAccount":"projects/wificontent-143da/serviceAccounts/158237266758-compute@developer.gserviceaccount.com"},"versionId":"2","updateTime":"2026-06-12T03:53:12Z","buildId":"b45365b0-0f84-4b0d-9500-d7f3befbf42b","buildName":"projects/158237266758/locations/us-central1/builds/b45365b0-0f84-4b0d-9500-d7f3befbf42b"},"done":true,"error":{"code":3,"message":"Build failed: npm error code EUSAGE\nnpm error\nnpm error `npm ci` can only install packages when your package.json and package-lock.json or npm-shrinkwrap.json are in sync. Please update your lock file with `npm install` before continuing.\nnpm error\nnpm error Missing: acorn@8.17.0 from lock file\nnpm error Missing: @types/markdown-it@14.1.2 from lock file\nnpm error Missing: markdown-it@14.2.0 from lock file\nnpm error\nnpm error Clean install a project\nnpm error\nnpm error Usage:\nnpm error npm ci\nnpm error\nnpm error Options:\nnpm error [--install-strategy <hoisted|nested|shallow|linked>] [--legacy-bundling]\nnpm error [--global-style] [--omit <dev|optional|peer> [--omit <dev|optional|peer> ...]]\nnpm error [--include <prod|dev|optional|peer> [--include <prod|dev|optional|peer> ...]]\nnpm error [--strict-peer-deps] [--foreground-scripts] [--ignore-scripts] [--no-audit]\nnpm error [--no-bin-links] [--no-fund] [--dry-run]\nnpm error [-w|--workspace <workspace-name> [-w|--workspace <workspace-name> ...]]\nnpm error [-ws|--workspaces] [--include-workspace-root] [--install-links]\nnpm error\nnpm error aliases: clean-install, ic, install-clean, isntall-clean\nnpm error\nnpm error Run \"npm help ci\" for more info\nnpm error A complete log of this run can be found in: /www-data-home/.npm/_logs/2026-06-12T03_52_58_212Z-debug-0.log; Error ID: 7fa33aaa"}}
[debug] [2026-06-12T03:53:19.573Z] Got source token undefined for region us-central1
[error] Build failed: npm error code EUSAGE
npm error
npm error `npm ci` can only install packages when your package.json and package-lock.json or npm-shrinkwrap.json are in sync. Please update your lock file with `npm install` before continuing.
npm error
npm error Missing: acorn@8.17.0 from lock file
npm error Missing: @types/markdown-it@14.1.2 from lock file
npm error Missing: markdown-it@14.2.0 from lock file
npm error
npm error Clean install a project
npm error
npm error Usage:
npm error npm ci
npm error
npm error Options:
npm error [--install-strategy <hoisted|nested|shallow|linked>] [--legacy-bundling]
npm error [--global-style] [--omit <dev|optional|peer> [--omit <dev|optional|peer> ...]]
npm error [--include <prod|dev|optional|peer> [--include <prod|dev|optional|peer> ...]]
npm error [--strict-peer-deps] [--foreground-scripts] [--ignore-scripts] [--no-audit]
npm error [--no-bin-links] [--no-fund] [--dry-run]
npm error [-w|--workspace <workspace-name> [-w|--workspace <workspace-name> ...]]
npm error [-ws|--workspaces] [--include-workspace-root] [--install-links]
npm error
npm error aliases: clean-install, ic, install-clean, isntall-clean
npm error
npm error Run "npm help ci" for more info
npm error A complete log of this run can be found in: /www-data-home/.npm/_logs/2026-06-12T03_52_58_212Z-debug-0.log; Error ID: 7fa33aaa
[debug] [2026-06-12T03:53:19.574Z] <<< [apiv2][status] GET https://cloudfunctions.googleapis.com/v1/operations/d2lmaWNvbnRlbnQtMTQzZGEvdXMtY2VudHJhbDEvYXBpL1BuQ0xkYTZQNXZJ 200
[debug] [2026-06-12T03:53:19.574Z] <<< [apiv2][body] GET https://cloudfunctions.googleapis.com/v1/operations/d2lmaWNvbnRlbnQtMTQzZGEvdXMtY2VudHJhbDEvYXBpL1BuQ0xkYTZQNXZJ {"name":"operations/d2lmaWNvbnRlbnQtMTQzZGEvdXMtY2VudHJhbDEvYXBpL1BuQ0xkYTZQNXZJ","metadata":{"@type":"type.googleapis.com/google.cloud.functions.v1.OperationMetadataV1","target":"projects/wificontent-143da/locations/us-central1/functions/api","type":"UPDATE_FUNCTION","request":{"@type":"type.googleapis.com/google.cloud.functions.v1.CloudFunction","name":"projects/wificontent-143da/locations/us-central1/functions/api","httpsTrigger":{"url":"https://us-central1-wificontent-143da.cloudfunctions.net/api","securityLevel":"SECURE_ALWAYS"},"status":"OFFLINE","entryPoint":"api","updateTime":"2026-06-12T03:49:15.397Z","versionId":"1","labels":{"deployment-tool":"cli-firebase","firebase-functions-hash":"f04f99181a37ddd0deea7a83159d393e6ce5c944"},"sourceUploadUrl":"https://storage.googleapis.com/uploads-692370461028.us-central1.cloudfunctions.appspot.com/4436f6aa-1e4b-40fa-8a94-60d055a1c725.zip?GoogleAccessId=service-158237266758@gcf-admin-robot.iam.gserviceaccount.com&Expires=1781238114&Signature=DkrHjDE%2BbtV6oKS1GQlRcqSOI%2B3VlYtP33tXN3kx%2Fav25M5%2FU3R0TaZubs8hZYXtSqWOv%2BqmoaBPVOTPaS1Ttfhk7LGEG74r6F2blyf%2FEH98MGik0ZfVMIbEIcnTK0tBP1PWAObrpPeJdrVgZvP7vGkQ%2BF0BgVAferQC93xeGbIz1xwySdqJjg94XXTyZOXKlbdSu8UPZxzL%2Br4%2Fn7p%2BZmJv5u6wtwTb6tS4wgGre4774xcNPaszeR5UkBMz85JsD%2FWpzoiFnbJQ4WY2jcWy5QjJlaUeO8R5hgnXqs6tuX8yvWiUU9%2BqFvK5hfuP%2BOPCxIMCKmfy5opSphpUy21zKw%3D%3D","environmentVariables":{"FIREBASE_CONFIG":"{\"projectId\":\"wificontent-143da\",\"databaseURL\":\"https://wificontent-143da-default-rtdb.firebaseio.com\",\"storageBucket\":\"wificontent-143da.firebasestorage.app\"}","GCLOUD_PROJECT":"wificontent-143da","EVENTARC_CLOUD_EVENT_SOURCE":"projects/wificontent-143da/locations/us-central1/functions/api"},"runtime":"nodejs20","buildId":"b32c4fc2-9b93-4a4a-b7b3-6aaa45fe553c","buildEnvironmentVariables":{"GOOGLE_NODE_RUN_SCRIPTS":""},"buildName":"projects/158237266758/locations/us-central1/builds/b32c4fc2-9b93-4a4a-b7b3-6aaa45fe553c","dockerRegistry":"ARTIFACT_REGISTRY","automaticUpdatePolicy":{},"buildServiceAccount":"projects/wificontent-143da/serviceAccounts/158237266758-compute@developer.gserviceaccount.com"},"versionId":"2","updateTime":"2026-06-12T03:53:17Z","buildId":"1d5bf482-31ee-49ff-b691-76933389bcd0","buildName":"projects/158237266758/locations/us-central1/builds/1d5bf482-31ee-49ff-b691-76933389bcd0"},"done":true,"error":{"code":3,"message":"Build failed: npm error code EUSAGE\nnpm error\nnpm error `npm ci` can only install packages when your package.json and package-lock.json or npm-shrinkwrap.json are in sync. Please update your lock file with `npm install` before continuing.\nnpm error\nnpm error Missing: acorn@8.17.0 from lock file\nnpm error Missing: @types/markdown-it@14.1.2 from lock file\nnpm error Missing: markdown-it@14.2.0 from lock file\nnpm error\nnpm error Clean install a project\nnpm error\nnpm error Usage:\nnpm error npm ci\nnpm error\nnpm error Options:\nnpm error [--install-strategy <hoisted|nested|shallow|linked>] [--legacy-bundling]\nnpm error [--global-style] [--omit <dev|optional|peer> [--omit <dev|optional|peer> ...]]\nnpm error [--include <prod|dev|optional|peer> [--include <prod|dev|optional|peer> ...]]\nnpm error [--strict-peer-deps] [--foreground-scripts] [--ignore-scripts] [--no-audit]\nnpm error [--no-bin-links] [--no-fund] [--dry-run]\nnpm error [-w|--workspace <workspace-name> [-w|--workspace <workspace-name> ...]]\nnpm error [-ws|--workspaces] [--include-workspace-root] [--install-links]\nnpm error\nnpm error aliases: clean-install, ic, install-clean, isntall-clean\nnpm error\nnpm error Run \"npm help ci\" for more info\nnpm error A complete log of this run can be found in: /www-data-home/.npm/_logs/2026-06-12T03_52_57_257Z-debug-0.log; Error ID: 7fa33aaa"}}
[debug] [2026-06-12T03:53:19.574Z] Got source token undefined for region us-central1
[error] Build failed: npm error code EUSAGE
npm error
npm error `npm ci` can only install packages when your package.json and package-lock.json or npm-shrinkwrap.json are in sync. Please update your lock file with `npm install` before continuing.
npm error
npm error Missing: acorn@8.17.0 from lock file
npm error Missing: @types/markdown-it@14.1.2 from lock file
npm error Missing: markdown-it@14.2.0 from lock file
npm error
npm error Clean install a project
npm error
npm error Usage:
npm error npm ci
npm error
npm error Options:
npm error [--install-strategy <hoisted|nested|shallow|linked>] [--legacy-bundling]
npm error [--global-style] [--omit <dev|optional|peer> [--omit <dev|optional|peer> ...]]
npm error [--include <prod|dev|optional|peer> [--include <prod|dev|optional|peer> ...]]
npm error [--strict-peer-deps] [--foreground-scripts] [--ignore-scripts] [--no-audit]
npm error [--no-bin-links] [--no-fund] [--dry-run]
npm error [-w|--workspace <workspace-name> [-w|--workspace <workspace-name> ...]]
npm error [-ws|--workspaces] [--include-workspace-root] [--install-links]
npm error
npm error aliases: clean-install, ic, install-clean, isntall-clean
npm error
npm error Run "npm help ci" for more info
npm error A complete log of this run can be found in: /www-data-home/.npm/_logs/2026-06-12T03_52_57_257Z-debug-0.log; Error ID: 7fa33aaa
[debug] [2026-06-12T03:53:19.615Z] <<< [apiv2][status] GET https://cloudfunctions.googleapis.com/v1/operations/d2lmaWNvbnRlbnQtMTQzZGEvdXMtY2VudHJhbDEvY3JlYXRlUGF5bWVudEludGVudC9jLU1CVDBFTlRCdw 200
[debug] [2026-06-12T03:53:19.615Z] <<< [apiv2][body] GET https://cloudfunctions.googleapis.com/v1/operations/d2lmaWNvbnRlbnQtMTQzZGEvdXMtY2VudHJhbDEvY3JlYXRlUGF5bWVudEludGVudC9jLU1CVDBFTlRCdw {"name":"operations/d2lmaWNvbnRlbnQtMTQzZGEvdXMtY2VudHJhbDEvY3JlYXRlUGF5bWVudEludGVudC9jLU1CVDBFTlRCdw","metadata":{"@type":"type.googleapis.com/google.cloud.functions.v1.OperationMetadataV1","target":"projects/wificontent-143da/locations/us-central1/functions/createPaymentIntent","type":"UPDATE_FUNCTION","request":{"@type":"type.googleapis.com/google.cloud.functions.v1.CloudFunction","name":"projects/wificontent-143da/locations/us-central1/functions/createPaymentIntent","httpsTrigger":{"url":"https://us-central1-wificontent-143da.cloudfunctions.net/createPaymentIntent","securityLevel":"SECURE_ALWAYS"},"status":"ACTIVE","entryPoint":"createPaymentIntent","updateTime":"2026-06-04T14:26:15.364Z","versionId":"2","labels":{"deployment-tool":"cli-firebase","deployment-callable":"true","firebase-functions-hash":"16c76575d73ded68adb989e0bab01fa6f6fd5eab"},"sourceUploadUrl":"https://storage.googleapis.com/uploads-692370461028.us-central1.cloudfunctions.appspot.com/4436f6aa-1e4b-40fa-8a94-60d055a1c725.zip?GoogleAccessId=service-158237266758@gcf-admin-robot.iam.gserviceaccount.com&Expires=1781238114&Signature=DkrHjDE%2BbtV6oKS1GQlRcqSOI%2B3VlYtP33tXN3kx%2Fav25M5%2FU3R0TaZubs8hZYXtSqWOv%2BqmoaBPVOTPaS1Ttfhk7LGEG74r6F2blyf%2FEH98MGik0ZfVMIbEIcnTK0tBP1PWAObrpPeJdrVgZvP7vGkQ%2BF0BgVAferQC93xeGbIz1xwySdqJjg94XXTyZOXKlbdSu8UPZxzL%2Br4%2Fn7p%2BZmJv5u6wtwTb6tS4wgGre4774xcNPaszeR5UkBMz85JsD%2FWpzoiFnbJQ4WY2jcWy5QjJlaUeO8R5hgnXqs6tuX8yvWiUU9%2BqFvK5hfuP%2BOPCxIMCKmfy5opSphpUy21zKw%3D%3D","environmentVariables":{"FIREBASE_CONFIG":"{\"projectId\":\"wificontent-143da\",\"databaseURL\":\"https://wificontent-143da-default-rtdb.firebaseio.com\",\"storageBucket\":\"wificontent-143da.firebasestorage.app\"}","GCLOUD_PROJECT":"wificontent-143da","EVENTARC_CLOUD_EVENT_SOURCE":"projects/wificontent-143da/locations/us-central1/functions/createPaymentIntent"},"runtime":"nodejs20","buildId":"99ab3ad8-6f35-417c-8dbe-866afa72bb84","buildEnvironmentVariables":{"GOOGLE_NODE_RUN_SCRIPTS":""},"secretEnvironmentVariables":[{"key":"STRIPE_SECRET","projectId":"wificontent-143da","secret":"STRIPE_SECRET","version":"1"}],"buildName":"projects/158237266758/locations/us-central1/builds/99ab3ad8-6f35-417c-8dbe-866afa72bb84","dockerRegistry":"ARTIFACT_REGISTRY","automaticUpdatePolicy":{},"buildServiceAccount":"projects/wificontent-143da/serviceAccounts/158237266758-compute@developer.gserviceaccount.com"},"versionId":"3","updateTime":"2026-06-12T03:53:15Z","buildId":"a94af4a3-b0aa-411b-a088-c97ea8ff8ffe","buildName":"projects/158237266758/locations/us-central1/builds/a94af4a3-b0aa-411b-a088-c97ea8ff8ffe"},"done":true,"error":{"code":3,"message":"Build failed: npm error code EUSAGE\nnpm error\nnpm error `npm ci` can only install packages when your package.json and package-lock.json or npm-shrinkwrap.json are in sync. Please update your lock file with `npm install` before continuing.\nnpm error\nnpm error Missing: acorn@8.17.0 from lock file\nnpm error Missing: @types/markdown-it@14.1.2 from lock file\nnpm error Missing: markdown-it@14.2.0 from lock file\nnpm error\nnpm error Clean install a project\nnpm error\nnpm error Usage:\nnpm error npm ci\nnpm error\nnpm error Options:\nnpm error [--install-strategy <hoisted|nested|shallow|linked>] [--legacy-bundling]\nnpm error [--global-style] [--omit <dev|optional|peer> [--omit <dev|optional|peer> ...]]\nnpm error [--include <prod|dev|optional|peer> [--include <prod|dev|optional|peer> ...]]\nnpm error [--strict-peer-deps] [--foreground-scripts] [--ignore-scripts] [--no-audit]\nnpm error [--no-bin-links] [--no-fund] [--dry-run]\nnpm error [-w|--workspace <workspace-name> [-w|--workspace <workspace-name> ...]]\nnpm error [-ws|--workspaces] [--include-workspace-root] [--install-links]\nnpm error\nnpm error aliases: clean-install, ic, install-clean, isntall-clean\nnpm error\nnpm error Run \"npm help ci\" for more info\nnpm error A complete log of this run can be found in: /www-data-home/.npm/_logs/2026-06-12T03_52_57_790Z-debug-0.log; Error ID: 7fa33aaa"}}
[debug] [2026-06-12T03:53:19.615Z] Got source token undefined for region us-central1
[error] Build failed: npm error code EUSAGE
npm error
npm error `npm ci` can only install packages when your package.json and package-lock.json or npm-shrinkwrap.json are in sync. Please update your lock file with `npm install` before continuing.
npm error
npm error Missing: acorn@8.17.0 from lock file
npm error Missing: @types/markdown-it@14.1.2 from lock file
npm error Missing: markdown-it@14.2.0 from lock file
npm error
npm error Clean install a project
npm error
npm error Usage:
npm error npm ci
npm error
npm error Options:
npm error [--install-strategy <hoisted|nested|shallow|linked>] [--legacy-bundling]
npm error [--global-style] [--omit <dev|optional|peer> [--omit <dev|optional|peer> ...]]
npm error [--include <prod|dev|optional|peer> [--include <prod|dev|optional|peer> ...]]
npm error [--strict-peer-deps] [--foreground-scripts] [--ignore-scripts] [--no-audit]
npm error [--no-bin-links] [--no-fund] [--dry-run]
npm error [-w|--workspace <workspace-name> [-w|--workspace <workspace-name> ...]]
npm error [-ws|--workspaces] [--include-workspace-root] [--install-links]
npm error
npm error aliases: clean-install, ic, install-clean, isntall-clean
npm error
npm error Run "npm help ci" for more info
npm error A complete log of this run can be found in: /www-data-home/.npm/_logs/2026-06-12T03_52_57_790Z-debug-0.log; Error ID: 7fa33aaa
[debug] [2026-06-12T03:53:19.639Z] <<< [apiv2][status] GET https://cloudfunctions.googleapis.com/v1/operations/cHJvamVjdHMvd2lmaWNvbnRlbnQtMTQzZGEvbG9jYXRpb25zL3VzLWNlbnRyYWwxL29wZXJhdGlvbnMvb3BlcmF0aW9uLTE3ODEyMzYzNjI0NjYtNjU0MDY2OGE1NTVhMS0xYWYzMjY1Yy03ZDljNGEwMg 200
[debug] [2026-06-12T03:53:19.639Z] <<< [apiv2][body] GET https://cloudfunctions.googleapis.com/v1/operations/cHJvamVjdHMvd2lmaWNvbnRlbnQtMTQzZGEvbG9jYXRpb25zL3VzLWNlbnRyYWwxL29wZXJhdGlvbnMvb3BlcmF0aW9uLTE3ODEyMzYzNjI0NjYtNjU0MDY2OGE1NTVhMS0xYWYzMjY1Yy03ZDljNGEwMg {"name":"operations/cHJvamVjdHMvd2lmaWNvbnRlbnQtMTQzZGEvbG9jYXRpb25zL3VzLWNlbnRyYWwxL29wZXJhdGlvbnMvb3BlcmF0aW9uLTE3ODEyMzYzNjI0NjYtNjU0MDY2OGE1NTVhMS0xYWYzMjY1Yy03ZDljNGEwMg","metadata":{"@type":"type.googleapis.com/google.cloud.functions.v1.OperationMetadataV1","target":"projects/wificontent-143da/locations/us-central1/functions/consumeUserBadgeOnPostCreate","type":"CREATE_FUNCTION","request":{"@type":"type.googleapis.com/google.cloud.functions.v1.CloudFunction","name":"projects/wificontent-143da/locations/us-central1/functions/consumeUserBadgeOnPostCreate","eventTrigger":{"eventType":"providers/google.firebase.database/eventTypes/ref.create","resource":"projects/_/instances/wificontent-143da-default-rtdb/refs/posts/{postId}","failurePolicy":{}},"entryPoint":"consumeUserBadgeOnPostCreate","updateTime":"1970-01-01T00:00:00Z","labels":{"deployment-tool":"cli-firebase","firebase-functions-hash":"f04f99181a37ddd0deea7a83159d393e6ce5c944"},"sourceUploadUrl":"https://storage.googleapis.com/uploads-692370461028.us-central1.cloudfunctions.appspot.com/4436f6aa-1e4b-40fa-8a94-60d055a1c725.zip?GoogleAccessId=service-158237266758@gcf-admin-robot.iam.gserviceaccount.com&Expires=1781238114&Signature=DkrHjDE%2BbtV6oKS1GQlRcqSOI%2B3VlYtP33tXN3kx%2Fav25M5%2FU3R0TaZubs8hZYXtSqWOv%2BqmoaBPVOTPaS1Ttfhk7LGEG74r6F2blyf%2FEH98MGik0ZfVMIbEIcnTK0tBP1PWAObrpPeJdrVgZvP7vGkQ%2BF0BgVAferQC93xeGbIz1xwySdqJjg94XXTyZOXKlbdSu8UPZxzL%2Br4%2Fn7p%2BZmJv5u6wtwTb6tS4wgGre4774xcNPaszeR5UkBMz85JsD%2FWpzoiFnbJQ4WY2jcWy5QjJlaUeO8R5hgnXqs6tuX8yvWiUU9%2BqFvK5hfuP%2BOPCxIMCKmfy5opSphpUy21zKw%3D%3D","environmentVariables":{"FIREBASE_CONFIG":"{\"projectId\":\"wificontent-143da\",\"databaseURL\":\"https://wificontent-143da-default-rtdb.firebaseio.com\",\"storageBucket\":\"wificontent-143da.firebasestorage.app\"}","GCLOUD_PROJECT":"wificontent-143da","EVENTARC_CLOUD_EVENT_SOURCE":"projects/wificontent-143da/locations/us-central1/functions/consumeUserBadgeOnPostCreate"},"runtime":"nodejs20","buildEnvironmentVariables":{"GOOGLE_NODE_RUN_SCRIPTS":""},"dockerRegistry":"ARTIFACT_REGISTRY"},"versionId":"1","updateTime":"2026-06-12T03:53:17.197659493Z","buildId":"3e0b2707-aedf-4657-bb3b-16b33c30c61b","buildName":"projects/158237266758/locations/us-central1/builds/3e0b2707-aedf-4657-bb3b-16b33c30c61b"},"done":true,"error":{"code":3,"message":"Gen1 operation for function projects/wificontent-143da/locations/us-central1/functions/consumeUserBadgeOnPostCreate failed: Build failed: npm error code EUSAGE\nnpm error\nnpm error `npm ci` can only install packages when your package.json and package-lock.json or npm-shrinkwrap.json are in sync. Please update your lock file with `npm install` before continuing.\nnpm error\nnpm error Missing: acorn@8.17.0 from lock file\nnpm error Missing: @types/markdown-it@14.1.2 from lock file\nnpm error Missing: markdown-it@14.2.0 from lock file\nnpm error\nnpm error Clean install a project\nnpm error\nnpm error Usage:\nnpm error npm ci\nnpm error\nnpm error Options:\nnpm error [--install-strategy <hoisted|nested|shallow|linked>] [--legacy-bundling]\nnpm error [--global-style] [--omit <dev|optional|peer> [--omit <dev|optional|peer> ...]]\nnpm error [--include <prod|dev|optional|peer> [--include <prod|dev|optional|peer> ...]]\nnpm error [--strict-peer-deps] [--foreground-scripts] [--ignore-scripts] [--no-audit]\nnpm error [--no-bin-links] [--no-fund] [--dry-run]\nnpm error [-w|--workspace <workspace-name> [-w|--workspace <workspace-name> ...]]\nnpm error [-ws|--workspaces] [--include-workspace-root] [--install-links]\nnpm error\nnpm error aliases: clean-install, ic, install-clean, isntall-clean\nnpm error\nnpm error Run \"npm help ci\" for more info\nnpm error A complete log of this run can be found in: /www-data-home/.npm/_logs/2026-06-12T03_53_00_274Z-debug-0.log; Error ID: 7fa33aaa."}}
[debug] [2026-06-12T03:53:19.639Z] Got source token undefined for region us-central1
[error] Gen1 operation for function projects/wificontent-143da/locations/us-central1/functions/consumeUserBadgeOnPostCreate failed: Build failed: npm error code EUSAGE
npm error
npm error `npm ci` can only install packages when your package.json and package-lock.json or npm-shrinkwrap.json are in sync. Please update your lock file with `npm install` before continuing.
npm error
npm error Missing: acorn@8.17.0 from lock file
npm error Missing: @types/markdown-it@14.1.2 from lock file
npm error Missing: markdown-it@14.2.0 from lock file
npm error
npm error Clean install a project
npm error
npm error Usage:
npm error npm ci
npm error
npm error Options:
npm error [--install-strategy <hoisted|nested|shallow|linked>] [--legacy-bundling]
npm error [--global-style] [--omit <dev|optional|peer> [--omit <dev|optional|peer> ...]]
npm error [--include <prod|dev|optional|peer> [--include <prod|dev|optional|peer> ...]]
npm error [--strict-peer-deps] [--foreground-scripts] [--ignore-scripts] [--no-audit]
npm error [--no-bin-links] [--no-fund] [--dry-run]
npm error [-w|--workspace <workspace-name> [-w|--workspace <workspace-name> ...]]
npm error [-ws|--workspaces] [--include-workspace-root] [--install-links]
npm error
npm error aliases: clean-install, ic, install-clean, isntall-clean
npm error
npm error Run "npm help ci" for more info
npm error A complete log of this run can be found in: /www-data-home/.npm/_logs/2026-06-12T03_53_00_274Z-debug-0.log; Error ID: 7fa33aaa.
[debug] [2026-06-12T03:53:19.665Z] <<< [apiv2][status] GET https://cloudfunctions.googleapis.com/v1/operations/cHJvamVjdHMvd2lmaWNvbnRlbnQtMTQzZGEvbG9jYXRpb25zL3VzLWNlbnRyYWwxL29wZXJhdGlvbnMvb3BlcmF0aW9uLTE3ODEyMzYzNjI0NTEtNjU0MDY2OGE1MWI1NC1lNjE5ODVkOC01ODQxODNkNA 200
[debug] [2026-06-12T03:53:19.665Z] <<< [apiv2][body] GET https://cloudfunctions.googleapis.com/v1/operations/cHJvamVjdHMvd2lmaWNvbnRlbnQtMTQzZGEvbG9jYXRpb25zL3VzLWNlbnRyYWwxL29wZXJhdGlvbnMvb3BlcmF0aW9uLTE3ODEyMzYzNjI0NTEtNjU0MDY2OGE1MWI1NC1lNjE5ODVkOC01ODQxODNkNA {"name":"operations/cHJvamVjdHMvd2lmaWNvbnRlbnQtMTQzZGEvbG9jYXRpb25zL3VzLWNlbnRyYWwxL29wZXJhdGlvbnMvb3BlcmF0aW9uLTE3ODEyMzYzNjI0NTEtNjU0MDY2OGE1MWI1NC1lNjE5ODVkOC01ODQxODNkNA","metadata":{"@type":"type.googleapis.com/google.cloud.functions.v1.OperationMetadataV1","target":"projects/wificontent-143da/locations/us-central1/functions/postMetricsAggregator","type":"CREATE_FUNCTION","request":{"@type":"type.googleapis.com/google.cloud.functions.v1.CloudFunction","name":"projects/wificontent-143da/locations/us-central1/functions/postMetricsAggregator","eventTrigger":{"eventType":"providers/google.firebase.database/eventTypes/ref.create","resource":"projects/_/instances/wificontent-143da-default-rtdb/refs/posts/{postId}","failurePolicy":{}},"entryPoint":"postMetricsAggregator","updateTime":"1970-01-01T00:00:00Z","labels":{"deployment-tool":"cli-firebase","firebase-functions-hash":"f04f99181a37ddd0deea7a83159d393e6ce5c944"},"sourceUploadUrl":"https://storage.googleapis.com/uploads-692370461028.us-central1.cloudfunctions.appspot.com/4436f6aa-1e4b-40fa-8a94-60d055a1c725.zip?GoogleAccessId=service-158237266758@gcf-admin-robot.iam.gserviceaccount.com&Expires=1781238114&Signature=DkrHjDE%2BbtV6oKS1GQlRcqSOI%2B3VlYtP33tXN3kx%2Fav25M5%2FU3R0TaZubs8hZYXtSqWOv%2BqmoaBPVOTPaS1Ttfhk7LGEG74r6F2blyf%2FEH98MGik0ZfVMIbEIcnTK0tBP1PWAObrpPeJdrVgZvP7vGkQ%2BF0BgVAferQC93xeGbIz1xwySdqJjg94XXTyZOXKlbdSu8UPZxzL%2Br4%2Fn7p%2BZmJv5u6wtwTb6tS4wgGre4774xcNPaszeR5UkBMz85JsD%2FWpzoiFnbJQ4WY2jcWy5QjJlaUeO8R5hgnXqs6tuX8yvWiUU9%2BqFvK5hfuP%2BOPCxIMCKmfy5opSphpUy21zKw%3D%3D","environmentVariables":{"FIREBASE_CONFIG":"{\"projectId\":\"wificontent-143da\",\"databaseURL\":\"https://wificontent-143da-default-rtdb.firebaseio.com\",\"storageBucket\":\"wificontent-143da.firebasestorage.app\"}","GCLOUD_PROJECT":"wificontent-143da","EVENTARC_CLOUD_EVENT_SOURCE":"projects/wificontent-143da/locations/us-central1/functions/postMetricsAggregator"},"runtime":"nodejs20","buildEnvironmentVariables":{"GOOGLE_NODE_RUN_SCRIPTS":""},"dockerRegistry":"ARTIFACT_REGISTRY"},"versionId":"1","updateTime":"2026-06-12T03:53:17.459644591Z","buildId":"48fd65e5-179a-459d-a63e-946041d8b683","buildName":"projects/158237266758/locations/us-central1/builds/48fd65e5-179a-459d-a63e-946041d8b683"},"done":true,"error":{"code":3,"message":"Gen1 operation for function projects/wificontent-143da/locations/us-central1/functions/postMetricsAggregator failed: Build failed: npm error code EUSAGE\nnpm error\nnpm error `npm ci` can only install packages when your package.json and package-lock.json or npm-shrinkwrap.json are in sync. Please update your lock file with `npm install` before continuing.\nnpm error\nnpm error Missing: acorn@8.17.0 from lock file\nnpm error Missing: @types/markdown-it@14.1.2 from lock file\nnpm error Missing: markdown-it@14.2.0 from lock file\nnpm error\nnpm error Clean install a project\nnpm error\nnpm error Usage:\nnpm error npm ci\nnpm error\nnpm error Options:\nnpm error [--install-strategy <hoisted|nested|shallow|linked>] [--legacy-bundling]\nnpm error [--global-style] [--omit <dev|optional|peer> [--omit <dev|optional|peer> ...]]\nnpm error [--include <prod|dev|optional|peer> [--include <prod|dev|optional|peer> ...]]\nnpm error [--strict-peer-deps] [--foreground-scripts] [--ignore-scripts] [--no-audit]\nnpm error [--no-bin-links] [--no-fund] [--dry-run]\nnpm error [-w|--workspace <workspace-name> [-w|--workspace <workspace-name> ...]]\nnpm error [-ws|--workspaces] [--include-workspace-root] [--install-links]\nnpm error\nnpm error aliases: clean-install, ic, install-clean, isntall-clean\nnpm error\nnpm error Run \"npm help ci\" for more info\nnpm error A complete log of this run can be found in: /www-data-home/.npm/_logs/2026-06-12T03_52_58_806Z-debug-0.log; Error ID: 7fa33aaa."}}
[debug] [2026-06-12T03:53:19.665Z] Got source token undefined for region us-central1
[error] Gen1 operation for function projects/wificontent-143da/locations/us-central1/functions/postMetricsAggregator failed: Build failed: npm error code EUSAGE
npm error
npm error `npm ci` can only install packages when your package.json and package-lock.json or npm-shrinkwrap.json are in sync. Please update your lock file with `npm install` before continuing.
npm error
npm error Missing: acorn@8.17.0 from lock file
npm error Missing: @types/markdown-it@14.1.2 from lock file
npm error Missing: markdown-it@14.2.0 from lock file
npm error
npm error Clean install a project
npm error
npm error Usage:
npm error npm ci
npm error
npm error Options:
npm error [--install-strategy <hoisted|nested|shallow|linked>] [--legacy-bundling]
npm error [--global-style] [--omit <dev|optional|peer> [--omit <dev|optional|peer> ...]]
npm error [--include <prod|dev|optional|peer> [--include <prod|dev|optional|peer> ...]]
npm error [--strict-peer-deps] [--foreground-scripts] [--ignore-scripts] [--no-audit]
npm error [--no-bin-links] [--no-fund] [--dry-run]
npm error [-w|--workspace <workspace-name> [-w|--workspace <workspace-name> ...]]
npm error [-ws|--workspaces] [--include-workspace-root] [--install-links]
npm error
npm error aliases: clean-install, ic, install-clean, isntall-clean
npm error
npm error Run "npm help ci" for more info
npm error A complete log of this run can be found in: /www-data-home/.npm/_logs/2026-06-12T03_52_58_806Z-debug-0.log; Error ID: 7fa33aaa.
[debug] [2026-06-12T03:53:19.711Z] <<< [apiv2][status] GET https://cloudfunctions.googleapis.com/v1/operations/cHJvamVjdHMvd2lmaWNvbnRlbnQtMTQzZGEvbG9jYXRpb25zL3VzLWNlbnRyYWwxL29wZXJhdGlvbnMvb3BlcmF0aW9uLTE3ODEyMzYzNjI0NjctNjU0MDY2OGE1NTg2MS03NTQwODhmNC1mZGJhZWU0Yw 200
[debug] [2026-06-12T03:53:19.711Z] <<< [apiv2][body] GET https://cloudfunctions.googleapis.com/v1/operations/cHJvamVjdHMvd2lmaWNvbnRlbnQtMTQzZGEvbG9jYXRpb25zL3VzLWNlbnRyYWwxL29wZXJhdGlvbnMvb3BlcmF0aW9uLTE3ODEyMzYzNjI0NjctNjU0MDY2OGE1NTg2MS03NTQwODhmNC1mZGJhZWU0Yw {"name":"operations/cHJvamVjdHMvd2lmaWNvbnRlbnQtMTQzZGEvbG9jYXRpb25zL3VzLWNlbnRyYWwxL29wZXJhdGlvbnMvb3BlcmF0aW9uLTE3ODEyMzYzNjI0NjctNjU0MDY2OGE1NTg2MS03NTQwODhmNC1mZGJhZWU0Yw","metadata":{"@type":"type.googleapis.com/google.cloud.functions.v1.OperationMetadataV1","target":"projects/wificontent-143da/locations/us-central1/functions/cleanBadgesOnContentRemoval","type":"CREATE_FUNCTION","request":{"@type":"type.googleapis.com/google.cloud.functions.v1.CloudFunction","name":"projects/wificontent-143da/locations/us-central1/functions/cleanBadgesOnContentRemoval","eventTrigger":{"eventType":"providers/google.firebase.database/eventTypes/ref.write","resource":"projects/_/instances/wificontent-143da-default-rtdb/refs/posts/{postId}/content","failurePolicy":{}},"entryPoint":"cleanBadgesOnContentRemoval","updateTime":"1970-01-01T00:00:00Z","labels":{"deployment-tool":"cli-firebase","firebase-functions-hash":"f04f99181a37ddd0deea7a83159d393e6ce5c944"},"sourceUploadUrl":"https://storage.googleapis.com/uploads-692370461028.us-central1.cloudfunctions.appspot.com/4436f6aa-1e4b-40fa-8a94-60d055a1c725.zip?GoogleAccessId=service-158237266758@gcf-admin-robot.iam.gserviceaccount.com&Expires=1781238114&Signature=DkrHjDE%2BbtV6oKS1GQlRcqSOI%2B3VlYtP33tXN3kx%2Fav25M5%2FU3R0TaZubs8hZYXtSqWOv%2BqmoaBPVOTPaS1Ttfhk7LGEG74r6F2blyf%2FEH98MGik0ZfVMIbEIcnTK0tBP1PWAObrpPeJdrVgZvP7vGkQ%2BF0BgVAferQC93xeGbIz1xwySdqJjg94XXTyZOXKlbdSu8UPZxzL%2Br4%2Fn7p%2BZmJv5u6wtwTb6tS4wgGre4774xcNPaszeR5UkBMz85JsD%2FWpzoiFnbJQ4WY2jcWy5QjJlaUeO8R5hgnXqs6tuX8yvWiUU9%2BqFvK5hfuP%2BOPCxIMCKmfy5opSphpUy21zKw%3D%3D","environmentVariables":{"FIREBASE_CONFIG":"{\"projectId\":\"wificontent-143da\",\"databaseURL\":\"https://wificontent-143da-default-rtdb.firebaseio.com\",\"storageBucket\":\"wificontent-143da.firebasestorage.app\"}","GCLOUD_PROJECT":"wificontent-143da","EVENTARC_CLOUD_EVENT_SOURCE":"projects/wificontent-143da/locations/us-central1/functions/cleanBadgesOnContentRemoval"},"runtime":"nodejs20","buildEnvironmentVariables":{"GOOGLE_NODE_RUN_SCRIPTS":""},"dockerRegistry":"ARTIFACT_REGISTRY"},"versionId":"1","updateTime":"2026-06-12T03:52:42.839839353Z","buildId":"85d474bb-49b2-4250-9c74-9e85b7b88383","buildName":"projects/158237266758/locations/us-central1/builds/85d474bb-49b2-4250-9c74-9e85b7b88383"}}
[debug] [2026-06-12T03:53:29.713Z] [create-default-us-central1-cleanBadgesOnContentRemoval] Retrying task index 0
[debug] [2026-06-12T03:53:29.715Z] Checked if tokens are valid: true, expires at: 1781239710613
[debug] [2026-06-12T03:53:29.715Z] Checked if tokens are valid: true, expires at: 1781239710613
[debug] [2026-06-12T03:53:29.715Z] >>> [apiv2][query] GET https://cloudfunctions.googleapis.com/v1/operations/cHJvamVjdHMvd2lmaWNvbnRlbnQtMTQzZGEvbG9jYXRpb25zL3VzLWNlbnRyYWwxL29wZXJhdGlvbnMvb3BlcmF0aW9uLTE3ODEyMzYzNjI0NjctNjU0MDY2OGE1NTg2MS03NTQwODhmNC1mZGJhZWU0Yw [none]
[debug] [2026-06-12T03:53:30.017Z] <<< [apiv2][status] GET https://cloudfunctions.googleapis.com/v1/operations/cHJvamVjdHMvd2lmaWNvbnRlbnQtMTQzZGEvbG9jYXRpb25zL3VzLWNlbnRyYWwxL29wZXJhdGlvbnMvb3BlcmF0aW9uLTE3ODEyMzYzNjI0NjctNjU0MDY2OGE1NTg2MS03NTQwODhmNC1mZGJhZWU0Yw 200
[debug] [2026-06-12T03:53:30.017Z] <<< [apiv2][body] GET https://cloudfunctions.googleapis.com/v1/operations/cHJvamVjdHMvd2lmaWNvbnRlbnQtMTQzZGEvbG9jYXRpb25zL3VzLWNlbnRyYWwxL29wZXJhdGlvbnMvb3BlcmF0aW9uLTE3ODEyMzYzNjI0NjctNjU0MDY2OGE1NTg2MS03NTQwODhmNC1mZGJhZWU0Yw {"name":"operations/cHJvamVjdHMvd2lmaWNvbnRlbnQtMTQzZGEvbG9jYXRpb25zL3VzLWNlbnRyYWwxL29wZXJhdGlvbnMvb3BlcmF0aW9uLTE3ODEyMzYzNjI0NjctNjU0MDY2OGE1NTg2MS03NTQwODhmNC1mZGJhZWU0Yw","metadata":{"@type":"type.googleapis.com/google.cloud.functions.v1.OperationMetadataV1","target":"projects/wificontent-143da/locations/us-central1/functions/cleanBadgesOnContentRemoval","type":"CREATE_FUNCTION","request":{"@type":"type.googleapis.com/google.cloud.functions.v1.CloudFunction","name":"projects/wificontent-143da/locations/us-central1/functions/cleanBadgesOnContentRemoval","eventTrigger":{"eventType":"providers/google.firebase.database/eventTypes/ref.write","resource":"projects/_/instances/wificontent-143da-default-rtdb/refs/posts/{postId}/content","failurePolicy":{}},"entryPoint":"cleanBadgesOnContentRemoval","updateTime":"1970-01-01T00:00:00Z","labels":{"deployment-tool":"cli-firebase","firebase-functions-hash":"f04f99181a37ddd0deea7a83159d393e6ce5c944"},"sourceUploadUrl":"https://storage.googleapis.com/uploads-692370461028.us-central1.cloudfunctions.appspot.com/4436f6aa-1e4b-40fa-8a94-60d055a1c725.zip?GoogleAccessId=service-158237266758@gcf-admin-robot.iam.gserviceaccount.com&Expires=1781238114&Signature=DkrHjDE%2BbtV6oKS1GQlRcqSOI%2B3VlYtP33tXN3kx%2Fav25M5%2FU3R0TaZubs8hZYXtSqWOv%2BqmoaBPVOTPaS1Ttfhk7LGEG74r6F2blyf%2FEH98MGik0ZfVMIbEIcnTK0tBP1PWAObrpPeJdrVgZvP7vGkQ%2BF0BgVAferQC93xeGbIz1xwySdqJjg94XXTyZOXKlbdSu8UPZxzL%2Br4%2Fn7p%2BZmJv5u6wtwTb6tS4wgGre4774xcNPaszeR5UkBMz85JsD%2FWpzoiFnbJQ4WY2jcWy5QjJlaUeO8R5hgnXqs6tuX8yvWiUU9%2BqFvK5hfuP%2BOPCxIMCKmfy5opSphpUy21zKw%3D%3D","environmentVariables":{"FIREBASE_CONFIG":"{\"projectId\":\"wificontent-143da\",\"databaseURL\":\"https://wificontent-143da-default-rtdb.firebaseio.com\",\"storageBucket\":\"wificontent-143da.firebasestorage.app\"}","GCLOUD_PROJECT":"wificontent-143da","EVENTARC_CLOUD_EVENT_SOURCE":"projects/wificontent-143da/locations/us-central1/functions/cleanBadgesOnContentRemoval"},"runtime":"nodejs20","buildEnvironmentVariables":{"GOOGLE_NODE_RUN_SCRIPTS":""},"dockerRegistry":"ARTIFACT_REGISTRY"},"versionId":"1","updateTime":"2026-06-12T03:53:22.849199031Z","buildId":"85d474bb-49b2-4250-9c74-9e85b7b88383","buildName":"projects/158237266758/locations/us-central1/builds/85d474bb-49b2-4250-9c74-9e85b7b88383"},"done":true,"error":{"code":3,"message":"Gen1 operation for function projects/wificontent-143da/locations/us-central1/functions/cleanBadgesOnContentRemoval failed: Build failed: npm error code EUSAGE\nnpm error\nnpm error `npm ci` can only install packages when your package.json and package-lock.json or npm-shrinkwrap.json are in sync. Please update your lock file with `npm install` before continuing.\nnpm error\nnpm error Missing: acorn@8.17.0 from lock file\nnpm error Missing: @types/markdown-it@14.1.2 from lock file\nnpm error Missing: markdown-it@14.2.0 from lock file\nnpm error\nnpm error Clean install a project\nnpm error\nnpm error Usage:\nnpm error npm ci\nnpm error\nnpm error Options:\nnpm error [--install-strategy <hoisted|nested|shallow|linked>] [--legacy-bundling]\nnpm error [--global-style] [--omit <dev|optional|peer> [--omit <dev|optional|peer> ...]]\nnpm error [--include <prod|dev|optional|peer> [--include <prod|dev|optional|peer> ...]]\nnpm error [--strict-peer-deps] [--foreground-scripts] [--ignore-scripts] [--no-audit]\nnpm error [--no-bin-links] [--no-fund] [--dry-run]\nnpm error [-w|--workspace <workspace-name> [-w|--workspace <workspace-name> ...]]\nnpm error [-ws|--workspaces] [--include-workspace-root] [--install-links]\nnpm error\nnpm error aliases: clean-install, ic, install-clean, isntall-clean\nnpm error\nnpm error Run \"npm help ci\" for more info\nnpm error A complete log of this run can be found in: /www-data-home/.npm/_logs/2026-06-12T03_53_00_629Z-debug-0.log; Error ID: 7fa33aaa."}}
[debug] [2026-06-12T03:53:30.017Z] Got source token undefined for region us-central1
[error] Gen1 operation for function projects/wificontent-143da/locations/us-central1/functions/cleanBadgesOnContentRemoval failed: Build failed: npm error code EUSAGE
npm error
npm error `npm ci` can only install packages when your package.json and package-lock.json or npm-shrinkwrap.json are in sync. Please update your lock file with `npm install` before continuing.
npm error
npm error Missing: acorn@8.17.0 from lock file
npm error Missing: @types/markdown-it@14.1.2 from lock file
npm error Missing: markdown-it@14.2.0 from lock file
npm error
npm error Clean install a project
npm error
npm error Usage:
npm error npm ci
npm error
npm error Options:
npm error [--install-strategy <hoisted|nested|shallow|linked>] [--legacy-bundling]
npm error [--global-style] [--omit <dev|optional|peer> [--omit <dev|optional|peer> ...]]
npm error [--include <prod|dev|optional|peer> [--include <prod|dev|optional|peer> ...]]
npm error [--strict-peer-deps] [--foreground-scripts] [--ignore-scripts] [--no-audit]
npm error [--no-bin-links] [--no-fund] [--dry-run]
npm error [-w|--workspace <workspace-name> [-w|--workspace <workspace-name> ...]]
npm error [-ws|--workspaces] [--include-workspace-root] [--install-links]
npm error
npm error aliases: clean-install, ic, install-clean, isntall-clean
npm error
npm error Run "npm help ci" for more info
npm error A complete log of this run can be found in: /www-data-home/.npm/_logs/2026-06-12T03_53_00_629Z-debug-0.log; Error ID: 7fa33aaa.
[debug] [2026-06-12T03:53:30.041Z] Total Function Deployment time: 95244
[debug] [2026-06-12T03:53:30.041Z] 11 Functions Deployed
[debug] [2026-06-12T03:53:30.041Z] 11 Functions Errored
[debug] [2026-06-12T03:53:30.041Z] 0 Function Deployments Aborted
[debug] [2026-06-12T03:53:30.041Z] Average Function Deployment time: 78065.27272727272
[info] 
[info] Functions deploy had errors with the following functions:
	api(us-central1)
	cleanBadgesOnContentRemoval(us-central1)
	consumeUserBadgeOnPostCreate(us-central1)
	createCheckoutSession(us-central1)
	createCheckoutSessionCallable(us-central1)
	createPaymentIntent(us-central1)
	enforceUserPostLimit(us-central1)
	getCheckoutSessionResult(us-central1)
	handleStripeWebhook(us-central1)
	moderateMedia(us-central1)
	postMetricsAggregator(us-central1)
[debug] [2026-06-12T03:53:30.228Z] Not printing URL for HTTPS function. Typically this means it didn't match a filter or we failed deployment
[debug] [2026-06-12T03:53:30.228Z] Not printing URL for HTTPS function. Typically this means it didn't match a filter or we failed deployment
[debug] [2026-06-12T03:53:30.228Z] Not printing URL for HTTPS function. Typically this means it didn't match a filter or we failed deployment
[debug] [2026-06-12T03:53:30.229Z] Checked if tokens are valid: true, expires at: 1781239710613
[debug] [2026-06-12T03:53:30.229Z] Checked if tokens are valid: true, expires at: 1781239710613
[debug] [2026-06-12T03:53:30.229Z] >>> [apiv2][query] GET https://artifactregistry.googleapis.com/v1/projects/wificontent-143da/locations/us-central1/repositories/gcf-artifacts [none]
[debug] [2026-06-12T03:53:30.906Z] <<< [apiv2][status] GET https://artifactregistry.googleapis.com/v1/projects/wificontent-143da/locations/us-central1/repositories/gcf-artifacts 200
[debug] [2026-06-12T03:53:30.906Z] <<< [apiv2][body] GET https://artifactregistry.googleapis.com/v1/projects/wificontent-143da/locations/us-central1/repositories/gcf-artifacts {"name":"projects/wificontent-143da/locations/us-central1/repositories/gcf-artifacts","format":"DOCKER","description":"This repository is created and used by Cloud Functions for storing function docker images.","labels":{"goog-managed-by":"cloudfunctions"},"createTime":"2026-06-03T23:47:32.950589Z","updateTime":"2026-06-05T21:45:13.513363Z","mode":"STANDARD_REPOSITORY","cleanupPolicies":{"firebase-functions-cleanup":{"id":"firebase-functions-cleanup","action":"DELETE","condition":{"tagState":"ANY","olderThan":"86400s"}}},"vulnerabilityScanningConfig":{"lastEnableTime":"2026-06-03T23:47:24.096144007Z","enablementState":"SCANNING_DISABLED","enablementStateReason":"API containerscanning.googleapis.com is not enabled."},"satisfiesPzi":true,"registryUri":"us-central1-docker.pkg.dev/wificontent-143da/gcf-artifacts"}
[debug] [2026-06-12T03:53:30.907Z] Functions deploy failed.
[debug] [2026-06-12T03:53:30.907Z] {
  "endpoint": {
    "id": "moderateMedia",
    "project": "wificontent-143da",
    "region": "us-central1",
    "entryPoint": "moderateMedia",
    "platform": "gcfv1",
    "runtime": "nodejs20",
    "callableTrigger": {},
    "labels": {
      "deployment-tool": "cli-firebase"
    },
    "secretEnvironmentVariables": [
      {
        "key": "VISION_SA_KEY",
        "secret": "VISION_SA_KEY",
        "projectId": "wificontent-143da",
        "version": "1"
      }
    ],
    "serviceAccount": null,
    "ingressSettings": null,
    "availableMemoryMb": 512,
    "timeoutSeconds": 180,
    "maxInstances": null,
    "minInstances": null,
    "vpc": null,
    "environmentVariables": {
      "FIREBASE_CONFIG": "{\"projectId\":\"wificontent-143da\",\"databaseURL\":\"https://wificontent-143da-default-rtdb.firebaseio.com\",\"storageBucket\":\"wificontent-143da.firebasestorage.app\"}",
      "GCLOUD_PROJECT": "wificontent-143da",
      "EVENTARC_CLOUD_EVENT_SOURCE": "projects/wificontent-143da/locations/us-central1/functions/moderateMedia"
    },
    "codebase": "default",
    "securityLevel": "SECURE_ALWAYS",
    "targetedByOnly": false,
    "hash": "1cafcc6931136bc8fac1115b6732069a832ba6b1"
  },
  "op": "update",
  "original": {
    "name": "FirebaseError",
    "children": [],
    "exit": 1,
    "message": "Build failed: npm error code EUSAGE\nnpm error\nnpm error `npm ci` can only install packages when your package.json and package-lock.json or npm-shrinkwrap.json are in sync. Please update your lock file with `npm install` before continuing.\nnpm error\nnpm error Missing: acorn@8.17.0 from lock file\nnpm error Missing: @types/markdown-it@14.1.2 from lock file\nnpm error Missing: markdown-it@14.2.0 from lock file\nnpm error\nnpm error Clean install a project\nnpm error\nnpm error Usage:\nnpm error npm ci\nnpm error\nnpm error Options:\nnpm error [--install-strategy <hoisted|nested|shallow|linked>] [--legacy-bundling]\nnpm error [--global-style] [--omit <dev|optional|peer> [--omit <dev|optional|peer> ...]]\nnpm error [--include <prod|dev|optional|peer> [--include <prod|dev|optional|peer> ...]]\nnpm error [--strict-peer-deps] [--foreground-scripts] [--ignore-scripts] [--no-audit]\nnpm error [--no-bin-links] [--no-fund] [--dry-run]\nnpm error [-w|--workspace <workspace-name> [-w|--workspace <workspace-name> ...]]\nnpm error [-ws|--workspaces] [--include-workspace-root] [--install-links]\nnpm error\nnpm error aliases: clean-install, ic, install-clean, isntall-clean\nnpm error\nnpm error Run \"npm help ci\" for more info\nnpm error A complete log of this run can be found in: /www-data-home/.npm/_logs/2026-06-12T03_52_10_471Z-debug-0.log; Error ID: 7fa33aaa",
    "original": {
      "code": 3,
      "message": "Build failed: npm error code EUSAGE\nnpm error\nnpm error `npm ci` can only install packages when your package.json and package-lock.json or npm-shrinkwrap.json are in sync. Please update your lock file with `npm install` before continuing.\nnpm error\nnpm error Missing: acorn@8.17.0 from lock file\nnpm error Missing: @types/markdown-it@14.1.2 from lock file\nnpm error Missing: markdown-it@14.2.0 from lock file\nnpm error\nnpm error Clean install a project\nnpm error\nnpm error Usage:\nnpm error npm ci\nnpm error\nnpm error Options:\nnpm error [--install-strategy <hoisted|nested|shallow|linked>] [--legacy-bundling]\nnpm error [--global-style] [--omit <dev|optional|peer> [--omit <dev|optional|peer> ...]]\nnpm error [--include <prod|dev|optional|peer> [--include <prod|dev|optional|peer> ...]]\nnpm error [--strict-peer-deps] [--foreground-scripts] [--ignore-scripts] [--no-audit]\nnpm error [--no-bin-links] [--no-fund] [--dry-run]\nnpm error [-w|--workspace <workspace-name> [-w|--workspace <workspace-name> ...]]\nnpm error [-ws|--workspaces] [--include-workspace-root] [--install-links]\nnpm error\nnpm error aliases: clean-install, ic, install-clean, isntall-clean\nnpm error\nnpm error Run \"npm help ci\" for more info\nnpm error A complete log of this run can be found in: /www-data-home/.npm/_logs/2026-06-12T03_52_10_471Z-debug-0.log; Error ID: 7fa33aaa"
    },
    "status": 3,
    "code": 3
  }
}
[debug] [2026-06-12T03:53:30.907Z] {
  "endpoint": {
    "id": "enforceUserPostLimit",
    "project": "wificontent-143da",
    "region": "us-central1",
    "entryPoint": "enforceUserPostLimit",
    "platform": "gcfv1",
    "runtime": "nodejs20",
    "eventTrigger": {
      "eventType": "providers/google.firebase.database/eventTypes/ref.create",
      "retry": false,
      "eventFilters": {
        "resource": "projects/_/instances/wificontent-143da-default-rtdb/refs/posts/{postId}"
      }
    },
    "labels": {
      "deployment-tool": "cli-firebase"
    },
    "serviceAccount": null,
    "ingressSettings": null,
    "availableMemoryMb": null,
    "timeoutSeconds": null,
    "maxInstances": null,
    "minInstances": null,
    "vpc": null,
    "environmentVariables": {
      "FIREBASE_CONFIG": "{\"projectId\":\"wificontent-143da\",\"databaseURL\":\"https://wificontent-143da-default-rtdb.firebaseio.com\",\"storageBucket\":\"wificontent-143da.firebasestorage.app\"}",
      "GCLOUD_PROJECT": "wificontent-143da",
      "EVENTARC_CLOUD_EVENT_SOURCE": "projects/wificontent-143da/locations/us-central1/functions/enforceUserPostLimit"
    },
    "codebase": "default",
    "targetedByOnly": false,
    "hash": "f04f99181a37ddd0deea7a83159d393e6ce5c944"
  },
  "op": "create",
  "original": {
    "name": "FirebaseError",
    "children": [],
    "exit": 1,
    "message": "Gen1 operation for function projects/wificontent-143da/locations/us-central1/functions/enforceUserPostLimit failed: Build failed: npm error code EUSAGE\nnpm error\nnpm error `npm ci` can only install packages when your package.json and package-lock.json or npm-shrinkwrap.json are in sync. Please update your lock file with `npm install` before continuing.\nnpm error\nnpm error Missing: acorn@8.17.0 from lock file\nnpm error Missing: @types/markdown-it@14.1.2 from lock file\nnpm error Missing: markdown-it@14.2.0 from lock file\nnpm error\nnpm error Clean install a project\nnpm error\nnpm error Usage:\nnpm error npm ci\nnpm error\nnpm error Options:\nnpm error [--install-strategy <hoisted|nested|shallow|linked>] [--legacy-bundling]\nnpm error [--global-style] [--omit <dev|optional|peer> [--omit <dev|optional|peer> ...]]\nnpm error [--include <prod|dev|optional|peer> [--include <prod|dev|optional|peer> ...]]\nnpm error [--strict-peer-deps] [--foreground-scripts] [--ignore-scripts] [--no-audit]\nnpm error [--no-bin-links] [--no-fund] [--dry-run]\nnpm error [-w|--workspace <workspace-name> [-w|--workspace <workspace-name> ...]]\nnpm error [-ws|--workspaces] [--include-workspace-root] [--install-links]\nnpm error\nnpm error aliases: clean-install, ic, install-clean, isntall-clean\nnpm error\nnpm error Run \"npm help ci\" for more info\nnpm error A complete log of this run can be found in: /www-data-home/.npm/_logs/2026-06-12T03_52_13_454Z-debug-0.log; Error ID: 7fa33aaa.",
    "original": {
      "code": 3,
      "message": "Gen1 operation for function projects/wificontent-143da/locations/us-central1/functions/enforceUserPostLimit failed: Build failed: npm error code EUSAGE\nnpm error\nnpm error `npm ci` can only install packages when your package.json and package-lock.json or npm-shrinkwrap.json are in sync. Please update your lock file with `npm install` before continuing.\nnpm error\nnpm error Missing: acorn@8.17.0 from lock file\nnpm error Missing: @types/markdown-it@14.1.2 from lock file\nnpm error Missing: markdown-it@14.2.0 from lock file\nnpm error\nnpm error Clean install a project\nnpm error\nnpm error Usage:\nnpm error npm ci\nnpm error\nnpm error Options:\nnpm error [--install-strategy <hoisted|nested|shallow|linked>] [--legacy-bundling]\nnpm error [--global-style] [--omit <dev|optional|peer> [--omit <dev|optional|peer> ...]]\nnpm error [--include <prod|dev|optional|peer> [--include <prod|dev|optional|peer> ...]]\nnpm error [--strict-peer-deps] [--foreground-scripts] [--ignore-scripts] [--no-audit]\nnpm error [--no-bin-links] [--no-fund] [--dry-run]\nnpm error [-w|--workspace <workspace-name> [-w|--workspace <workspace-name> ...]]\nnpm error [-ws|--workspaces] [--include-workspace-root] [--install-links]\nnpm error\nnpm error aliases: clean-install, ic, install-clean, isntall-clean\nnpm error\nnpm error Run \"npm help ci\" for more info\nnpm error A complete log of this run can be found in: /www-data-home/.npm/_logs/2026-06-12T03_52_13_454Z-debug-0.log; Error ID: 7fa33aaa."
    },
    "status": 3,
    "code": 3
  }
}
[debug] [2026-06-12T03:53:30.908Z] {
  "endpoint": {
    "id": "getCheckoutSessionResult",
    "project": "wificontent-143da",
    "region": "us-central1",
    "entryPoint": "getCheckoutSessionResult",
    "platform": "gcfv1",
    "runtime": "nodejs20",
    "callableTrigger": {},
    "labels": {
      "deployment-tool": "cli-firebase"
    },
    "secretEnvironmentVariables": [
      {
        "key": "STRIPE_SECRET",
        "secret": "STRIPE_SECRET",
        "projectId": "wificontent-143da",
        "version": "1"
      }
    ],
    "serviceAccount": null,
    "ingressSettings": null,
    "availableMemoryMb": null,
    "timeoutSeconds": null,
    "maxInstances": null,
    "minInstances": null,
    "vpc": null,
    "environmentVariables": {
      "FIREBASE_CONFIG": "{\"projectId\":\"wificontent-143da\",\"databaseURL\":\"https://wificontent-143da-default-rtdb.firebaseio.com\",\"storageBucket\":\"wificontent-143da.firebasestorage.app\"}",
      "GCLOUD_PROJECT": "wificontent-143da",
      "EVENTARC_CLOUD_EVENT_SOURCE": "projects/wificontent-143da/locations/us-central1/functions/getCheckoutSessionResult"
    },
    "codebase": "default",
    "securityLevel": "SECURE_ALWAYS",
    "targetedByOnly": false,
    "hash": "16c76575d73ded68adb989e0bab01fa6f6fd5eab"
  },
  "op": "update",
  "original": {
    "name": "FirebaseError",
    "children": [],
    "exit": 1,
    "message": "Build failed: npm error code EUSAGE\nnpm error\nnpm error `npm ci` can only install packages when your package.json and package-lock.json or npm-shrinkwrap.json are in sync. Please update your lock file with `npm install` before continuing.\nnpm error\nnpm error Missing: acorn@8.17.0 from lock file\nnpm error Missing: @types/markdown-it@14.1.2 from lock file\nnpm error Missing: markdown-it@14.2.0 from lock file\nnpm error\nnpm error Clean install a project\nnpm error\nnpm error Usage:\nnpm error npm ci\nnpm error\nnpm error Options:\nnpm error [--install-strategy <hoisted|nested|shallow|linked>] [--legacy-bundling]\nnpm error [--global-style] [--omit <dev|optional|peer> [--omit <dev|optional|peer> ...]]\nnpm error [--include <prod|dev|optional|peer> [--include <prod|dev|optional|peer> ...]]\nnpm error [--strict-peer-deps] [--foreground-scripts] [--ignore-scripts] [--no-audit]\nnpm error [--no-bin-links] [--no-fund] [--dry-run]\nnpm error [-w|--workspace <workspace-name> [-w|--workspace <workspace-name> ...]]\nnpm error [-ws|--workspaces] [--include-workspace-root] [--install-links]\nnpm error\nnpm error aliases: clean-install, ic, install-clean, isntall-clean\nnpm error\nnpm error Run \"npm help ci\" for more info\nnpm error A complete log of this run can be found in: /www-data-home/.npm/_logs/2026-06-12T03_52_56_610Z-debug-0.log; Error ID: 7fa33aaa",
    "original": {
      "code": 3,
      "message": "Build failed: npm error code EUSAGE\nnpm error\nnpm error `npm ci` can only install packages when your package.json and package-lock.json or npm-shrinkwrap.json are in sync. Please update your lock file with `npm install` before continuing.\nnpm error\nnpm error Missing: acorn@8.17.0 from lock file\nnpm error Missing: @types/markdown-it@14.1.2 from lock file\nnpm error Missing: markdown-it@14.2.0 from lock file\nnpm error\nnpm error Clean install a project\nnpm error\nnpm error Usage:\nnpm error npm ci\nnpm error\nnpm error Options:\nnpm error [--install-strategy <hoisted|nested|shallow|linked>] [--legacy-bundling]\nnpm error [--global-style] [--omit <dev|optional|peer> [--omit <dev|optional|peer> ...]]\nnpm error [--include <prod|dev|optional|peer> [--include <prod|dev|optional|peer> ...]]\nnpm error [--strict-peer-deps] [--foreground-scripts] [--ignore-scripts] [--no-audit]\nnpm error [--no-bin-links] [--no-fund] [--dry-run]\nnpm error [-w|--workspace <workspace-name> [-w|--workspace <workspace-name> ...]]\nnpm error [-ws|--workspaces] [--include-workspace-root] [--install-links]\nnpm error\nnpm error aliases: clean-install, ic, install-clean, isntall-clean\nnpm error\nnpm error Run \"npm help ci\" for more info\nnpm error A complete log of this run can be found in: /www-data-home/.npm/_logs/2026-06-12T03_52_56_610Z-debug-0.log; Error ID: 7fa33aaa"
    },
    "status": 3,
    "code": 3
  }
}
[debug] [2026-06-12T03:53:30.908Z] {
  "endpoint": {
    "id": "createCheckoutSession",
    "project": "wificontent-143da",
    "region": "us-central1",
    "entryPoint": "createCheckoutSession",
    "platform": "gcfv1",
    "runtime": "nodejs20",
    "httpsTrigger": {},
    "secretEnvironmentVariables": [
      {
        "key": "STRIPE_SECRET",
        "secret": "STRIPE_SECRET",
        "projectId": "wificontent-143da",
        "version": "1"
      }
    ],
    "serviceAccount": null,
    "ingressSettings": null,
    "availableMemoryMb": null,
    "timeoutSeconds": null,
    "maxInstances": null,
    "minInstances": null,
    "vpc": null,
    "environmentVariables": {
      "FIREBASE_CONFIG": "{\"projectId\":\"wificontent-143da\",\"databaseURL\":\"https://wificontent-143da-default-rtdb.firebaseio.com\",\"storageBucket\":\"wificontent-143da.firebasestorage.app\"}",
      "GCLOUD_PROJECT": "wificontent-143da",
      "EVENTARC_CLOUD_EVENT_SOURCE": "projects/wificontent-143da/locations/us-central1/functions/createCheckoutSession"
    },
    "codebase": "default",
    "securityLevel": "SECURE_ALWAYS",
    "targetedByOnly": false,
    "hash": "16c76575d73ded68adb989e0bab01fa6f6fd5eab",
    "labels": {
      "deployment-tool": "cli-firebase"
    }
  },
  "op": "update",
  "original": {
    "name": "FirebaseError",
    "children": [],
    "exit": 1,
    "message": "Build failed: npm error code EUSAGE\nnpm error\nnpm error `npm ci` can only install packages when your package.json and package-lock.json or npm-shrinkwrap.json are in sync. Please update your lock file with `npm install` before continuing.\nnpm error\nnpm error Missing: acorn@8.17.0 from lock file\nnpm error Missing: @types/markdown-it@14.1.2 from lock file\nnpm error Missing: markdown-it@14.2.0 from lock file\nnpm error\nnpm error Clean install a project\nnpm error\nnpm error Usage:\nnpm error npm ci\nnpm error\nnpm error Options:\nnpm error [--install-strategy <hoisted|nested|shallow|linked>] [--legacy-bundling]\nnpm error [--global-style] [--omit <dev|optional|peer> [--omit <dev|optional|peer> ...]]\nnpm error [--include <prod|dev|optional|peer> [--include <prod|dev|optional|peer> ...]]\nnpm error [--strict-peer-deps] [--foreground-scripts] [--ignore-scripts] [--no-audit]\nnpm error [--no-bin-links] [--no-fund] [--dry-run]\nnpm error [-w|--workspace <workspace-name> [-w|--workspace <workspace-name> ...]]\nnpm error [-ws|--workspaces] [--include-workspace-root] [--install-links]\nnpm error\nnpm error aliases: clean-install, ic, install-clean, isntall-clean\nnpm error\nnpm error Run \"npm help ci\" for more info\nnpm error A complete log of this run can be found in: /www-data-home/.npm/_logs/2026-06-12T03_52_58_279Z-debug-0.log; Error ID: 7fa33aaa",
    "original": {
      "code": 3,
      "message": "Build failed: npm error code EUSAGE\nnpm error\nnpm error `npm ci` can only install packages when your package.json and package-lock.json or npm-shrinkwrap.json are in sync. Please update your lock file with `npm install` before continuing.\nnpm error\nnpm error Missing: acorn@8.17.0 from lock file\nnpm error Missing: @types/markdown-it@14.1.2 from lock file\nnpm error Missing: markdown-it@14.2.0 from lock file\nnpm error\nnpm error Clean install a project\nnpm error\nnpm error Usage:\nnpm error npm ci\nnpm error\nnpm error Options:\nnpm error [--install-strategy <hoisted|nested|shallow|linked>] [--legacy-bundling]\nnpm error [--global-style] [--omit <dev|optional|peer> [--omit <dev|optional|peer> ...]]\nnpm error [--include <prod|dev|optional|peer> [--include <prod|dev|optional|peer> ...]]\nnpm error [--strict-peer-deps] [--foreground-scripts] [--ignore-scripts] [--no-audit]\nnpm error [--no-bin-links] [--no-fund] [--dry-run]\nnpm error [-w|--workspace <workspace-name> [-w|--workspace <workspace-name> ...]]\nnpm error [-ws|--workspaces] [--include-workspace-root] [--install-links]\nnpm error\nnpm error aliases: clean-install, ic, install-clean, isntall-clean\nnpm error\nnpm error Run \"npm help ci\" for more info\nnpm error A complete log of this run can be found in: /www-data-home/.npm/_logs/2026-06-12T03_52_58_279Z-debug-0.log; Error ID: 7fa33aaa"
    },
    "status": 3,
    "code": 3
  }
}
[debug] [2026-06-12T03:53:30.908Z] {
  "endpoint": {
    "id": "handleStripeWebhook",
    "project": "wificontent-143da",
    "region": "us-central1",
    "entryPoint": "handleStripeWebhook",
    "platform": "gcfv1",
    "runtime": "nodejs20",
    "httpsTrigger": {},
    "secretEnvironmentVariables": [
      {
        "key": "STRIPE_SECRET",
        "secret": "STRIPE_SECRET",
        "projectId": "wificontent-143da",
        "version": "1"
      },
      {
        "key": "STRIPE_WEBHOOK_SECRET",
        "secret": "STRIPE_WEBHOOK_SECRET",
        "projectId": "wificontent-143da",
        "version": "1"
      }
    ],
    "serviceAccount": null,
    "ingressSettings": null,
    "availableMemoryMb": null,
    "timeoutSeconds": null,
    "maxInstances": null,
    "minInstances": null,
    "vpc": null,
    "environmentVariables": {
      "FIREBASE_CONFIG": "{\"projectId\":\"wificontent-143da\",\"databaseURL\":\"https://wificontent-143da-default-rtdb.firebaseio.com\",\"storageBucket\":\"wificontent-143da.firebasestorage.app\"}",
      "GCLOUD_PROJECT": "wificontent-143da",
      "EVENTARC_CLOUD_EVENT_SOURCE": "projects/wificontent-143da/locations/us-central1/functions/handleStripeWebhook"
    },
    "codebase": "default",
    "securityLevel": "SECURE_ALWAYS",
    "targetedByOnly": false,
    "hash": "823af96df830f3f75c86b6355a997e6cb543b5fa",
    "labels": {
      "deployment-tool": "cli-firebase"
    }
  },
  "op": "update",
  "original": {
    "name": "FirebaseError",
    "children": [],
    "exit": 1,
    "message": "Build failed: npm error code EUSAGE\nnpm error\nnpm error `npm ci` can only install packages when your package.json and package-lock.json or npm-shrinkwrap.json are in sync. Please update your lock file with `npm install` before continuing.\nnpm error\nnpm error Missing: acorn@8.17.0 from lock file\nnpm error Missing: @types/markdown-it@14.1.2 from lock file\nnpm error Missing: markdown-it@14.2.0 from lock file\nnpm error\nnpm error Clean install a project\nnpm error\nnpm error Usage:\nnpm error npm ci\nnpm error\nnpm error Options:\nnpm error [--install-strategy <hoisted|nested|shallow|linked>] [--legacy-bundling]\nnpm error [--global-style] [--omit <dev|optional|peer> [--omit <dev|optional|peer> ...]]\nnpm error [--include <prod|dev|optional|peer> [--include <prod|dev|optional|peer> ...]]\nnpm error [--strict-peer-deps] [--foreground-scripts] [--ignore-scripts] [--no-audit]\nnpm error [--no-bin-links] [--no-fund] [--dry-run]\nnpm error [-w|--workspace <workspace-name> [-w|--workspace <workspace-name> ...]]\nnpm error [-ws|--workspaces] [--include-workspace-root] [--install-links]\nnpm error\nnpm error aliases: clean-install, ic, install-clean, isntall-clean\nnpm error\nnpm error Run \"npm help ci\" for more info\nnpm error A complete log of this run can be found in: /www-data-home/.npm/_logs/2026-06-12T03_52_55_628Z-debug-0.log; Error ID: 7fa33aaa",
    "original": {
      "code": 3,
      "message": "Build failed: npm error code EUSAGE\nnpm error\nnpm error `npm ci` can only install packages when your package.json and package-lock.json or npm-shrinkwrap.json are in sync. Please update your lock file with `npm install` before continuing.\nnpm error\nnpm error Missing: acorn@8.17.0 from lock file\nnpm error Missing: @types/markdown-it@14.1.2 from lock file\nnpm error Missing: markdown-it@14.2.0 from lock file\nnpm error\nnpm error Clean install a project\nnpm error\nnpm error Usage:\nnpm error npm ci\nnpm error\nnpm error Options:\nnpm error [--install-strategy <hoisted|nested|shallow|linked>] [--legacy-bundling]\nnpm error [--global-style] [--omit <dev|optional|peer> [--omit <dev|optional|peer> ...]]\nnpm error [--include <prod|dev|optional|peer> [--include <prod|dev|optional|peer> ...]]\nnpm error [--strict-peer-deps] [--foreground-scripts] [--ignore-scripts] [--no-audit]\nnpm error [--no-bin-links] [--no-fund] [--dry-run]\nnpm error [-w|--workspace <workspace-name> [-w|--workspace <workspace-name> ...]]\nnpm error [-ws|--workspaces] [--include-workspace-root] [--install-links]\nnpm error\nnpm error aliases: clean-install, ic, install-clean, isntall-clean\nnpm error\nnpm error Run \"npm help ci\" for more info\nnpm error A complete log of this run can be found in: /www-data-home/.npm/_logs/2026-06-12T03_52_55_628Z-debug-0.log; Error ID: 7fa33aaa"
    },
    "status": 3,
    "code": 3
  }
}
[debug] [2026-06-12T03:53:30.908Z] {
  "endpoint": {
    "id": "createCheckoutSessionCallable",
    "project": "wificontent-143da",
    "region": "us-central1",
    "entryPoint": "createCheckoutSessionCallable",
    "platform": "gcfv1",
    "runtime": "nodejs20",
    "callableTrigger": {},
    "labels": {
      "deployment-tool": "cli-firebase"
    },
    "secretEnvironmentVariables": [
      {
        "key": "STRIPE_SECRET",
        "secret": "STRIPE_SECRET",
        "projectId": "wificontent-143da",
        "version": "1"
      }
    ],
    "serviceAccount": null,
    "ingressSettings": null,
    "availableMemoryMb": null,
    "timeoutSeconds": null,
    "maxInstances": null,
    "minInstances": null,
    "vpc": null,
    "environmentVariables": {
      "FIREBASE_CONFIG": "{\"projectId\":\"wificontent-143da\",\"databaseURL\":\"https://wificontent-143da-default-rtdb.firebaseio.com\",\"storageBucket\":\"wificontent-143da.firebasestorage.app\"}",
      "GCLOUD_PROJECT": "wificontent-143da",
      "EVENTARC_CLOUD_EVENT_SOURCE": "projects/wificontent-143da/locations/us-central1/functions/createCheckoutSessionCallable"
    },
    "codebase": "default",
    "securityLevel": "SECURE_ALWAYS",
    "targetedByOnly": false,
    "hash": "16c76575d73ded68adb989e0bab01fa6f6fd5eab"
  },
  "op": "update",
  "original": {
    "name": "FirebaseError",
    "children": [],
    "exit": 1,
    "message": "Build failed: npm error code EUSAGE\nnpm error\nnpm error `npm ci` can only install packages when your package.json and package-lock.json or npm-shrinkwrap.json are in sync. Please update your lock file with `npm install` before continuing.\nnpm error\nnpm error Missing: acorn@8.17.0 from lock file\nnpm error Missing: @types/markdown-it@14.1.2 from lock file\nnpm error Missing: markdown-it@14.2.0 from lock file\nnpm error\nnpm error Clean install a project\nnpm error\nnpm error Usage:\nnpm error npm ci\nnpm error\nnpm error Options:\nnpm error [--install-strategy <hoisted|nested|shallow|linked>] [--legacy-bundling]\nnpm error [--global-style] [--omit <dev|optional|peer> [--omit <dev|optional|peer> ...]]\nnpm error [--include <prod|dev|optional|peer> [--include <prod|dev|optional|peer> ...]]\nnpm error [--strict-peer-deps] [--foreground-scripts] [--ignore-scripts] [--no-audit]\nnpm error [--no-bin-links] [--no-fund] [--dry-run]\nnpm error [-w|--workspace <workspace-name> [-w|--workspace <workspace-name> ...]]\nnpm error [-ws|--workspaces] [--include-workspace-root] [--install-links]\nnpm error\nnpm error aliases: clean-install, ic, install-clean, isntall-clean\nnpm error\nnpm error Run \"npm help ci\" for more info\nnpm error A complete log of this run can be found in: /www-data-home/.npm/_logs/2026-06-12T03_52_58_212Z-debug-0.log; Error ID: 7fa33aaa",
    "original": {
      "code": 3,
      "message": "Build failed: npm error code EUSAGE\nnpm error\nnpm error `npm ci` can only install packages when your package.json and package-lock.json or npm-shrinkwrap.json are in sync. Please update your lock file with `npm install` before continuing.\nnpm error\nnpm error Missing: acorn@8.17.0 from lock file\nnpm error Missing: @types/markdown-it@14.1.2 from lock file\nnpm error Missing: markdown-it@14.2.0 from lock file\nnpm error\nnpm error Clean install a project\nnpm error\nnpm error Usage:\nnpm error npm ci\nnpm error\nnpm error Options:\nnpm error [--install-strategy <hoisted|nested|shallow|linked>] [--legacy-bundling]\nnpm error [--global-style] [--omit <dev|optional|peer> [--omit <dev|optional|peer> ...]]\nnpm error [--include <prod|dev|optional|peer> [--include <prod|dev|optional|peer> ...]]\nnpm error [--strict-peer-deps] [--foreground-scripts] [--ignore-scripts] [--no-audit]\nnpm error [--no-bin-links] [--no-fund] [--dry-run]\nnpm error [-w|--workspace <workspace-name> [-w|--workspace <workspace-name> ...]]\nnpm error [-ws|--workspaces] [--include-workspace-root] [--install-links]\nnpm error\nnpm error aliases: clean-install, ic, install-clean, isntall-clean\nnpm error\nnpm error Run \"npm help ci\" for more info\nnpm error A complete log of this run can be found in: /www-data-home/.npm/_logs/2026-06-12T03_52_58_212Z-debug-0.log; Error ID: 7fa33aaa"
    },
    "status": 3,
    "code": 3
  }
}
[debug] [2026-06-12T03:53:30.908Z] {
  "endpoint": {
    "id": "api",
    "project": "wificontent-143da",
    "region": "us-central1",
    "entryPoint": "api",
    "platform": "gcfv1",
    "runtime": "nodejs20",
    "httpsTrigger": {},
    "serviceAccount": null,
    "ingressSettings": null,
    "availableMemoryMb": null,
    "timeoutSeconds": null,
    "maxInstances": null,
    "minInstances": null,
    "vpc": null,
    "environmentVariables": {
      "FIREBASE_CONFIG": "{\"projectId\":\"wificontent-143da\",\"databaseURL\":\"https://wificontent-143da-default-rtdb.firebaseio.com\",\"storageBucket\":\"wificontent-143da.firebasestorage.app\"}",
      "GCLOUD_PROJECT": "wificontent-143da",
      "EVENTARC_CLOUD_EVENT_SOURCE": "projects/wificontent-143da/locations/us-central1/functions/api"
    },
    "codebase": "default",
    "securityLevel": "SECURE_ALWAYS",
    "targetedByOnly": false,
    "hash": "f04f99181a37ddd0deea7a83159d393e6ce5c944",
    "labels": {
      "deployment-tool": "cli-firebase"
    }
  },
  "op": "update",
  "original": {
    "name": "FirebaseError",
    "children": [],
    "exit": 1,
    "message": "Build failed: npm error code EUSAGE\nnpm error\nnpm error `npm ci` can only install packages when your package.json and package-lock.json or npm-shrinkwrap.json are in sync. Please update your lock file with `npm install` before continuing.\nnpm error\nnpm error Missing: acorn@8.17.0 from lock file\nnpm error Missing: @types/markdown-it@14.1.2 from lock file\nnpm error Missing: markdown-it@14.2.0 from lock file\nnpm error\nnpm error Clean install a project\nnpm error\nnpm error Usage:\nnpm error npm ci\nnpm error\nnpm error Options:\nnpm error [--install-strategy <hoisted|nested|shallow|linked>] [--legacy-bundling]\nnpm error [--global-style] [--omit <dev|optional|peer> [--omit <dev|optional|peer> ...]]\nnpm error [--include <prod|dev|optional|peer> [--include <prod|dev|optional|peer> ...]]\nnpm error [--strict-peer-deps] [--foreground-scripts] [--ignore-scripts] [--no-audit]\nnpm error [--no-bin-links] [--no-fund] [--dry-run]\nnpm error [-w|--workspace <workspace-name> [-w|--workspace <workspace-name> ...]]\nnpm error [-ws|--workspaces] [--include-workspace-root] [--install-links]\nnpm error\nnpm error aliases: clean-install, ic, install-clean, isntall-clean\nnpm error\nnpm error Run \"npm help ci\" for more info\nnpm error A complete log of this run can be found in: /www-data-home/.npm/_logs/2026-06-12T03_52_57_257Z-debug-0.log; Error ID: 7fa33aaa",
    "original": {
      "code": 3,
      "message": "Build failed: npm error code EUSAGE\nnpm error\nnpm error `npm ci` can only install packages when your package.json and package-lock.json or npm-shrinkwrap.json are in sync. Please update your lock file with `npm install` before continuing.\nnpm error\nnpm error Missing: acorn@8.17.0 from lock file\nnpm error Missing: @types/markdown-it@14.1.2 from lock file\nnpm error Missing: markdown-it@14.2.0 from lock file\nnpm error\nnpm error Clean install a project\nnpm error\nnpm error Usage:\nnpm error npm ci\nnpm error\nnpm error Options:\nnpm error [--install-strategy <hoisted|nested|shallow|linked>] [--legacy-bundling]\nnpm error [--global-style] [--omit <dev|optional|peer> [--omit <dev|optional|peer> ...]]\nnpm error [--include <prod|dev|optional|peer> [--include <prod|dev|optional|peer> ...]]\nnpm error [--strict-peer-deps] [--foreground-scripts] [--ignore-scripts] [--no-audit]\nnpm error [--no-bin-links] [--no-fund] [--dry-run]\nnpm error [-w|--workspace <workspace-name> [-w|--workspace <workspace-name> ...]]\nnpm error [-ws|--workspaces] [--include-workspace-root] [--install-links]\nnpm error\nnpm error aliases: clean-install, ic, install-clean, isntall-clean\nnpm error\nnpm error Run \"npm help ci\" for more info\nnpm error A complete log of this run can be found in: /www-data-home/.npm/_logs/2026-06-12T03_52_57_257Z-debug-0.log; Error ID: 7fa33aaa"
    },
    "status": 3,
    "code": 3
  }
}
[debug] [2026-06-12T03:53:30.908Z] {
  "endpoint": {
    "id": "createPaymentIntent",
    "project": "wificontent-143da",
    "region": "us-central1",
    "entryPoint": "createPaymentIntent",
    "platform": "gcfv1",
    "runtime": "nodejs20",
    "callableTrigger": {},
    "labels": {
      "deployment-tool": "cli-firebase"
    },
    "secretEnvironmentVariables": [
      {
        "key": "STRIPE_SECRET",
        "secret": "STRIPE_SECRET",
        "projectId": "wificontent-143da",
        "version": "1"
      }
    ],
    "serviceAccount": null,
    "ingressSettings": null,
    "availableMemoryMb": null,
    "timeoutSeconds": null,
    "maxInstances": null,
    "minInstances": null,
    "vpc": null,
    "environmentVariables": {
      "FIREBASE_CONFIG": "{\"projectId\":\"wificontent-143da\",\"databaseURL\":\"https://wificontent-143da-default-rtdb.firebaseio.com\",\"storageBucket\":\"wificontent-143da.firebasestorage.app\"}",
      "GCLOUD_PROJECT": "wificontent-143da",
      "EVENTARC_CLOUD_EVENT_SOURCE": "projects/wificontent-143da/locations/us-central1/functions/createPaymentIntent"
    },
    "codebase": "default",
    "securityLevel": "SECURE_ALWAYS",
    "targetedByOnly": false,
    "hash": "16c76575d73ded68adb989e0bab01fa6f6fd5eab"
  },
  "op": "update",
  "original": {
    "name": "FirebaseError",
    "children": [],
    "exit": 1,
    "message": "Build failed: npm error code EUSAGE\nnpm error\nnpm error `npm ci` can only install packages when your package.json and package-lock.json or npm-shrinkwrap.json are in sync. Please update your lock file with `npm install` before continuing.\nnpm error\nnpm error Missing: acorn@8.17.0 from lock file\nnpm error Missing: @types/markdown-it@14.1.2 from lock file\nnpm error Missing: markdown-it@14.2.0 from lock file\nnpm error\nnpm error Clean install a project\nnpm error\nnpm error Usage:\nnpm error npm ci\nnpm error\nnpm error Options:\nnpm error [--install-strategy <hoisted|nested|shallow|linked>] [--legacy-bundling]\nnpm error [--global-style] [--omit <dev|optional|peer> [--omit <dev|optional|peer> ...]]\nnpm error [--include <prod|dev|optional|peer> [--include <prod|dev|optional|peer> ...]]\nnpm error [--strict-peer-deps] [--foreground-scripts] [--ignore-scripts] [--no-audit]\nnpm error [--no-bin-links] [--no-fund] [--dry-run]\nnpm error [-w|--workspace <workspace-name> [-w|--workspace <workspace-name> ...]]\nnpm error [-ws|--workspaces] [--include-workspace-root] [--install-links]\nnpm error\nnpm error aliases: clean-install, ic, install-clean, isntall-clean\nnpm error\nnpm error Run \"npm help ci\" for more info\nnpm error A complete log of this run can be found in: /www-data-home/.npm/_logs/2026-06-12T03_52_57_790Z-debug-0.log; Error ID: 7fa33aaa",
    "original": {
      "code": 3,
      "message": "Build failed: npm error code EUSAGE\nnpm error\nnpm error `npm ci` can only install packages when your package.json and package-lock.json or npm-shrinkwrap.json are in sync. Please update your lock file with `npm install` before continuing.\nnpm error\nnpm error Missing: acorn@8.17.0 from lock file\nnpm error Missing: @types/markdown-it@14.1.2 from lock file\nnpm error Missing: markdown-it@14.2.0 from lock file\nnpm error\nnpm error Clean install a project\nnpm error\nnpm error Usage:\nnpm error npm ci\nnpm error\nnpm error Options:\nnpm error [--install-strategy <hoisted|nested|shallow|linked>] [--legacy-bundling]\nnpm error [--global-style] [--omit <dev|optional|peer> [--omit <dev|optional|peer> ...]]\nnpm error [--include <prod|dev|optional|peer> [--include <prod|dev|optional|peer> ...]]\nnpm error [--strict-peer-deps] [--foreground-scripts] [--ignore-scripts] [--no-audit]\nnpm error [--no-bin-links] [--no-fund] [--dry-run]\nnpm error [-w|--workspace <workspace-name> [-w|--workspace <workspace-name> ...]]\nnpm error [-ws|--workspaces] [--include-workspace-root] [--install-links]\nnpm error\nnpm error aliases: clean-install, ic, install-clean, isntall-clean\nnpm error\nnpm error Run \"npm help ci\" for more info\nnpm error A complete log of this run can be found in: /www-data-home/.npm/_logs/2026-06-12T03_52_57_790Z-debug-0.log; Error ID: 7fa33aaa"
    },
    "status": 3,
    "code": 3
  }
}
[debug] [2026-06-12T03:53:30.908Z] {
  "endpoint": {
    "id": "consumeUserBadgeOnPostCreate",
    "project": "wificontent-143da",
    "region": "us-central1",
    "entryPoint": "consumeUserBadgeOnPostCreate",
    "platform": "gcfv1",
    "runtime": "nodejs20",
    "eventTrigger": {
      "eventType": "providers/google.firebase.database/eventTypes/ref.create",
      "retry": false,
      "eventFilters": {
        "resource": "projects/_/instances/wificontent-143da-default-rtdb/refs/posts/{postId}"
      }
    },
    "labels": {
      "deployment-tool": "cli-firebase"
    },
    "serviceAccount": null,
    "ingressSettings": null,
    "availableMemoryMb": null,
    "timeoutSeconds": null,
    "maxInstances": null,
    "minInstances": null,
    "vpc": null,
    "environmentVariables": {
      "FIREBASE_CONFIG": "{\"projectId\":\"wificontent-143da\",\"databaseURL\":\"https://wificontent-143da-default-rtdb.firebaseio.com\",\"storageBucket\":\"wificontent-143da.firebasestorage.app\"}",
      "GCLOUD_PROJECT": "wificontent-143da",
      "EVENTARC_CLOUD_EVENT_SOURCE": "projects/wificontent-143da/locations/us-central1/functions/consumeUserBadgeOnPostCreate"
    },
    "codebase": "default",
    "targetedByOnly": false,
    "hash": "f04f99181a37ddd0deea7a83159d393e6ce5c944"
  },
  "op": "create",
  "original": {
    "name": "FirebaseError",
    "children": [],
    "exit": 1,
    "message": "Gen1 operation for function projects/wificontent-143da/locations/us-central1/functions/consumeUserBadgeOnPostCreate failed: Build failed: npm error code EUSAGE\nnpm error\nnpm error `npm ci` can only install packages when your package.json and package-lock.json or npm-shrinkwrap.json are in sync. Please update your lock file with `npm install` before continuing.\nnpm error\nnpm error Missing: acorn@8.17.0 from lock file\nnpm error Missing: @types/markdown-it@14.1.2 from lock file\nnpm error Missing: markdown-it@14.2.0 from lock file\nnpm error\nnpm error Clean install a project\nnpm error\nnpm error Usage:\nnpm error npm ci\nnpm error\nnpm error Options:\nnpm error [--install-strategy <hoisted|nested|shallow|linked>] [--legacy-bundling]\nnpm error [--global-style] [--omit <dev|optional|peer> [--omit <dev|optional|peer> ...]]\nnpm error [--include <prod|dev|optional|peer> [--include <prod|dev|optional|peer> ...]]\nnpm error [--strict-peer-deps] [--foreground-scripts] [--ignore-scripts] [--no-audit]\nnpm error [--no-bin-links] [--no-fund] [--dry-run]\nnpm error [-w|--workspace <workspace-name> [-w|--workspace <workspace-name> ...]]\nnpm error [-ws|--workspaces] [--include-workspace-root] [--install-links]\nnpm error\nnpm error aliases: clean-install, ic, install-clean, isntall-clean\nnpm error\nnpm error Run \"npm help ci\" for more info\nnpm error A complete log of this run can be found in: /www-data-home/.npm/_logs/2026-06-12T03_53_00_274Z-debug-0.log; Error ID: 7fa33aaa.",
    "original": {
      "code": 3,
      "message": "Gen1 operation for function projects/wificontent-143da/locations/us-central1/functions/consumeUserBadgeOnPostCreate failed: Build failed: npm error code EUSAGE\nnpm error\nnpm error `npm ci` can only install packages when your package.json and package-lock.json or npm-shrinkwrap.json are in sync. Please update your lock file with `npm install` before continuing.\nnpm error\nnpm error Missing: acorn@8.17.0 from lock file\nnpm error Missing: @types/markdown-it@14.1.2 from lock file\nnpm error Missing: markdown-it@14.2.0 from lock file\nnpm error\nnpm error Clean install a project\nnpm error\nnpm error Usage:\nnpm error npm ci\nnpm error\nnpm error Options:\nnpm error [--install-strategy <hoisted|nested|shallow|linked>] [--legacy-bundling]\nnpm error [--global-style] [--omit <dev|optional|peer> [--omit <dev|optional|peer> ...]]\nnpm error [--include <prod|dev|optional|peer> [--include <prod|dev|optional|peer> ...]]\nnpm error [--strict-peer-deps] [--foreground-scripts] [--ignore-scripts] [--no-audit]\nnpm error [--no-bin-links] [--no-fund] [--dry-run]\nnpm error [-w|--workspace <workspace-name> [-w|--workspace <workspace-name> ...]]\nnpm error [-ws|--workspaces] [--include-workspace-root] [--install-links]\nnpm error\nnpm error aliases: clean-install, ic, install-clean, isntall-clean\nnpm error\nnpm error Run \"npm help ci\" for more info\nnpm error A complete log of this run can be found in: /www-data-home/.npm/_logs/2026-06-12T03_53_00_274Z-debug-0.log; Error ID: 7fa33aaa."
    },
    "status": 3,
    "code": 3
  }
}
[debug] [2026-06-12T03:53:30.908Z] {
  "endpoint": {
    "id": "postMetricsAggregator",
    "project": "wificontent-143da",
    "region": "us-central1",
    "entryPoint": "postMetricsAggregator",
    "platform": "gcfv1",
    "runtime": "nodejs20",
    "eventTrigger": {
      "eventType": "providers/google.firebase.database/eventTypes/ref.create",
      "retry": false,
      "eventFilters": {
        "resource": "projects/_/instances/wificontent-143da-default-rtdb/refs/posts/{postId}"
      }
    },
    "labels": {
      "deployment-tool": "cli-firebase"
    },
    "serviceAccount": null,
    "ingressSettings": null,
    "availableMemoryMb": null,
    "timeoutSeconds": null,
    "maxInstances": null,
    "minInstances": null,
    "vpc": null,
    "environmentVariables": {
      "FIREBASE_CONFIG": "{\"projectId\":\"wificontent-143da\",\"databaseURL\":\"https://wificontent-143da-default-rtdb.firebaseio.com\",\"storageBucket\":\"wificontent-143da.firebasestorage.app\"}",
      "GCLOUD_PROJECT": "wificontent-143da",
      "EVENTARC_CLOUD_EVENT_SOURCE": "projects/wificontent-143da/locations/us-central1/functions/postMetricsAggregator"
    },
    "codebase": "default",
    "targetedByOnly": false,
    "hash": "f04f99181a37ddd0deea7a83159d393e6ce5c944"
  },
  "op": "create",
  "original": {
    "name": "FirebaseError",
    "children": [],
    "exit": 1,
    "message": "Gen1 operation for function projects/wificontent-143da/locations/us-central1/functions/postMetricsAggregator failed: Build failed: npm error code EUSAGE\nnpm error\nnpm error `npm ci` can only install packages when your package.json and package-lock.json or npm-shrinkwrap.json are in sync. Please update your lock file with `npm install` before continuing.\nnpm error\nnpm error Missing: acorn@8.17.0 from lock file\nnpm error Missing: @types/markdown-it@14.1.2 from lock file\nnpm error Missing: markdown-it@14.2.0 from lock file\nnpm error\nnpm error Clean install a project\nnpm error\nnpm error Usage:\nnpm error npm ci\nnpm error\nnpm error Options:\nnpm error [--install-strategy <hoisted|nested|shallow|linked>] [--legacy-bundling]\nnpm error [--global-style] [--omit <dev|optional|peer> [--omit <dev|optional|peer> ...]]\nnpm error [--include <prod|dev|optional|peer> [--include <prod|dev|optional|peer> ...]]\nnpm error [--strict-peer-deps] [--foreground-scripts] [--ignore-scripts] [--no-audit]\nnpm error [--no-bin-links] [--no-fund] [--dry-run]\nnpm error [-w|--workspace <workspace-name> [-w|--workspace <workspace-name> ...]]\nnpm error [-ws|--workspaces] [--include-workspace-root] [--install-links]\nnpm error\nnpm error aliases: clean-install, ic, install-clean, isntall-clean\nnpm error\nnpm error Run \"npm help ci\" for more info\nnpm error A complete log of this run can be found in: /www-data-home/.npm/_logs/2026-06-12T03_52_58_806Z-debug-0.log; Error ID: 7fa33aaa.",
    "original": {
      "code": 3,
      "message": "Gen1 operation for function projects/wificontent-143da/locations/us-central1/functions/postMetricsAggregator failed: Build failed: npm error code EUSAGE\nnpm error\nnpm error `npm ci` can only install packages when your package.json and package-lock.json or npm-shrinkwrap.json are in sync. Please update your lock file with `npm install` before continuing.\nnpm error\nnpm error Missing: acorn@8.17.0 from lock file\nnpm error Missing: @types/markdown-it@14.1.2 from lock file\nnpm error Missing: markdown-it@14.2.0 from lock file\nnpm error\nnpm error Clean install a project\nnpm error\nnpm error Usage:\nnpm error npm ci\nnpm error\nnpm error Options:\nnpm error [--install-strategy <hoisted|nested|shallow|linked>] [--legacy-bundling]\nnpm error [--global-style] [--omit <dev|optional|peer> [--omit <dev|optional|peer> ...]]\nnpm error [--include <prod|dev|optional|peer> [--include <prod|dev|optional|peer> ...]]\nnpm error [--strict-peer-deps] [--foreground-scripts] [--ignore-scripts] [--no-audit]\nnpm error [--no-bin-links] [--no-fund] [--dry-run]\nnpm error [-w|--workspace <workspace-name> [-w|--workspace <workspace-name> ...]]\nnpm error [-ws|--workspaces] [--include-workspace-root] [--install-links]\nnpm error\nnpm error aliases: clean-install, ic, install-clean, isntall-clean\nnpm error\nnpm error Run \"npm help ci\" for more info\nnpm error A complete log of this run can be found in: /www-data-home/.npm/_logs/2026-06-12T03_52_58_806Z-debug-0.log; Error ID: 7fa33aaa."
    },
    "status": 3,
    "code": 3
  }
}
[debug] [2026-06-12T03:53:30.908Z] {
  "endpoint": {
    "id": "cleanBadgesOnContentRemoval",
    "project": "wificontent-143da",
    "region": "us-central1",
    "entryPoint": "cleanBadgesOnContentRemoval",
    "platform": "gcfv1",
    "runtime": "nodejs20",
    "eventTrigger": {
      "eventType": "providers/google.firebase.database/eventTypes/ref.write",
      "retry": false,
      "eventFilters": {
        "resource": "projects/_/instances/wificontent-143da-default-rtdb/refs/posts/{postId}/content"
      }
    },
    "labels": {
      "deployment-tool": "cli-firebase"
    },
    "serviceAccount": null,
    "ingressSettings": null,
    "availableMemoryMb": null,
    "timeoutSeconds": null,
    "maxInstances": null,
    "minInstances": null,
    "vpc": null,
    "environmentVariables": {
      "FIREBASE_CONFIG": "{\"projectId\":\"wificontent-143da\",\"databaseURL\":\"https://wificontent-143da-default-rtdb.firebaseio.com\",\"storageBucket\":\"wificontent-143da.firebasestorage.app\"}",
      "GCLOUD_PROJECT": "wificontent-143da",
      "EVENTARC_CLOUD_EVENT_SOURCE": "projects/wificontent-143da/locations/us-central1/functions/cleanBadgesOnContentRemoval"
    },
    "codebase": "default",
    "targetedByOnly": false,
    "hash": "f04f99181a37ddd0deea7a83159d393e6ce5c944"
  },
  "op": "create",
  "original": {
    "name": "FirebaseError",
    "children": [],
    "exit": 1,
    "message": "Gen1 operation for function projects/wificontent-143da/locations/us-central1/functions/cleanBadgesOnContentRemoval failed: Build failed: npm error code EUSAGE\nnpm error\nnpm error `npm ci` can only install packages when your package.json and package-lock.json or npm-shrinkwrap.json are in sync. Please update your lock file with `npm install` before continuing.\nnpm error\nnpm error Missing: acorn@8.17.0 from lock file\nnpm error Missing: @types/markdown-it@14.1.2 from lock file\nnpm error Missing: markdown-it@14.2.0 from lock file\nnpm error\nnpm error Clean install a project\nnpm error\nnpm error Usage:\nnpm error npm ci\nnpm error\nnpm error Options:\nnpm error [--install-strategy <hoisted|nested|shallow|linked>] [--legacy-bundling]\nnpm error [--global-style] [--omit <dev|optional|peer> [--omit <dev|optional|peer> ...]]\nnpm error [--include <prod|dev|optional|peer> [--include <prod|dev|optional|peer> ...]]\nnpm error [--strict-peer-deps] [--foreground-scripts] [--ignore-scripts] [--no-audit]\nnpm error [--no-bin-links] [--no-fund] [--dry-run]\nnpm error [-w|--workspace <workspace-name> [-w|--workspace <workspace-name> ...]]\nnpm error [-ws|--workspaces] [--include-workspace-root] [--install-links]\nnpm error\nnpm error aliases: clean-install, ic, install-clean, isntall-clean\nnpm error\nnpm error Run \"npm help ci\" for more info\nnpm error A complete log of this run can be found in: /www-data-home/.npm/_logs/2026-06-12T03_53_00_629Z-debug-0.log; Error ID: 7fa33aaa.",
    "original": {
      "code": 3,
      "message": "Gen1 operation for function projects/wificontent-143da/locations/us-central1/functions/cleanBadgesOnContentRemoval failed: Build failed: npm error code EUSAGE\nnpm error\nnpm error `npm ci` can only install packages when your package.json and package-lock.json or npm-shrinkwrap.json are in sync. Please update your lock file with `npm install` before continuing.\nnpm error\nnpm error Missing: acorn@8.17.0 from lock file\nnpm error Missing: @types/markdown-it@14.1.2 from lock file\nnpm error Missing: markdown-it@14.2.0 from lock file\nnpm error\nnpm error Clean install a project\nnpm error\nnpm error Usage:\nnpm error npm ci\nnpm error\nnpm error Options:\nnpm error [--install-strategy <hoisted|nested|shallow|linked>] [--legacy-bundling]\nnpm error [--global-style] [--omit <dev|optional|peer> [--omit <dev|optional|peer> ...]]\nnpm error [--include <prod|dev|optional|peer> [--include <prod|dev|optional|peer> ...]]\nnpm error [--strict-peer-deps] [--foreground-scripts] [--ignore-scripts] [--no-audit]\nnpm error [--no-bin-links] [--no-fund] [--dry-run]\nnpm error [-w|--workspace <workspace-name> [-w|--workspace <workspace-name> ...]]\nnpm error [-ws|--workspaces] [--include-workspace-root] [--install-links]\nnpm error\nnpm error aliases: clean-install, ic, install-clean, isntall-clean\nnpm error\nnpm error Run \"npm help ci\" for more info\nnpm error A complete log of this run can be found in: /www-data-home/.npm/_logs/2026-06-12T03_53_00_629Z-debug-0.log; Error ID: 7fa33aaa."
    },
    "status": 3,
    "code": 3
  }
}
[error] Error: There was an error deploying functions:
[error] - Error Failed to update function moderateMedia in region us-central1
[error] - Error Failed to create function enforceUserPostLimit in region us-central1
[error] - Error Failed to update function getCheckoutSessionResult in region us-central1
[error] - Error Failed to update function createCheckoutSession in region us-central1
[error] - Error Failed to update function handleStripeWebhook in region us-central1
[error] - Error Failed to update function createCheckoutSessionCallable in region us-central1
[error] - Error Failed to update function api in region us-central1
[error] - Error Failed to update function createPaymentIntent in region us-central1
[error] - Error Failed to create function consumeUserBadgeOnPostCreate in region us-central1
[error] - Error Failed to create function postMetricsAggregator in region us-central1
[error] - Error Failed to create function cleanBadgesOnContentRemoval in region us-central1
